VDID,SubAuthorityCode,BiDirectional,VDType,LocationType,DetectionType,PositionLon,PositionLat,RoadID,RoadName,RoadClass,LocationMile,RoadSection_Start,RoadSection_End,Link_LinkID,Link_Bearing,Link_RoadDirection,Link_LaneNum,Link_ActualLaneNum
VD-N1-S-0.000-M-RS,NFB-NR,0,1,5,1,121.7357825,25.123084,000010,國道1號,0,0K+000,基隆端,基隆交流道,0000101001030C,SW,S,2,2
VD-N1-S-0.700-M-LOOP,NFB-NR,0,1,5,1,121.7305891,25.1177526,000010,國道1號,0,0K+700,基隆端,基隆交流道,0000100000040C,SW,S,2,2
VD-N1-S-0.990-N-LOOP,NFB-NR,0,1,5,1,121.7287269,25.1157288,000010,國道1號,0,0K+990,基隆端,基隆交流道,0000100000080C,SW,S,2,2
VD-N1-S-1-I-WS-1B-基隆-匝道,NFB-NR,0,1,5,2,121.7270831,25.1152446,000010,國道1號,0,1K+100,基隆交流道,八堵交流道,0000101002020C,S,S,1,1
VD-N1-S-1-I-ES-1A-基隆-環道,NFB-NR,0,1,5,2,121.7274309,25.1157328,000010,國道1號,0,1K+100,基隆交流道,八堵交流道,0000101002010C,E,S,1,1
VD-N1-S-1-O-NW-1-基隆,NFB-NR,0,1,5,2,121.7289982,25.1164026,000010,國道1號,0,1K+100,基隆交流道,八堵交流道,0000101002000C,SW,S,1,1
VD-N1-S-1.740-M-LOOP,NFB-NR,0,1,5,1,121.7258665,25.1094273,000010,國道1號,0,1K+740,基隆交流道,八堵交流道,0000100000130C,S,S,2,2
VD-N1-S-1.950-M-RS,NFB-NR,0,2,1,1,121.7252769,25.1079742,000010,國道1號,0,1K+950,基隆交流道,八堵交流道,0000100000130C,S,S,2,2
VD-N1-S-2.450-N-LOOP,NFB-NR,0,1,5,1,121.7225669,25.1041679,000010,國道1號,0,2K+450,基隆交流道,八堵交流道,0000101003020C,W,S,2,2
VD-N1-S-2-I-ES-1-水源路-八堵,NFB-NR,0,1,5,2,121.7282979,25.1046699,000010,國道1號,0,2K+600,八堵交流道,大華系統交流道,0000101103000C,E,S,1,1
VD-N1-S-3.900-M-RS,NFB-NR,0,2,1,1,121.7088111,25.100178,000010,國道1號,0,3K+900,八堵交流道,大華系統交流道,0000100000300C,SW,S,3,3
VD-N1-S-4.830-M-LOOP,NFB-NR,0,1,5,1,121.7006727,25.0975717,000010,國道1號,0,4K+830,八堵交流道,大華系統交流道,0000100000400C,W,S,3,3
VD-N1-S-5-I-ES-大華系統-T62W1S,NFB-NR,0,1,5,2,121.7039614,25.098241,000010,國道1號,0,5K+000,大華系統交流道,五堵交流道,0000101004010C,W,S,1,1
VD-N1-S-5-I-WS-大華系統-T62E1S,NFB-NR,0,1,5,2,121.6995233,25.0986416,000010,國道1號,0,5K+000,大華系統交流道,五堵交流道,0000101004000C,S,S,1,1
VD-N1-S-5.140-N-LOOP,NFB-NR,0,1,5,1,121.6980154,25.0962388,000010,國道1號,0,5K+140,大華系統交流道,五堵交流道,0000100000500C,SW,S,3,3
VD-N1-S-5.490-M-RS,NFB-NR,0,2,1,1,121.6966625,25.0933591,000010,國道1號,0,5K+490,大華系統交流道,五堵交流道,0000100000550C,SW,S,4,4
VD-N1-S-6.300-M-LOOP,NFB-NR,0,1,5,1,121.6922613,25.087869,000010,國道1號,0,6K+300,大華系統交流道,五堵交流道,0000100000600C,W,S,4,4
VD-N1-S-6.600-N-LOOP,NFB-NR,0,1,5,1,121.6892905,25.0872441,000010,國道1號,0,6K+600,大華系統交流道,五堵交流道,0000100000650C,W,S,3,3
VD-N1-S-6-I-ES-21-五堵,NFB-NR,0,1,5,2,121.6874586,25.0875694,000010,國道1號,0,6K+800,五堵交流道,汐止交流道,0000101005040C,NE,S,1,1
VD-N1-S-6-O-NW-1-五堵出口,NFB-NR,0,1,5,2,121.6895684,25.0874948,000010,國道1號,0,6K+800,五堵交流道,汐止交流道,0000101005000C,W,S,1,1
VD-N1-S-6-I-ES-1-五堵,NFB-NR,0,1,5,2,121.6879013,25.0879287,000010,國道1號,0,6K+800,五堵交流道,汐止交流道,0000101005040C,NE,S,2,2
VD-N1-S-7.580-M-RS,NFB-NR,0,2,1,1,121.6805354,25.0859129,000010,國道1號,0,7K+580,五堵交流道,汐止交流道,0000100000740F,W,S,3,3
VD-N1-S-8.260-M-LOOP,NFB-NR,0,1,5,1,121.6732971,25.0844811,000010,國道1號,0,8K+260,五堵交流道,汐止交流道,0000100000800C,SW,S,3,3
VD-N1-S-8.940-M-LOOP,NFB-NR,0,1,5,1,121.6675707,25.0811859,000010,國道1號,0,8K+940,五堵交流道,汐止交流道,0000100000840F,SW,S,3,3
VD-N1-S-9.130-M-汐止地磅站,NFB-NR,0,1,5,2,121.6659404,25.080222,000010,國道1號,0,9K+350,五堵交流道,汐止交流道,0000100000900F,SW,S,1,1
VD-N1-S-9.630-M-LOOP,NFB-NR,0,1,5,1,121.6621281,25.0777723,000010,國道1號,0,9K+630,五堵交流道,汐止交流道,0000100000900F,SW,S,4,4
VD-N1-S-10.260-N-RS,NFB-NR,0,2,1,1,121.6562566,25.0749582,000010,國道1號,0,10K+260,五堵交流道,汐止交流道,0000101007000F,W,S,2,2
VD-N1-S-9-B-汐止收費站,NFB-NR,0,1,5,2,121.6632217,25.0785723,000010,國道1號,0,10K+500,汐止交流道,汐止系統交流道,0000100000900F,SW,S,1,1
VD-N1-S-10-I-ES-1-汐止,NFB-NR,0,1,5,2,121.6557718,25.0751219,000010,國道1號,0,10K+500,汐止交流道,汐止系統交流道,0000101006040F,NE,S,1,1
VD-N1-S-10-O-NE-1-汐止,NFB-NR,0,1,5,2,121.6561262,25.0753391,000010,國道1號,0,10K+500,汐止交流道,汐止系統交流道,0000101006010F,SW,S,1,1
VD-N1-N-11-I-WN-汐止系統-3S1N,NFB-NR,0,1,5,2,121.6449813,25.0713379,000010,國道1號,0,10K+900,汐止交流道,汐止系統交流道,0000101107050F,S,S,1,1
VD-N1-S-11.090-N-LOOP,NFB-NR,0,1,5,1,121.6493754,25.0734325,000010,國道1號,0,11K+090,汐止交流道,汐止系統交流道,0000101007030F,W,S,2,2
VD-N1-S-11-C-S-1-汐止系統,NFB-NR,0,1,5,2,121.6506503,25.0737448,000010,國道1號,0,11K+500,汐止系統交流道,高架汐止端,0000101007020F,W,S,1,1
VD-N1-S-11-I-WS-22-汐止系統-3S1S,NFB-NR,0,1,5,2,121.6448557,25.0741346,000010,國道1號,0,11K+500,汐止系統交流道,高架汐止端,0000101007100F,SW,S,2,2
VD-N1-S-11-I-ES-汐止系統-3N1S,NFB-NR,0,1,5,2,121.6461387,25.0736458,000010,國道1號,0,11K+500,汐止系統交流道,高架汐止端,0000101007070F,NE,S,1,1
VD-N1-S-11-I-WS-21-汐止系統-康寧街,NFB-NR,0,1,5,2,121.6439783,25.0735701,000010,國道1號,0,11K+500,汐止系統交流道,高架汐止端,0000101007100F,SW,S,1,1
VD-N1-S-11.700-N-LOOP,NFB-NR,0,1,5,1,121.6428271,25.0723736,000010,國道1號,0,11K+700,汐止系統交流道,高架汐止端,0000100001160F,W,S,3,3
VD-N1-S-12.350-M-RS,NFB-NR,0,2,1,1,121.6368794,25.0700956,000010,國道1號,0,12K+350,汐止系統交流道,高架汐止端,0000100001200F,SW,S,5,5
VD-N1-S-12.500-M-LOOP,NFB-NR,0,1,5,1,121.6356294,25.0691403,000010,國道1號,0,12K+500,汐止系統交流道,高架汐止端,0000100001200F,SW,S,5,5
VD-N1-S-13.480-M-LOOP,NFB-NR,0,1,5,1,121.6266974,25.0668573,000010,國道1號,0,13K+480,汐止系統交流道,高架汐止端,0000100001300F,W,S,3,3
VD-N1-S-15.170-N-LOOP,NFB-NR,0,1,5,1,121.6098043,25.065211,000010,國道1號,0,15K+170,高架汐止端,東湖交流道,0000100001500A,W,S,3,3
VD-N1-S-15-I-WS-1-東湖,NFB-NR,0,1,5,2,121.6100403,25.0655192,000010,國道1號,0,15K+200,東湖交流道,內湖交流道,0000101009000A,W,S,1,1
VD-N1-S-15.620-M-RS,NFB-NR,0,2,1,1,121.6058636,25.064703,000010,國道1號,0,15K+830,東湖交流道,內湖交流道,0000100001530A,W,S,4,4
VD-N1-S-16.300-M-LOOP,NFB-NR,0,1,5,1,121.5987696,25.0638381,000010,國道1號,0,16K+300,東湖交流道,內湖交流道,0000100001620A,W,S,3,3
VD-N1-S-16-I-WS-1-內湖-成功路,NFB-NR,0,1,5,2,121.5898404,25.0654456,000010,國道1號,0,16K+800,內湖交流道,圓山交流道,0000101010070A,W,S,2,2
VD-N1-S-16-O-NE-1A-內湖-環東大道,NFB-NR,0,1,5,2,121.5979623,25.0640898,000010,國道1號,0,16K+800,內湖交流道,圓山交流道,0000101010000A,W,S,1,1
VD-N1-S-16-O-NW-1B-內湖-成功路,NFB-NR,0,1,5,2,121.5927682,25.0644905,000010,國道1號,0,16K+800,內湖交流道,圓山交流道,0000101010060A,W,S,2,2
VD-N1-S-17.340-N-LOOP,NFB-NR,0,1,5,1,121.5885469,25.0656323,000010,國道1號,0,17K+340,內湖交流道,圓山交流道,0000101010070A,W,S,2,2
VD-N1-S-18.710-M-LOOP,NFB-NR,0,1,5,1,121.5760272,25.0702284,000010,國道1號,0,18K+710,內湖交流道,圓山交流道,0000100001800A,W,S,3,3
VD-N1-S-20.000-M-RS,NFB-NR,0,2,1,1,121.5634206,25.0711396,000010,國道1號,0,20K+000,內湖交流道,圓山交流道,0000100001900A,W,S,3,3
VD-N1-S-21.390-M-LOOP,NFB-NR,0,1,5,1,121.549963,25.073169,000010,國道1號,0,21K+390,內湖交流道,圓山交流道,0000100002100A,W,S,3,3
VD-N1-S-22.700-M-LOOP,NFB-NR,0,1,5,1,121.5368815,25.073049,000010,國道1號,0,22K+700,內湖交流道,圓山交流道,0000100002200A,W,S,3,3
VD-N1-S-23-I-ES-22-圓山-建國高架,NFB-NR,0,1,5,2,121.5334229,25.0715569,000010,國道1號,0,23K+200,圓山交流道,台北交流道,0000101011020A,N,S,2,2
VD-N1-S-23-I-WS-32-圓山,NFB-NR,0,1,5,2,121.5344319,25.0731066,000010,國道1號,0,23K+200,圓山交流道,台北交流道,0000101011010A,W,S,1,1
VD-N1-S-23-O-NE-1-圓山,NFB-NR,0,1,5,2,121.531747,25.0737969,000010,國道1號,0,23K+200,圓山交流道,台北交流道,0000101011000A,S,S,1,1
VD-N1-S-23-I-WS-31-圓山,NFB-NR,0,1,5,2,121.5344212,25.0731078,000010,國道1號,0,23K+200,圓山交流道,台北交流道,0000101011010A,W,S,1,1
VD-N1-S-23.280-N-LOOP,NFB-NR,0,1,5,1,121.5312696,25.0729985,000010,國道1號,0,23K+280,圓山交流道,台北交流道,0000100002320A,W,S,2,2
VD-N1-S-23.900-M-LOOP,NFB-NR,0,1,5,1,121.5256544,25.0751632,000010,國道1號,0,23K+900,圓山交流道,台北交流道,0000100002370A,W,S,4,4
VD-N1-S-24.400-M-RS,NFB-NR,0,2,1,1,121.5209234,25.076732,000010,國道1號,0,24K+400,圓山交流道,台北交流道,0000100002400A,W,S,4,4
VD-N1-S-25-I-WS-21-台北,NFB-NR,0,1,5,2,121.5132949,25.0797126,000010,國道1號,0,25K+100,台北交流道,三重交流道,0000101012020A,SW,S,1,1
VD-N1-S-25-O-NW-1A-台北,NFB-NR,0,1,5,2,121.514833,25.0781487,000010,國道1號,0,25K+100,台北交流道,三重交流道,0000101012000A,NW,S,2,2
VD-N1-S-25-O-NE-1B-台北,NFB-NR,0,1,5,2,121.5129433,25.0783935,000010,國道1號,0,25K+100,台北交流道,三重交流道,0000101012010A,NW,S,1,1
VD-N1-S-25-I-ES-22-台北,NFB-NR,0,1,5,2,121.5151406,25.0769509,000010,國道1號,0,25K+100,台北交流道,三重交流道,0000101012030A,NW,S,2,2
VD-N1-S-25.440-N-LOOP,NFB-NR,0,1,5,1,121.5108719,25.0782129,000010,國道1號,0,25K+440,台北交流道,三重交流道,0000100002510A,W,S,3,3
VD-N1-S-25.850-M-LOOP,NFB-NR,0,1,5,1,121.5066037,25.0781389,000010,國道1號,0,25K+850,台北交流道,三重交流道,0000100002560A,W,S,4,4
VD-N1-S-26.350-M-RS,NFB-NR,0,2,1,1,121.5017877,25.0775399,000010,國道1號,0,26K+350,台北交流道,三重交流道,0000100002610F,W,S,4,4
VD-N1-S-26.750-N-LOOP,NFB-NR,0,1,5,1,121.497913,25.0766934,000010,國道1號,0,26K+750,台北交流道,三重交流道,0000100002660F,W,S,4,4
VD-N1-S-27-I-ES-1-三重,NFB-NR,0,1,5,2,121.4944203,25.0754917,000010,國道1號,0,27K+100,三重交流道,五股轉接道,0000101013030F,NE,S,1,1
VD-N1-S-27-O-NW-1-三重,NFB-NR,0,1,5,2,121.4969706,25.0769433,000010,國道1號,0,27K+100,三重交流道,五股轉接道,0000101013000F,W,S,2,2
VD-N1-S-27-O-NE-22-三重,NFB-NR,0,1,5,2,121.4943143,25.075241,000010,國道1號,0,27K+100,三重交流道,五股轉接道,0000101013020F,SW,S,2,2
VD-N1-S-28.840-M-RS,NFB-NR,0,2,1,1,121.4778733,25.0737083,000010,國道1號,0,28K+840,三重交流道,五股轉接道,0000100002800F,W,S,4,4
VD-N1-S-30.540-M-LOOP,NFB-NR,0,1,5,1,121.461189,25.0754568,000010,國道1號,0,30K+540,三重交流道,五股轉接道,0000100003000F,W,S,4,4
VD-N1-S-31.400-M-LOOP,NFB-NR,0,1,5,1,121.4530792,25.0731124,000010,國道1號,0,31K+400,三重交流道,五股轉接道,0000100003100F,W,S,4,4
VD-N1-S-32.080-N-LOOP,NFB-NR,0,1,5,1,121.4467738,25.0712007,000010,國道1號,0,32K+080,三重交流道,五股轉接道,0000100003200F,W,S,3,3
VD-N1H-S-32.700-M-LOOP-五股轉接道,NFB-NR,0,1,5,1,121.4407564,25.0695407,00001A,國道1號,0,32K+700,五股轉接道,五股交流道,00001A1005020F,W,S,2,2
VD-N1-S-33-O-NW-32-五股-自強路,NFB-NR,0,1,5,2,121.4385572,25.0705503,000010,國道1號,0,33K+100,五股交流道,高公局交流道,0000101015070F,W,S,1,1
VD-N1-S-33-I-WS-21-五股,NFB-NR,0,1,5,2,121.436468,25.069974,000010,國道1號,0,33K+100,五股交流道,高公局交流道,0000101015110F,SW,S,1,1
VD-N1-S-33-I-ES-22-五股,NFB-NR,0,1,5,2,121.4390835,25.0700083,000010,國道1號,0,33K+100,五股交流道,高公局交流道,0000101015140F,SW,S,1,1
VD-N1-S-33-I-WS-1-五股,NFB-NR,0,1,5,2,121.4349617,25.0687017,000010,國道1號,0,33K+100,五股交流道,高公局交流道,0000101015150F,W,S,2,2
VD-N1-S-33-O-NW-2-五股,NFB-NR,0,1,5,2,121.4400027,25.0697695,000010,國道1號,0,33K+100,五股交流道,高公局交流道,0000101015040F,NW,S,2,2
VD-N1-S-33-O-NE-31-五股-台65,NFB-NR,0,1,5,2,121.4386238,25.070649,000010,國道1號,0,33K+100,五股交流道,高公局交流道,0000101015030F,NW,S,2,2
VD-N1-S-33-I-ES-34-五股,NFB-NR,0,1,5,2,121.4378796,25.070523,000010,國道1號,0,33K+100,五股交流道,高公局交流道,0000101015130F,E,S,1,1
VD-N1-S-33.350-M-LOOP,NFB-NR,0,1,5,1,121.4346059,25.0685161,000010,國道1號,0,33K+350,五股交流道,高公局交流道,0000100003300F,W,S,4,4
VD-N1-S-34.000-M-RS,NFB-NR,0,2,1,1,121.4281002,25.0681829,000010,國道1號,0,34K+000,五股交流道,高公局交流道,0000100003400F,SW,S,6,6
VD-N1-S-34-O-NW-B-高公局,NFB-NR,0,1,5,2,121.424964,25.0675926,000010,國道1號,0,34K+300,高公局交流道,泰山轉接道,0000100003400F,SW,S,1,1
VD-N1-S-34-I-WS-B-高公局,NFB-NR,0,1,5,2,121.4230914,25.0665893,626718,國道1號,0,34K+300,高公局交流道,泰山轉接道,6267180500000F,SW,S,1,1
VD-N1-S-34.500-N-LOOP,NFB-NR,0,1,5,1,121.4232447,25.0664387,000010,國道1號,0,34K+500,高公局交流道,泰山轉接道,0000100003400F,SW,S,5,5
VD-N1-S-35-B-泰山收費站,NFB-NR,0,1,5,1,121.4117586,25.0597154,000010,國道1號,0,35K+000,高公局交流道,泰山轉接道,0000100003528F,SW,S,2,2
VD-N1-S-36.690-M-LOOP,NFB-NR,0,1,5,1,121.405072,25.055668,000010,國道1號,0,36K+690,泰山轉接道,林口交流道,0000100003630F,W,S,5,5
VD-N1-S-37.760-M-RS,NFB-NR,0,2,1,1,121.3966244,25.0596125,000010,國道1號,0,37K+760,泰山轉接道,林口交流道,0000100003700F,NW,S,5,5
VD-N1-S-39.260-M-LOOP,NFB-NR,0,1,5,1,121.3839876,25.064704,000010,國道1號,0,39K+260,泰山轉接道,林口交流道,0000100003900F,W,S,5,5
VD-N1-S-40.000-M-LOOP,NFB-NR,0,1,5,1,121.3768381,25.0661015,000010,國道1號,0,40K+000,泰山轉接道,林口交流道,0000100004000F,W,S,5,5
VD-N1-S-40.700-N-LOOP,NFB-NR,0,1,5,1,121.3699741,25.0654752,000010,國道1號,0,40K+700,泰山轉接道,林口交流道,0000100004040F,W,S,5,5
VD-N1-S-41-I-WS-1A-林口-文化一路,NFB-NR,0,1,5,2,121.3658274,25.0654888,000010,國道1號,0,41K+500,林口交流道,桃園交流道,0000101017040F,W,S,1,1
VD-N1-S-41-O-NW-1B-林口-文化北路,NFB-NR,0,1,5,2,121.3590607,25.065283,000010,國道1號,0,41K+500,林口交流道,桃園交流道,0000101017060F,W,S,2,2
VD-N1-S-41-O-NW-1A-林口-文化一路,NFB-NR,0,1,5,2,121.372134,25.0659126,000010,國道1號,0,41K+500,林口交流道,桃園交流道,0000101017000F,W,S,2,2
VD-N1-S-41-C-S-1B-林口-集散道,NFB-NR,0,1,5,2,121.3630657,25.0651887,000010,國道1號,0,41K+500,林口交流道,桃園交流道,0000101017050F,W,S,2,2
VD-N1-S-41-I-WS-1B-林口-文化北路,NFB-NR,0,1,5,2,121.3549157,25.065843,000010,國道1號,0,41K+500,林口交流道,桃園交流道,0000101017080H,W,S,2,2
VD-N1-S-41.770-N-LOOP,NFB-NR,0,1,5,1,121.3593966,25.0649688,000010,國道1號,0,41K+770,林口交流道,桃園交流道,0000100004110F,W,S,4,4
VD-N1-S-42.500-N-LOOP,NFB-NR,0,1,5,1,121.3523884,25.0654956,000010,國道1號,0,42K+500,林口交流道,桃園交流道,0000100004230H,W,S,4,4
VD-N1-S-44.250-M-RS,NFB-NR,0,2,1,1,121.3355257,25.0624735,000010,國道1號,0,44K+250,林口交流道,桃園交流道,0000100004400H,SW,S,4,4
VD-N1-S-45.250-M-LOOP,NFB-NR,0,1,5,1,121.3286594,25.0565623,000010,國道1號,0,45K+250,林口交流道,桃園交流道,0000100004500H,SW,S,4,4
VD-N1-S-46.260-M-LOOP,NFB-NR,0,1,5,1,121.3220698,25.0491646,000010,國道1號,0,46K+260,林口交流道,桃園交流道,0000100004600H,SW,S,4,4
VD-N1-S-47.520-M-LOOP,NFB-NR,0,1,5,1,121.3108837,25.0445601,000010,國道1號,0,47K+520,林口交流道,桃園交流道,0000100004700H,SW,S,5,5
VD-N1-S-48.880-N-LOOP,NFB-NR,0,1,5,1,121.2993154,25.0388698,000010,國道1號,0,48K+880,林口交流道,桃園交流道,0000100004800H,SW,S,4,4
VD-N1-S-49-I-ES-22A-桃園-環道,NFB-NR,0,1,5,2,121.2974475,25.0391248,000010,國道1號,0,49K+100,桃園交流道,機場系統交流道,0000101018050H,NE,S,1,1
VD-N1-S-49-O-NW-1-桃園,NFB-NR,0,1,5,2,121.3022458,25.0406522,000010,國道1號,0,49K+100,桃園交流道,機場系統交流道,0000101018000H,SW,S,2,2
VD-N1-S-49-O-NW-31-桃園-南崁,NFB-NR,0,1,5,2,121.2972097,25.0394468,000010,國道1號,0,49K+100,桃園交流道,機場系統交流道,0000101018030H,NW,S,1,1
VD-N1-S-49-C-S-1-桃園集散道,NFB-NR,0,1,5,2,121.298964,25.0388702,000010,國道1號,0,49K+100,桃園交流道,機場系統交流道,0000101018020H,SW,S,1,1
VD-N1-S-49-O-NW-22B-桃園-中正北路,NFB-NR,0,1,5,2,121.2889769,25.0332708,000010,國道1號,0,49K+100,桃園交流道,機場系統交流道,0000101018086H,W,S,1,1
VD-N1-S-49-O-NW-22-桃園-蘆竹,NFB-NR,0,1,5,2,121.2919798,25.0346843,000010,國道1號,0,49K+100,桃園交流道,機場系統交流道,0000101018083H,SW,S,1,1
VD-N1-S-49-I-WS-21A-桃園-匝道,NFB-NR,0,1,5,2,121.2966498,25.0380533,000010,國道1號,0,49K+100,桃園交流道,機場系統交流道,0000101018070H,S,S,1,1
VD-N1-S-49-I-ES-21B-桃園-蘆興南路,NFB-NR,0,1,5,2,121.2879111,25.0318508,000010,國道1號,0,49K+100,桃園交流道,機場系統交流道,0000101018130H,SW,S,1,1
VD-N1-S-49-I-WS-22B-桃園-蘆興南路,NFB-NR,0,1,5,2,121.2880177,25.0317619,000010,國道1號,0,49K+100,桃園交流道,機場系統交流道,0000101018120H,S,S,1,1
VD-N1-S-49-O-NE-21B-桃園-蘆興南路,NFB-NR,0,1,5,2,121.2893344,25.032713,000010,國道1號,0,49K+100,桃園交流道,機場系統交流道,0000100004990H,SW,S,2,2
VD-N1-S-50.400-N-LOOP,NFB-NR,0,1,5,1,121.28739,25.0308612,000010,國道1號,0,50K+400,桃園交流道,機場系統交流道,0000100005000H,SW,S,5,5
VD-N1-S-51.300-M-RS,NFB-NR,0,2,1,1,121.2800524,25.0246199,000010,國道1號,0,51K+300,桃園交流道,機場系統交流道,0000100005100H,SW,S,5,5
VD-N1-S-51.300-M-LOOP,NFB-NR,0,1,5,1,121.2800699,25.0246367,000010,國道1號,0,51K+300,桃園交流道,機場系統交流道,0000100005100H,SW,S,5,5
VD-N1-S-52-I-WS-機場系統-2E1S,NFB-NR,0,1,5,2,121.2707531,25.0191955,000010,國道1號,0,52K+500,機場系統交流道,中壢服務區,0000101019090H,S,S,1,1
VD-N1-S-52-I-ES-機場系統-2W1S,NFB-NR,0,1,5,2,121.2762976,25.016537,000010,國道1號,0,52K+500,機場系統交流道,中壢服務區,0000101019100H,W,S,1,1
VD-N1-S-52.830-N-LOOP,NFB-NR,0,1,5,1,121.2692005,25.0155645,000010,國道1號,0,52K+830,機場系統交流道,中壢服務區,0000100005200H,SW,S,3,3
VD-N1-S-54.010-M-RS,NFB-NR,0,2,1,1,121.2605551,25.0088155,000010,國道1號,0,54K+010,機場系統交流道,中壢服務區,0000100005310H,SW,S,4,4
VD-N1-S-54.410-M-LOOP,NFB-NR,0,1,5,1,121.2575175,25.0064457,000010,國道1號,0,54K+410,機場系統交流道,中壢服務區,0000100005400H,SW,S,4,4
VD-N1-S-55.000-N-LOOP,NFB-NR,0,1,5,1,121.2529854,25.002938,000010,國道1號,0,55K+000,機場系統交流道,中壢服務區,0000100005480H,SW,S,3,3
VD-N1-S-55-O-NW-1-中壢服務區,NFB-NR,0,1,5,2,121.2531864,25.0034164,000010,國道1號,0,55K+100,中壢服務區,內壢交流道,0000101080000H,SW,S,1,1
VD-N1-S-55-I-WS-中壢服務區,NFB-NR,0,1,5,2,121.25125,25.0025585,000010,國道1號,0,55K+100,中壢服務區,內壢交流道,0000101080010H,SW,S,1,1
VD-N1-T-55-R-中壢服務區便道入口,NFB-NR,0,1,5,2,121.2529339,25.0040398,000010,國道1號,0,55K+500,中壢服務區,內壢交流道,0000101080000H,SW,S,1,1
VD-N1-T-55-R-中壢服務區便道出口,NFB-NR,0,1,5,2,121.2530244,25.0038423,000010,國道1號,0,55K+500,中壢服務區,內壢交流道,0000101080000H,SW,S,1,1
VD-N1-S-55.790-M-RS,NFB-NR,0,1,5,1,121.2471596,24.9982063,000010,國道1號,0,55K+790,中壢服務區,內壢交流道,0000100005550H,SW,S,4,4
VD-N1-S-56.200-M-LOOP,NFB-NR,0,1,5,1,121.2443033,24.9954337,000010,國道1號,0,56K+200,中壢服務區,內壢交流道,0000100005600H,SW,S,4,4
VD-N1-S-56.640-N-LOOP,NFB-NR,0,1,5,1,121.2412453,24.9923684,000010,國道1號,0,56K+640,中壢服務區,內壢交流道,0000100005630H,SW,S,3,3
VD-N1-S-57-I-ES-1A-內壢-環道,NFB-NR,0,1,5,2,121.2393654,24.988667,000010,國道1號,0,57K+000,內壢交流道,中壢轉接一,0000101020040H,N,S,1,1
VD-N1-S-57-I-WS-1B-內壢-匝道,NFB-NR,0,1,5,2,121.2361554,24.9885084,000010,國道1號,0,57K+000,內壢交流道,中壢轉接一,0000101020050H,S,S,1,1
VD-N1-S-57-O-NE-1-內壢,NFB-NR,0,1,5,2,121.2418972,24.9934096,000010,國道1號,0,57K+000,內壢交流道,中壢轉接一,0000101020000H,SW,S,2,2
VD-N1-S-57-O-NE-21-平面,NFB-NR,0,1,5,2,121.2392053,24.9896813,000010,國道1號,0,57K+000,內壢交流道,中壢轉接一,0000101020020H,S,S,1,1
VD-N1-S-57.200-N-LOOP,NFB-NR,0,1,5,1,121.2376972,24.9888068,000010,國道1號,0,57K+200,內壢交流道,中壢轉接一,0000100005700H,SW,S,3,3
VD-N1-S-57.920-M-LOOP,NFB-NR,0,1,5,1,121.2327237,24.9840062,000010,國道1號,0,57K+920,內壢交流道,中壢轉接一,0000100005750H,SW,S,4,4
VD-N1-S-59.540-N-RS,NFB-NR,0,2,1,1,121.22089,24.974212,000010,國道1號,0,59K+540,中壢轉接一,中壢轉接二,0000100005900H,SW,S,5,5
VD-N1-S-61.800-M-LOOP,NFB-NR,0,1,5,1,121.2038621,24.961097,000010,國道1號,0,61K+800,中壢轉接二,中壢交流道,0000100006100H,SW,S,4,4
VD-N1-S-62.200-N-LOOP,NFB-NR,0,1,5,1,121.200961,24.9585739,000010,國道1號,0,62K+200,中壢轉接二,中壢交流道,0000100006200H,SW,S,3,3
VD-N1-S-62-I-WS-1B-中壢-匝道,NFB-NR,0,1,5,2,121.1982901,24.9568757,000010,國道1號,0,62K+400,中壢交流道,平鎮系統交流道,0000101022030H,S,S,1,1
VD-N1-S-62-O-NW-1-中壢,NFB-NR,0,1,5,2,121.2007372,24.9586613,000010,國道1號,0,62K+400,中壢交流道,平鎮系統交流道,0000101022000H,SW,S,2,2
VD-N1-S-62-O-NW-21-中壢,NFB-NR,0,1,5,2,121.198255,24.9574014,000010,國道1號,0,62K+400,中壢交流道,平鎮系統交流道,0000101022010H,SW,S,1,1
VD-N1-S-62-I-ES-1A-中壢-環道,NFB-NR,0,1,5,2,121.1989171,24.957311,000010,國道1號,0,62K+400,中壢交流道,平鎮系統交流道,0000101022030H,S,S,1,1
VD-N1-S-63.020-M-RS,NFB-NR,0,2,1,1,121.1966392,24.9523357,000010,國道1號,0,63K+020,中壢交流道,平鎮系統交流道,0000100006270H,SW,S,4,4
VD-N1-S-64.070-M-LOOP,NFB-NR,0,1,5,1,121.1938064,24.9430852,000010,國道1號,0,64K+070,中壢交流道,平鎮系統交流道,0000100006400H,S,S,4,4
VD-N1-S-65-I-ES-平鎮系統-T66W1S,NFB-NR,0,1,5,2,121.1888598,24.9367691,000010,國道1號,0,65K+000,平鎮系統交流道,幼獅交流道,0000101023050H,NW,S,1,1
VD-N1-S-65-I-WS-平鎮系統-T66E1S,NFB-NR,0,1,5,2,121.1873909,24.9363598,000010,國道1號,0,65K+000,平鎮系統交流道,幼獅交流道,0000101023110H,S,S,1,1
VD-N1-S-66-O-NE-平鎮系統-1ST66E,NFB-NR,0,1,5,2,121.1884144,24.9352438,000010,國道1號,0,65K+000,平鎮系統交流道,幼獅交流道,0000101023080H,E,S,1,1
VD-N1-S-66-O-NW-平鎮系統-1ST66W,NFB-NR,0,1,5,2,121.1906662,24.9376606,000010,國道1號,0,65K+000,平鎮系統交流道,幼獅交流道,0000101023010H,W,S,2,2
VD-N1-S-65.200-N-LOOP,NFB-NR,0,1,5,1,121.1878838,24.9344668,000010,國道1號,0,65K+200,平鎮系統交流道,幼獅交流道,0000100006500H,SW,S,3,3
VD-N1-S-66.040-M-RS,NFB-NR,0,2,1,1,121.1809368,24.9310741,000010,國道1號,0,66K+040,平鎮系統交流道,幼獅交流道,0000100006600H,SW,S,3,3
VD-N1-S-66.500-M-LOOP,NFB-NR,0,1,5,1,121.1765991,24.9294243,000010,國道1號,0,66K+500,平鎮系統交流道,幼獅交流道,0000100006600H,SW,S,3,3
VD-N1-S-67-I-WS-21-幼獅,NFB-NR,0,1,5,2,121.1703137,24.9249572,000010,國道1號,0,67K+300,幼獅交流道,楊梅交流道,0000101024033H,SW,S,1,1
VD-N1-S-67-O-NW-1-幼獅,NFB-NR,0,1,5,2,121.1724878,24.9265522,000010,國道1號,0,67K+300,幼獅交流道,楊梅交流道,0000101024000H,SW,S,2,2
VD-N1-S-67-I-WS-1-幼獅,NFB-NR,0,1,5,2,121.1697604,24.9238041,000010,國道1號,0,67K+300,幼獅交流道,楊梅交流道,0000101024033H,SW,S,2,2
VD-N1-S-67-O-NW-21-幼獅,NFB-NR,0,1,5,2,121.1708371,24.9254485,000010,國道1號,0,67K+300,幼獅交流道,楊梅交流道,0000101024026H,W,S,1,1
VD-N1-S-67.380-N-LOOP,NFB-NR,0,1,5,1,121.1703102,24.9239705,000010,國道1號,0,67K+380,幼獅交流道,楊梅交流道,0000100006700H,SW,S,3,3
VD-N1-S-68.000-M-RS,NFB-NR,0,2,1,1,121.1679315,24.9188977,000010,國道1號,0,68K+000,幼獅交流道,楊梅交流道,0000100006800H,S,S,3,3
VD-N1-S-68.050-M-LOOP,NFB-NR,0,1,5,1,121.1677141,24.9183249,000010,國道1號,0,68K+050,幼獅交流道,楊梅交流道,0000100006800H,S,S,3,3
VD-N1-S-69-I-WS-楊梅-匝道,NFB-NR,0,1,5,2,121.1629263,24.909008,000010,國道1號,0,69K+200,楊梅交流道,高架楊梅端,0000101025030H,SE,S,1,1
VD-N1-S-69-I-ES-楊梅-環道,NFB-NR,0,1,5,2,121.1638204,24.909441,000010,國道1號,0,69K+200,楊梅交流道,高架楊梅端,0000101025040H,S,S,1,1
VD-N1-S-69-O-NW-1-楊梅,NFB-NR,0,1,5,2,121.1649267,24.9111875,000010,國道1號,0,69K+200,楊梅交流道,高架楊梅端,0000100006860H,S,S,2,2
VD-N1-S-69-O-NE-22-楊梅,NFB-NR,0,1,5,2,121.1632688,24.9098281,000010,國道1號,0,69K+200,楊梅交流道,高架楊梅端,0000101025020H,S,S,1,1
VD-N1-S-69.330-N-LOOP,NFB-NR,0,1,5,1,121.1637586,24.9075243,000010,國道1號,0,69K+330,楊梅交流道,高架楊梅端,0000100006900H,SW,S,3,3
VD-N1-S-69.700-M-LOOP,NFB-NR,0,1,5,1,121.1611816,24.9043831,000010,國道1號,0,69K+700,楊梅交流道,高架楊梅端,0000100006970H,SW,S,4,4
VD-N1-S-71.450-N-LOOP,NFB-NR,0,1,5,1,121.1456007,24.8991199,000010,國道1號,0,71K+450,高架楊梅端,湖口交流道,0000100007100H,W,S,3,3
VD-N1-S-73.010-M-LOOP,NFB-NR,0,1,5,1,121.131097,24.8949947,000010,國道1號,0,73K+010,高架楊梅端,湖口交流道,0000100007200H,W,S,4,4
VD-N1-S-74.510-M-LOOP,NFB-NR,0,1,5,1,121.116663,24.893162,000010,國道1號,0,74K+510,高架楊梅端,湖口交流道,0000100007400H,W,S,4,4
VD-N1-S-76.300-M-LOOP,NFB-NR,0,1,5,1,121.0992863,24.8907624,000010,國道1號,0,76K+300,高架楊梅端,湖口交流道,0000100007600J,SW,S,4,4
VD-N1-S-78.170-M-LOOP,NFB-NR,0,1,5,1,121.0826253,24.8847237,000010,國道1號,0,78K+170,高架楊梅端,湖口交流道,0000100007800J,W,S,4,4
VD-N1-S-79.300-M-RS,NFB-NR,0,2,1,1,121.0720181,24.8813394,000010,國道1號,0,79K+300,高架楊梅端,湖口交流道,0000100007900J,SW,S,4,4
VD-N1-S-81.230-M-LOOP,NFB-NR,0,1,5,1,121.0545843,24.8761846,000010,國道1號,0,81K+230,高架楊梅端,湖口交流道,0000100008100J,W,S,4,4
VD-N1-S-83.150-M-LOOP,NFB-NR,0,1,5,1,121.0354041,24.8769033,000010,國道1號,0,83K+150,高架楊梅端,湖口交流道,0000100008310J,W,S,4,4
VD-N1-S-83-I-WS-1-湖口,NFB-NR,0,1,5,2,121.0286934,24.8762038,000010,國道1號,0,83K+800,湖口交流道,湖口服務區,0000101027016J,SW,S,2,2
VD-N1-S-83-O-NW-1-湖口,NFB-NR,0,1,5,2,121.0320742,24.8766263,000010,國道1號,0,83K+800,湖口交流道,湖口服務區,0000101027003J,W,S,2,2
VD-N1-S-83-I-WS-21-湖口,NFB-NR,0,1,5,2,121.0291287,24.8763937,000010,國道1號,0,83K+800,湖口交流道,湖口服務區,0000101027030J,SW,S,1,1
VD-N1-S-83-O-NW-21-湖口,NFB-NR,0,1,5,2,121.0296067,24.8764772,000010,國道1號,0,83K+800,湖口交流道,湖口服務區,0000101027006J,W,S,1,1
VD-N1-S-84.120-N-LOOP,NFB-NR,0,1,5,1,121.0260494,24.8749337,000010,國道1號,0,84K+120,湖口交流道,湖口服務區,0000100008400J,W,S,3,3
VD-N1-S-85.020-M-RS,NFB-NR,0,2,1,1,121.0183203,24.8710542,000010,國道1號,0,85K+020,湖口交流道,湖口服務區,0000100008440J,SW,S,4,4
VD-N1-S-85.690-M-LOOP,NFB-NR,0,1,5,1,121.0138251,24.8665545,000010,國道1號,0,85K+690,湖口交流道,湖口服務區,0000100008500J,SW,S,4,4
VD-N1-S-86-O-NW-1-湖口服務區,NFB-NR,0,1,5,2,121.0101345,24.8591202,000010,國道1號,0,86K+500,湖口服務區,竹北交流道,0000101081000J,SW,S,1,1
VD-N1-S-86-I-WS-1-湖口服務區,NFB-NR,0,1,5,2,121.0103449,24.858553,000010,國道1號,0,86K+500,湖口服務區,竹北交流道,0000101081010J,SE,S,1,1
VD-N1-S-86.520-M-LOOP,NFB-NR,0,1,5,1,121.0106519,24.859641,000010,國道1號,0,86K+520,湖口服務區,竹北交流道,0000100008630J,S,S,3,3
VD-N1-S-88.050-M-RS,NFB-NR,0,2,1,1,121.0188707,24.8486569,000010,國道1號,0,88K+050,湖口服務區,竹北交流道,0000100008800J,SE,S,4,4
VD-N1-S-90.010-M-LOOP,NFB-NR,0,1,5,1,121.0214311,24.8319806,000010,國道1號,0,90K+010,湖口服務區,竹北交流道,0000100008900J,S,S,4,4
VD-N1-S-91-I-WS-1-竹北,NFB-NR,0,1,5,2,121.0161338,24.822934,000010,國道1號,0,91K+000,竹北交流道,新竹交流道,0000101028050J,S,S,2,2
VD-N1-S-91-I-WS-21-竹北,NFB-NR,0,1,5,2,121.0161236,24.8236722,000010,國道1號,0,91K+000,竹北交流道,新竹交流道,0000101028030J,S,S,1,1
VD-N1-S-91-O-NW-1-竹北,NFB-NR,0,1,5,2,121.0182975,24.8258723,000010,國道1號,0,91K+000,竹北交流道,新竹交流道,0000101028000J,SW,S,1,1
VD-N1-S-91-O-NW-21-竹北,NFB-NR,0,1,5,2,121.0165946,24.8241855,000010,國道1號,0,91K+000,竹北交流道,新竹交流道,0000101028020J,SW,S,2,2
VD-N1-S-91.180-N-LOOP,NFB-NR,0,1,5,1,121.0163128,24.8224145,000010,國道1號,0,91K+180,竹北交流道,新竹交流道,0000100009100J,SW,S,3,3
VD-N1-S-91.700-M-RS,NFB-NR,0,1,5,1,121.0141218,24.8187722,000010,國道1號,0,91K+700,竹北交流道,新竹交流道,0000100009140J,SW,S,4,4
VD-N1-S-93.040-M-LOOP,NFB-NR,0,1,5,1,121.0100243,24.8070211,000010,國道1號,0,93K+190,竹北交流道,新竹交流道,0000100009300O,S,S,4,4
VD-N1-S-93.750-N-LOOP,NFB-NR,0,1,5,1,121.0089758,24.8005012,000010,國道1號,0,93K+750,竹北交流道,新竹交流道,0000100009340O,S,S,3,3
VD-N1-S-95.210-N-LOOP,NFB-NR,0,1,5,1,121.0045595,24.7879206,000010,國道1號,0,95K+210,竹北交流道,新竹交流道,0000101029170O,S,S,3,3
VD-N1-S-95-I-WS-21A-新竹-光復路,NFB-NR,0,1,5,2,121.0049054,24.7900542,000010,國道1號,0,95K+400,新竹交流道,新竹系統交流道,0000101029150O,SW,S,2,2
VD-N1-S-95-C-S-1A-新竹-公道五路-光復,NFB-NR,0,1,5,2,121.0059956,24.7919359,000010,國道1號,0,95K+400,新竹交流道,新竹系統交流道,0000101029100O,S,S,1,1
VD-N1-S-95-I-WS-22A-新竹-公道五路,NFB-NR,0,1,5,2,121.0078089,24.7969263,000010,國道1號,0,95K+400,新竹交流道,新竹系統交流道,0000101029050O,SE,S,2,2
VD-N1-S-95-I-WS-33A-新竹-公道五路,NFB-NR,0,1,5,2,121.0076524,24.7978199,000010,國道1號,0,95K+400,新竹交流道,新竹系統交流道,0000101029050O,SE,S,1,1
VD-N1-S-95-I-ES-22B-新竹-園區二路,NFB-NR,0,1,5,2,121.0032636,24.7757227,000010,國道1號,0,95K+400,新竹交流道,新竹系統交流道,0000101029240J,S,S,1,1
VD-N1-S-95-I-WS-1B-新竹-園區二路,NFB-NR,0,1,5,2,121.0032315,24.775441,000010,國道1號,0,95K+400,新竹交流道,新竹系統交流道,0000101029260J,S,S,2,2
VD-N1-S-95-O-NW-22A-新竹,NFB-NR,0,1,5,2,121.0058366,24.7919485,000010,國道1號,0,95K+400,新竹交流道,新竹系統交流道,0000101029090O,SW,S,4,4
VD-N1-S-95-O-NW-33A-新竹,NFB-NR,0,1,5,2,121.0050675,24.7910981,000010,國道1號,0,95K+400,新竹交流道,新竹系統交流道,0000101029110O,W,S,3,3
VD-N1-S-95-O-NW-1B-新竹,NFB-NR,0,1,5,2,121.0051551,24.7900553,000010,國道1號,0,95K+400,新竹交流道,新竹系統交流道,0000101029180O,S,S,2,2
VD-N1-S-95-O-NW-31A-新竹,NFB-NR,0,1,5,2,121.0075942,24.798347,000010,國道1號,0,95K+400,新竹交流道,新竹系統交流道,0000101029030O,W,S,1,1
VD-N1-S-95-O-NW-21A-新竹,NFB-NR,0,1,5,2,121.0085896,24.800101,000010,國道1號,0,95K+400,新竹交流道,新竹系統交流道,0000101029010O,S,S,1,1
VD-N1-S-95-O-NW-1A-新竹,NFB-NR,0,1,5,2,121.0089766,24.8018726,000010,國道1號,0,95K+400,新竹交流道,新竹系統交流道,0000101029000O,S,S,2,2
VD-N1-S-95-I-ES-32A-新竹-光復路,NFB-NR,0,1,5,2,121.0051342,24.7903805,000010,國道1號,0,95K+400,新竹交流道,新竹系統交流道,0000101029150O,SW,S,1,1
VD-N1-S-95-O-NW-21B-新竹,NFB-NR,0,1,5,2,121.0030383,24.7818265,000010,國道1號,0,95K+400,新竹交流道,新竹系統交流道,0000101029190O,SW,S,1,1
VD-N1-S-96.620-N-LOOP,NFB-NR,0,1,5,1,121.0035405,24.7754525,000010,國道1號,0,96K+620,新竹交流道,新竹系統交流道,0000100009660J,S,S,3,3
VD-N1-S-97.990-M-LOOP,NFB-NR,0,1,5,1,120.9992916,24.7640034,000010,國道1號,0,97K+990,新竹交流道,新竹系統交流道,0000100009710J,SW,S,4,4
VD-N1-S-98.000-M-RS,NFB-NR,0,2,1,1,120.9989713,24.7637083,000010,國道1號,0,98K+000,新竹交流道,新竹系統交流道,0000100009800J,SW,S,4,4
VD-N1-S-99-I-ES-新竹系統-3S1S,NFB-NR,0,1,5,2,120.9909976,24.7572832,000010,國道1號,0,99K+400,新竹系統交流道,頭份交流道,0000101030040J,W,S,2,2
VD-N1-S-99-I-WS-新竹系統-3N1S,NFB-NR,0,1,5,2,120.9835423,24.7573291,000010,國道1號,0,99K+400,新竹系統交流道,頭份交流道,0000101030050J,SE,S,1,1
VD-N1-S-99.990-N-LOOP,NFB-NR,0,1,5,1,120.9844197,24.7532117,000010,國道1號,0,99K+990,新竹系統交流道,頭份交流道,0000100009960J,SW,S,3,3
VD-N1-N-0.000-M-LOOP,NFB-NR,0,1,5,1,121.7359049,25.1229012,000010,國道1號,0,0K+000,基隆交流道,基隆端,0000101101000C,NE,N,2,2
VD-N1-N-0.590-M-RS,NFB-NR,0,2,1,1,121.7315591,25.1182402,000010,國道1號,0,0K+590,基隆交流道,基隆端,0000100100050C,NE,N,2,2
VD-N1-N-1.000-N-LOOP,NFB-NR,0,1,5,1,121.7288062,25.1156155,000010,國道1號,0,1K+000,基隆交流道,基隆端,0000100100070C,NE,N,2,2
VD-N1-N-1-I-EN-1-國安路-基隆,NFB-NR,0,1,5,2,121.7295082,25.114224,000010,國道1號,0,1K+100,八堵交流道,基隆交流道,0000101102010C,N,N,1,1
VD-N1-N-1-O-SE-1-基隆-八德路,NFB-NR,0,1,5,2,121.7275348,25.1127708,000010,國道1號,0,1K+100,八堵交流道,基隆交流道,0000101102000C,NE,N,1,1
VD-N1-N-1.600-M-RS,NFB-NR,0,2,1,1,121.7265266,25.1107013,000010,國道1號,0,1K+600,八堵交流道,基隆交流道,0000100100160C,N,N,3,3
VD-N1-N-2.000-M-LOOP,NFB-NR,0,1,5,1,121.7251299,25.1072997,000010,國道1號,0,2K+000,八堵交流道,基隆交流道,0000100100160C,N,N,3,3
VD-N1-N-2-O-SE-1-八堵,NFB-NR,0,1,5,2,121.7226489,25.1039454,000010,國道1號,0,2K+600,大華系統交流道,八堵交流道,0000101103000C,E,N,1,1
VD-N1-N-2.980-M-LOOP,NFB-NR,0,1,5,1,121.7173824,25.1026302,000010,國道1號,0,2K+980,大華系統交流道,八堵交流道,0000100100270C,E,N,3,3
VD-N1-N-3.980-M-LOOP,NFB-NR,0,1,5,1,121.708216,25.0995195,000010,國道1號,0,3K+980,大華系統交流道,八堵交流道,0000100100300C,E,N,3,3
VD-N1-N-4.850-M-RS,NFB-NR,0,2,1,1,121.7006797,25.0974554,000010,國道1號,0,4K+850,大華系統交流道,八堵交流道,0000100100400C,E,N,3,3
VD-N1-N-5-O-SW-大華系統-1NT62W,NFB-NR,0,1,5,2,121.698916,25.0979758,000010,國道1號,0,5K+000,五堵交流道,大華系統交流道,0000101104020C,NW,N,1,1
VD-N1-N-5-O-SE-大華系統-1NT62E,NFB-NR,0,1,5,2,121.6993986,25.0976736,000010,國道1號,0,5K+000,五堵交流道,大華系統交流道,0000101104010C,E,N,1,1
VD-N1-N-5.920-M-LOOP,NFB-NR,0,1,5,1,121.6953736,25.0895281,000010,國道1號,0,5K+920,五堵交流道,大華系統交流道,0000101104000C,N,N,4,4
VD-N1-N-6.200-M-RS,NFB-NR,0,2,1,1,121.6932473,25.0879502,000010,國道1號,0,6K+200,五堵交流道,大華系統交流道,0000100100600C,NE,N,4,4
VD-N1-N-6-I-EN-五堵-匝道,NFB-NR,0,1,5,2,121.6870344,25.0859204,000010,國道1號,0,6K+800,汐止交流道,五堵交流道,0000101105110C,NE,N,1,1
VD-N1-N-6-O-SE-21-五堵,NFB-NR,0,1,5,2,121.6855911,25.0853153,000010,國道1號,0,6K+800,汐止交流道,五堵交流道,0000101105020C,S,N,1,1
VD-N1-N-6-O-SE-1-五堵,NFB-NR,0,1,5,2,121.6850907,25.0859695,000010,國道1號,0,6K+800,汐止交流道,五堵交流道,0000101105020C,S,N,1,1
VD-N1-N-6-I-WN-五堵-環道,NFB-NR,0,1,5,2,121.6858138,25.0855114,000010,國道1號,0,6K+800,汐止交流道,五堵交流道,0000101105050C,NE,N,1,1
VD-N1-N-6.820-N-RS,NFB-NR,0,2,1,1,121.6874494,25.086605,000010,國道1號,0,6K+820,汐止交流道,五堵交流道,0000101105110C,NE,N,3,3
VD-N1-N-8.240-M-LOOP,NFB-NR,0,1,5,1,121.6734014,25.0843852,000010,國道1號,0,8K+240,汐止交流道,五堵交流道,0000100100800C,NE,N,3,3
VD-N1-N-8.710-M-LOOP,NFB-NR,0,1,5,1,121.6694922,25.0822699,000010,國道1號,0,8K+710,汐止交流道,五堵交流道,0000100100840F,NE,N,3,3
VD-N1-N-9-B-汐止地磅站,NFB-NR,0,1,5,2,121.665659,25.079731,000010,國道1號,0,9K+400,汐止交流道,五堵交流道,0000100100900F,NE,N,1,1
VD-N1-N-9.770-M-汐止地磅站,NFB-NR,0,1,5,2,121.6610909,25.0769319,000010,國道1號,0,9K+400,汐止交流道,五堵交流道,0000100100900F,NE,N,1,1
VD-N1-N-10.060-M-RS,NFB-NR,0,2,1,1,121.6584542,25.0755479,000010,國道1號,0,10K+060,汐止交流道,五堵交流道,0000100100900F,NE,N,4,4
VD-N1-N-10.380-N-LOOP,NFB-NR,0,1,5,1,121.6552845,25.0744005,000010,國道1號,0,10K+380,汐止交流道,五堵交流道,0000100101020F,E,N,3,3
VD-N1-N-10-I-EN-1-汐止,NFB-NR,0,1,5,2,121.6539333,25.0728883,000010,國道1號,0,10K+500,汐止系統交流道,汐止交流道,0000101106080F,NE,N,1,1
VD-N1-N-10-O-SE-1-汐止,NFB-NR,0,1,5,2,121.6530258,25.0735383,000010,國道1號,0,10K+500,汐止系統交流道,汐止交流道,0000101106000F,SE,N,2,2
VD-N1-N-10-O-SE-21-汐止-汐萬路,NFB-NR,0,1,5,2,121.6535904,25.0723227,000010,國道1號,0,10K+500,汐止系統交流道,汐止交流道,0000101106010F,SW,N,2,2
VD-N1-N-10-C-N-1-汐止,NFB-NR,0,1,5,2,121.6471652,25.0724842,000010,國道1號,0,10K+500,汐止系統交流道,汐止交流道,0000101107060F,E,N,1,1
VD-N1-N-10.630-M-LOOP,NFB-NR,0,1,5,1,121.6530547,25.0739069,000010,國道1號,0,10K+630,汐止系統交流道,汐止交流道,0000100101050F,E,N,3,3
VD-N1-N-10.640-M-RS,NFB-NR,0,2,1,1,121.6529047,25.0738777,000010,國道1號,0,10K+640,汐止系統交流道,汐止交流道,0000101107070F,E,N,3,3
VD-N1-N-11.250-N-LOOP,NFB-NR,0,1,5,1,121.6470873,25.0729346,000010,國道1號,0,11K+250,汐止系統交流道,汐止交流道,0000100101100F,E,N,2,2
VD-N1-N-11-I-EN-汐止系統-3N1N,NFB-NR,0,1,5,2,121.6455921,25.0712011,000010,國道1號,0,11K+500,高架汐止端,汐止系統交流道,0000101107090F,NE,N,1,1
VD-N1-N-11.800-M-LOOP,NFB-NR,0,1,5,1,121.6416527,25.072075,000010,國道1號,0,11K+800,高架汐止端,汐止系統交流道,0000100101180F,E,N,3,3
VD-N1-N-12.500-M-LOOP,NFB-NR,0,1,5,1,121.6357562,25.068964,000010,國道1號,0,12K+500,高架汐止端,汐止系統交流道,0000100101240F,NE,N,5,5
VD-N1-N-13.400-M-RS,NFB-NR,0,2,1,1,121.6273834,25.0667758,000010,國道1號,0,13K+400,高架汐止端,汐止系統交流道,0000100101300F,E,N,5,5
VD-N1-N-13.840-M-LOOP,NFB-NR,0,1,5,1,121.622839,25.0663938,000010,國道1號,0,13K+840,高架汐止端,汐止系統交流道,0000100101300F,E,N,5,5
VD-N1-N-15.150-M-LOOP,NFB-NR,0,1,5,1,121.6099407,25.065114,000010,國道1號,0,15K+150,東湖交流道,高架汐止端,0000100101500A,E,N,3,3
VD-N1-N-15-O-SE-1-東湖,NFB-NR,0,1,5,2,121.6097403,25.0648276,000010,國道1號,0,15K+200,內湖交流道,東湖交流道,0000101109000A,E,N,1,1
VD-N1-N-15.740-M-LOOP,NFB-NR,0,1,5,1,121.604225,25.0643904,000010,國道1號,0,15K+740,內湖交流道,東湖交流道,0000100101550A,E,N,4,4
VD-N1-N-16.220-M-RS,NFB-NR,0,2,1,1,121.5995028,25.0638057,000010,國道1號,0,16K+220,內湖交流道,東湖交流道,0000100101600A,E,N,3,3
VD-N1-N-16.500-N-LOOP,NFB-NR,0,1,5,1,121.5972318,25.0636835,000010,國道1號,0,16K+500,內湖交流道,東湖交流道,0000100101620A,E,N,3,3
VD-N1-N-16-I-EN-1B-成功路-內湖,NFB-NR,0,1,5,2,121.591126,25.0642023,000010,國道1號,0,16K+800,圓山交流道,內湖交流道,0000101110010A,E,N,1,1
VD-N1-N-16-I-EN-1A-環東大道-內湖,NFB-NR,0,1,5,2,121.592827,25.0627462,000010,國道1號,0,16K+800,圓山交流道,內湖交流道,0000101110030A,E,N,1,1
VD-N1-N-16-O-SE-1-內湖,NFB-NR,0,1,5,2,121.5887129,25.0651991,000010,國道1號,0,16K+800,圓山交流道,內湖交流道,0000101110000A,SE,N,3,3
VD-N1-N-16.980-N-LOOP,NFB-NR,0,1,5,1,121.5918987,25.0643841,000010,國道1號,0,16K+980,圓山交流道,內湖交流道,0000100101680A,E,N,2,2
VD-N1-N-18.010-M-LOOP,NFB-NR,0,1,5,1,121.5824722,25.0679975,000010,國道1號,0,18K+010,圓山交流道,內湖交流道,0000100101800A,E,N,4,4
VD-N1-N-18.770-M-RS,NFB-NR,0,2,1,1,121.5755157,25.0702247,000010,國道1號,0,18K+770,圓山交流道,內湖交流道,0000100101800A,E,N,3,3
VD-N1-N-21.230-M-LOOP,NFB-NR,0,1,5,1,121.5513612,25.073031,000010,國道1號,0,21K+230,圓山交流道,內湖交流道,0000100102100A,E,N,3,3
VD-N1-N-22.990-N-LOOP,NFB-NR,0,1,5,1,121.5342446,25.0726056,000010,國道1號,0,22K+990,圓山交流道,內湖交流道,0000100102280A,E,N,3,3
VD-N1-N-23-O-SE-1B-圓山,NFB-NR,0,1,5,2,121.5318793,25.0724064,000010,國道1號,0,23K+200,台北交流道,圓山交流道,0000101111050A,SE,N,3,3
VD-N1-N-23-O-SE-1A-圓山,NFB-NR,0,1,5,2,121.5404773,25.0730997,000010,國道1號,0,23K+200,台北交流道,圓山交流道,0000101111000A,E,N,2,2
VD-N1-N-23-I-EN-1-圓山,NFB-NR,0,1,5,2,121.5336419,25.0714841,000010,國道1號,0,23K+200,台北交流道,圓山交流道,0000101111040A,NE,N,1,1
VD-N1-N-23-O-SE-22B-圓山-建國北路,NFB-NR,0,1,5,2,121.5325241,25.071972,000010,國道1號,0,23K+200,台北交流道,圓山交流道,0000101111070A,SE,N,2,2
VD-N1-N-23.780-M-LOOP,NFB-NR,0,1,5,1,121.5267252,25.0745906,000010,國道1號,0,23K+780,台北交流道,圓山交流道,0000100102350A,SE,N,4,4
VD-N1-N-24.200-M-RS,NFB-NR,0,2,1,1,121.5228044,25.0760119,000010,國道1號,0,24K+200,台北交流道,圓山交流道,0000100102400A,E,N,4,4
VD-N1-N-25-I-EN-台北-匝道,NFB-NR,0,1,5,2,121.5152443,25.0768242,000010,國道1號,0,25K+100,三重交流道,台北交流道,0000101112060A,E,N,1,1
VD-N1-N-25-I-WN-台北-環道,NFB-NR,0,1,5,2,121.5136632,25.0772999,000010,國道1號,0,25K+100,三重交流道,台北交流道,0000101112030A,NW,N,1,1
VD-N1-N-25-O-SW-22-台北,NFB-NR,0,1,5,2,121.5148931,25.0771094,000010,國道1號,0,25K+100,三重交流道,台北交流道,0000101112040A,S,N,1,1
VD-N1-N-25-O-SE-21-台北,NFB-NR,0,1,5,2,121.511756,25.0774591,000010,國道1號,0,25K+100,三重交流道,台北交流道,0000101112010A,SE,N,2,2
VD-N1-N-25.200-N-LOOP,NFB-NR,0,1,5,1,121.5129827,25.0779421,000010,國道1號,0,25K+200,三重交流道,台北交流道,0000100102520A,E,N,3,3
VD-N1-N-25.800-M-LOOP,NFB-NR,0,1,5,1,121.507084,25.0780004,000010,國道1號,0,25K+800,三重交流道,台北交流道,0000100102560A,E,N,5,5
VD-N1-N-26.780-M-RS,NFB-NR,0,2,1,1,121.4976894,25.0764644,000010,國道1號,0,26K+780,三重交流道,台北交流道,0000100102680F,E,N,6,6
VD-N1-N-27.100-N-LOOP,NFB-NR,0,1,5,1,121.4945537,25.0757203,000010,國道1號,0,27K+100,五股轉接道,三重交流道,0000100102700F,E,N,4,4
VD-N1-N-27-I-EN-1-三重,NFB-NR,0,1,5,2,121.4946285,25.0746714,000010,國道1號,0,27K+100,五股轉接道,三重交流道,0000101113070F,NE,N,2,2
VD-N1-N-27-O-SE-1-三重,NFB-NR,0,1,5,2,121.4934621,25.0750662,000010,國道1號,0,27K+100,五股轉接道,三重交流道,0000101113000F,E,N,1,1
VD-N1-N-27.970-M-LOOP,NFB-NR,0,1,5,1,121.486265,25.0737605,000010,國道1號,0,27K+970,五股轉接道,三重交流道,0000100102750F,E,N,4,4
VD-N1-N-28.670-M-LOOP,NFB-NR,0,1,5,1,121.4793274,25.0732995,000010,國道1號,0,28K+670,五股轉接道,三重交流道,0000100102800F,E,N,4,4
VD-N1-N-30.550-M-RS,NFB-NR,0,2,1,1,121.4611482,25.0752692,000010,國道1號,0,30K+550,五股轉接道,三重交流道,0000100103000F,E,N,4,4
VD-N1-N-31.830-N-LOOP,NFB-NR,0,1,5,1,121.449431,25.071848,000010,國道1號,0,31K+830,五股轉接道,三重交流道,0000100103160F,E,N,3,3
VD-N1-N-32.200-M-LOOP,NFB-NR,0,1,5,1,121.4455405,25.0706822,000010,國道1號,0,32K+200,五股交流道,五股轉接道,0000100103200F,E,N,3,3
VD-N1-N-33-I-EN-21-五股,NFB-NR,0,1,5,2,121.438938,25.06845,000010,國道1號,0,32K+920,五股交流道,五股轉接道,0000101115050F,NE,N,1,1
VD-N1-N-33-I-EN-33-台65線,NFB-NR,0,1,5,2,121.439005,25.064215,401071,國道1號,0,32K+920,五股交流道,五股轉接道,4010710100307F,NW,N,1,1
VD-N1-N-33.100-M-LOOP,NFB-NR,0,1,5,1,121.436926,25.0685791,000010,國道1號,0,33K+100,高公局交流道,五股交流道,0000100103310F,E,N,5,5
VD-N1-N-33-I-EN-1-五股-平面,NFB-NR,0,1,5,2,121.44482,25.0701749,000010,國道1號,0,33K+100,高公局交流道,五股交流道,0000101115080F,E,N,1,1
VD-N1-N-33-I-WN-32-五股,NFB-NR,0,1,5,2,121.4367421,25.0689437,000010,國道1號,0,33K+100,高公局交流道,五股交流道,0000101115060F,SE,N,1,1
VD-N1-N-33-I-EN-31-五股,NFB-NR,0,1,5,2,121.4381486,25.0676589,000010,國道1號,0,33K+100,高公局交流道,五股交流道,0000101115030F,N,N,1,1
VD-N1-N-33-O-SW-22-五股,NFB-NR,0,1,5,2,121.4373526,25.0682953,000010,國道1號,0,33K+100,高公局交流道,五股交流道,0000101115020F,N,N,1,1
VD-N1-N-33-O-SE-32-五股-平面,NFB-NR,0,1,5,2,121.436872,25.068141,000010,國道1號,0,33K+100,高公局交流道,五股交流道,0000101115010F,SE,N,1,1
VD-N1-N-33-I-EN-2-五股,NFB-NR,0,1,5,2,121.4411506,25.069092,000010,國道1號,0,33K+100,高公局交流道,五股交流道,0000101115030F,N,N,2,2
VD-N1-N-33-O-SE-31-五股-高架,NFB-NR,0,1,5,2,121.436634,25.068115,00001B,國道1號,0,33K+140,高公局交流道,五股交流道,00001B0103310F,E,N,1,1
VD-N1-N-33-O-SN-1-五股,NFB-NR,0,1,5,2,121.4349848,25.0682066,000010,國道1號,0,33K+350,高公局交流道,五股交流道,0000101115000F,E,N,3,3
VD-N1-N-34.010-M-RS,NFB-NR,0,2,1,1,121.4279892,25.0679649,000010,國道1號,0,34K+000,高公局交流道,五股交流道,0000100103400F,NE,N,4,4
VD-N1-N-34-B-高公局,NFB-NR,0,1,5,1,121.424373,25.06657,626718,國道1號,0,34K+200,高公局交流道,五股交流道,6267180100000F,NE,N,2,2
VD-N1-N-34-O-SE-1-高公局,NFB-NR,0,1,5,2,121.4236147,25.0661589,626718,國道1號,0,34K+300,泰山轉接道,高公局交流道,6267180100000F,NE,N,1,1
VD-N1-N-34-I-EN-1-高公局,NFB-NR,0,1,5,2,121.4262485,25.0674127,626718,國道1號,0,34K+300,泰山轉接道,高公局交流道,6267180100000F,NE,N,1,1
VD-N1-N-34.200-N-LOOP,NFB-NR,0,1,5,1,121.426172,25.0675824,000010,國道1號,0,34K+500,泰山轉接道,高公局交流道,0000100103400F,NE,N,4,4
VD-N1-N-35-B-泰山收費站,NFB-NR,0,1,5,1,121.4114866,25.0586565,000010,國道1號,0,35K+000,泰山轉接道,高公局交流道,0000100103490F,NE,N,2,2
VD-N1-N-35.070-M-LOOP,NFB-NR,0,1,5,1,121.418894,25.063269,000010,國道1號,0,35K+070,泰山轉接道,高公局交流道,0000100103480F,NE,N,5,5
VD-N1-N-36.980-M-LOOP,NFB-NR,0,1,5,1,121.4022941,25.0553845,000010,國道1號,0,36K+980,林口交流道,泰山轉接道,0000100103700F,SE,N,4,4
VD-N1-N-39.000-M-RS,NFB-NR,0,2,1,1,121.3865204,25.0648997,000010,國道1號,0,39K+000,林口交流道,泰山轉接道,0000100103900F,E,N,4,4
VD-N1-N-40.600-N-LOOP,NFB-NR,0,1,5,1,121.37084,25.0653928,000010,國道1號,0,40K+600,林口交流道,泰山轉接道,0000100104020H,E,N,4,4
VD-N1-N-41.300-N-LOOP,NFB-NR,0,1,5,1,121.3639655,25.0648171,000010,國道1號,0,41K+300,林口交流道,泰山轉接道,0000101117050H,E,N,4,4
VD-N1-N-41-I-EN-1A-林口-文化一路,NFB-NR,0,1,5,2,121.3694127,25.0647149,000010,國道1號,0,41K+500,桃園交流道,林口交流道,0000101117060H,E,N,2,2
VD-N1-N-41-I-EN-1B-林口-文化北路,NFB-NR,0,1,5,2,121.3581272,25.0644826,000010,國道1號,0,41K+500,桃園交流道,林口交流道,0000101117010H,E,N,1,1
VD-N1-N-41-C-N-1-林口-集散道,NFB-NR,0,1,5,2,121.3620233,25.0646367,000010,國道1號,0,41K+500,桃園交流道,林口交流道,0000101117030H,E,N,2,2
VD-N1-N-41-O-SE-1B-林口-文化北路,NFB-NR,0,1,5,2,121.352843,25.0649804,000010,國道1號,0,41K+500,桃園交流道,林口交流道,0000101117000H,E,N,3,3
VD-N1-N-41-O-SE-1A-林口-文化一路,NFB-NR,0,1,5,2,121.3651337,25.0646112,00001B,國道1號,0,41K+500,桃園交流道,林口交流道,00001B0104100H,E,N,2,2
VD-N1-N-42.050-M-LOOP,NFB-NR,0,1,5,1,121.3565835,25.064963,000010,國道1號,0,42K+050,桃園交流道,林口交流道,0000100104210H,E,N,4,4
VD-N1-N-43.320-M-LOOP,NFB-NR,0,1,5,1,121.3444446,25.0652691,000010,國道1號,0,43K+320,桃園交流道,林口交流道,0000100104300H,E,N,5,5
VD-N1-N-45.520-M-LOOP,NFB-NR,0,1,5,1,121.3272435,25.0537242,000010,國道1號,0,45K+520,桃園交流道,林口交流道,0000100104500H,NE,N,5,5
VD-N1-N-47.300-M-RS,NFB-NR,0,2,1,1,121.3129499,25.0452148,000010,國道1號,0,47K+300,桃園交流道,林口交流道,0000100104700H,NE,N,5,5
VD-N1-N-49-O-SE-1A-桃園,NFB-NR,0,1,5,2,121.2953348,25.0360375,000010,國道1號,0,49K+100,機場系統交流道,桃園交流道,0000101118000H,NE,N,3,3
VD-N1-N-49-O-SW-22A-桃園-南崁,NFB-NR,0,1,5,2,121.2972333,25.0363253,000010,國道1號,0,49K+100,機場系統交流道,桃園交流道,0000101118020H,E,N,3,3
VD-N1-N-49-I-WN-1B-桃園-環道,NFB-NR,0,1,5,2,121.2978722,25.0370169,000010,國道1號,0,49K+100,機場系統交流道,桃園交流道,0000101118050H,N,N,1,1
VD-N1-N-49-I-EN-31A-桃園-平面,NFB-NR,0,1,5,2,121.2989096,25.0367911,000010,國道1號,0,49K+100,機場系統交流道,桃園交流道,0000101118060H,N,N,1,1
VD-N1-N-49-I-EN-22A-桃園,NFB-NR,0,1,5,2,121.298178,25.0374178,300040,國道1號,0,49K+100,機場系統交流道,桃園交流道,3000400100997H,NW,N,1,1
VD-N1-N-49-I-EN-33A-桃園-中正路橋,NFB-NR,0,1,5,2,121.2906279,25.0318002,000010,國道1號,0,49K+100,機場系統交流道,桃園交流道,0000101118083H,N,N,1,1
VD-N1-N-49-I-EN-32A-桃園-高架,NFB-NR,0,1,5,2,121.2997562,25.0354876,000010,國道1號,0,49K+100,機場系統交流道,桃園交流道,0000101118070H,N,N,1,1
VD-N1-N-49-O-SE-31A-桃園-經國路,NFB-NR,0,1,5,2,121.2979116,25.0361476,000010,國道1號,0,49K+100,機場系統交流道,桃園交流道,0000101118030H,E,N,1,1
VD-N1-N-49-O-SE-22B-桃園-蘆興南路,NFB-NR,0,1,5,2,121.2888232,25.0312247,000010,國道1號,0,49K+100,機場系統交流道,桃園交流道,0000101118110H,E,N,1,1
VD-N1-N-49-O-SE-1B-桃園-蘆興南路,NFB-NR,0,1,5,2,121.2874763,25.0303756,000010,國道1號,0,49K+100,機場系統交流道,桃園交流道,0000101118100H,NE,N,2,2
VD-N1-N-49-O-SW-21B-桃園-蘆興南路,NFB-NR,0,1,5,2,121.2887926,25.0313495,000010,國道1號,0,49K+100,機場系統交流道,桃園交流道,0000101118120H,NE,N,2,2
VD-N1-N-49-I-EN-34A-桃園-桃17,NFB-NR,0,1,5,2,121.2897444,25.032118,000010,國道1號,0,49K+100,機場系統交流道,桃園交流道,0000101118150H,NE,N,1,1
VD-N1-N-49.230-N-LOOP,NFB-NR,0,1,5,1,121.2963725,25.0369388,000010,國道1號,0,49K+230,機場系統交流道,桃園交流道,0000100104900H,NE,N,3,3
VD-N1-N-50.300-N-LOOP,NFB-NR,0,1,5,1,121.2873472,25.0305987,000010,國道1號,0,50K+300,機場系統交流道,桃園交流道,0000100105000H,NE,N,5,5
VD-N1-N-50.800-M-RS,NFB-NR,0,2,1,1,121.285503,25.029116,000010,國道1號,0,50K+800,機場系統交流道,桃園交流道,0000100105046H,NE,N,5,5
VD-N1-N-50.800-M-LOOP,NFB-NR,0,1,5,1,121.285503,25.029116,000010,國道1號,0,50K+800,機場系統交流道,桃園交流道,0000100105000H,NE,N,5,5
VD-N1-N-51.650-N-LOOP,NFB-NR,0,1,5,1,121.2780201,25.0225857,000010,國道1號,0,51K+650,機場系統交流道,桃園交流道,0000100105150H,NE,N,3,3
VD-N1-N-52-I-EN-機場系統-2W1N,NFB-NR,0,1,5,2,121.2771565,25.0201455,000010,國道1號,0,52K+500,中壢服務區,機場系統交流道,0000101119050H,N,N,2,2
VD-N1-N-52-I-WN-機場系統-2E1N,NFB-NR,0,1,5,2,121.2715421,25.0204846,000010,國道1號,0,52K+500,中壢服務區,機場系統交流道,0000101119070H,E,N,1,1
VD-N1-N-53.370-M-LOOP,NFB-NR,0,1,5,1,121.2652452,25.0122522,000010,國道1號,0,53K+730,中壢服務區,機場系統交流道,0000100105300H,NE,N,4,4
VD-N1-N-54.420-M-RS,NFB-NR,0,2,1,1,121.2574695,25.0062611,000010,國道1號,0,54K+420,中壢服務區,機場系統交流道,0000100105400H,NE,N,4,4
VD-N1-N-55.000-M-LOOP,NFB-NR,0,1,5,1,121.2528649,25.0026408,000010,國道1號,0,55K+000,中壢服務區,機場系統交流道,0000100105480H,NE,N,3,3
VD-N1-N-55-O-SE-1-中壢服務區,NFB-NR,0,1,5,2,121.2512578,25.0010101,000010,國道1號,0,55K+100,內壢交流道,中壢服務區,0000101180000H,NE,N,1,1
VD-N1-N-55-I-EN-中壢服務區,NFB-NR,0,1,5,2,121.2532243,25.0020933,000010,國道1號,0,55K+100,內壢交流道,中壢服務區,0000101180010H,NE,N,1,1
VD-N1-N-55.400-M-LOOP,NFB-NR,0,1,5,1,121.2499129,25.0003232,000010,國道1號,0,55K+400,內壢交流道,中壢服務區,0000101180000H,NE,N,4,4
VD-N1-N-56.750-N-LOOP,NFB-NR,0,1,5,1,121.240504,24.991345,000010,國道1號,0,56K+750,內壢交流道,中壢服務區,0000100105650H,NE,N,3,3
VD-N1-N-57-I-EN-1-內壢,NFB-NR,0,1,5,2,121.240631,24.9912301,000010,國道1號,0,57K+000,中壢轉接一,內壢交流道,0000101120050H,NE,N,2,2
VD-N1-N-57-O-SW-22-內壢,NFB-NR,0,1,5,2,121.2383684,24.988881,000010,國道1號,0,57K+000,中壢轉接一,內壢交流道,0000101120010H,SE,N,1,1
VD-N1-N-57-O-SE-21-內壢,NFB-NR,0,1,5,2,121.2365456,24.9870145,000010,國道1號,0,57K+000,中壢轉接一,內壢交流道,0000101120000H,NE,N,1,1
VD-N1-N-57-I-EN-21-平面-內壢,NFB-NR,0,1,5,2,121.2395672,24.9886154,000010,國道1號,0,57K+000,中壢轉接一,內壢交流道,0000101120040H,N,N,1,1
VD-N1-N-58.500-M-RS,NFB-NR,0,1,5,1,121.2288023,24.9804756,000010,國道1號,0,58K+500,中壢轉接一,內壢交流道,0000100105800H,NE,N,3,3
VD-N1-N-59.800-N-LOOP,NFB-NR,0,2,1,1,121.2220635,24.9746376,000010,國道1號,0,59K+800,中壢轉接二,中壢轉接一,0000100105900H,NE,N,5,5
VD-N1-N-61.580-M-LOOP,NFB-NR,0,1,5,1,121.2056189,24.9621239,000010,國道1號,0,61K+580,中壢交流道,中壢轉接二,0000100106100H,NE,N,3,3
VD-N1-N-62.360-N-LOOP,NFB-NR,0,1,5,1,121.2001319,24.957359,000010,國道1號,0,62K+360,中壢交流道,中壢轉接二,0000100106200H,NE,N,3,3
VD-N1-N-62-I-WN-22-中壢,NFB-NR,0,1,5,2,121.2004853,24.9574686,000010,國道1號,0,62K+400,平鎮系統交流道,中壢交流道,0000101122050H,NE,N,1,1
VD-N1-N-62-I-EN-21-中壢,NFB-NR,0,1,5,2,121.2008166,24.9573568,000010,國道1號,0,62K+400,平鎮系統交流道,中壢交流道,0000101122030H,NW,N,1,1
VD-N1-N-62-O-SE-1-中壢,NFB-NR,0,1,5,2,121.199427,24.9561729,000010,國道1號,0,62K+400,平鎮系統交流道,中壢交流道,0000101122000H,NE,N,2,2
VD-N1-N-62-O-SE-21-中壢,NFB-NR,0,1,5,2,121.2000867,24.9566478,000010,國道1號,0,62K+400,平鎮系統交流道,中壢交流道,0000101122010H,E,N,1,1
VD-N1-N-62.900-M-LOOP,NFB-NR,0,1,5,1,121.1972436,24.9532152,000010,國道1號,0,62K+900,平鎮系統交流道,中壢交流道,0000100106270H,NE,N,4,4
VD-N1-N-63.880-M-RS,NFB-NR,0,2,1,1,121.1943559,24.944682,000010,國道1號,0,63K+880,平鎮系統交流道,中壢交流道,0000100106300H,N,N,4,4
VD-N1-N-64.600-N-LOOP,NFB-NR,0,1,5,1,121.19191,24.938629,000010,國道1號,0,64K+600,平鎮系統交流道,中壢交流道,0000100106430H,NE,N,3,3
VD-N1-N-65-I-EN-平鎮系統-T66W1N,NFB-NR,0,1,5,2,121.1918801,24.9352611,000010,國道1號,0,65K+000,幼獅交流道,平鎮系統交流道,0000101123140H,NW,N,1,1
VD-N1-N-65-I-WN-平鎮系統-T66E1N,NFB-NR,0,1,5,2,121.1904196,24.9351465,000010,國道1號,0,65K+000,幼獅交流道,平鎮系統交流道,0000101123090H,SE,N,1,1
VD-N1-N-65-I-EN-31-平面-平鎮系統,NFB-NR,0,1,5,2,121.1922246,24.935026,000010,國道1號,0,65K+000,幼獅交流道,平鎮系統交流道,0000101123140H,NW,N,1,1
VD-N1-N-66-O-SE-平鎮系統-1NT66E,NFB-NR,0,1,5,2,121.1887065,24.9342954,000010,國道1號,0,65K+000,幼獅交流道,平鎮系統交流道,0000101123010H,E,N,2,2
VD-N1-N-66-O-SW-平鎮系統-1NT66W,NFB-NR,0,1,5,2,121.1907876,24.9364993,000010,國道1號,0,65K+000,幼獅交流道,平鎮系統交流道,0000101123110H,W,N,1,1
VD-N1-N-65.900-M-LOOP,NFB-NR,0,1,5,1,121.1821021,24.9312717,000010,國道1號,0,65K+900,幼獅交流道,平鎮系統交流道,0000100106580H,E,N,4,4
VD-N1-N-66.260-M-RS,NFB-NR,0,1,5,1,121.1788559,24.9302199,000010,國道1號,0,66K+270,幼獅交流道,平鎮系統交流道,0000100106600H,NE,N,3,3
VD-N1-N-67-I-EN-21-幼獅,NFB-NR,0,1,5,2,121.1716018,24.9242718,000010,國道1號,0,67K+300,楊梅交流道,幼獅交流道,0000101124070H,NE,N,1,1
VD-N1-N-67.300-N-LOOP,NFB-NR,0,1,5,1,121.1708588,24.9244099,000010,國道1號,0,67K+300,楊梅交流道,幼獅交流道,0000100106700H,NE,N,3,3
VD-N1-N-67-O-SE-1-幼獅,NFB-NR,0,1,5,2,121.1695396,24.9220567,000010,國道1號,0,67K+300,楊梅交流道,幼獅交流道,0000101124003H,NE,N,1,1
VD-N1-N-67-I-EN-1-幼獅,NFB-NR,0,1,5,2,121.1720033,24.9253668,000010,國道1號,0,67K+300,楊梅交流道,幼獅交流道,0000101124070H,NE,N,2,2
VD-N1-N-67-O-SE-21-幼獅,NFB-NR,0,1,5,2,121.1711687,24.9238013,000010,國道1號,0,67K+300,楊梅交流道,幼獅交流道,0000101124026H,E,N,1,1
VD-N1-N-68.070-M-LOOP,NFB-NR,0,1,5,1,121.1678773,24.9182906,000010,國道1號,0,68K+070,楊梅交流道,幼獅交流道,0000100106800H,N,N,4,4
VD-N1-N-68.300-M-RS,NFB-NR,0,2,1,1,121.1671302,24.9163216,000010,國道1號,0,68K+300,楊梅交流道,幼獅交流道,0000100106800H,N,N,3,3
VD-N1-N-69.000-N-LOOP,NFB-NR,0,1,5,1,121.1650174,24.9103038,000010,國道1號,0,69K+000,楊梅交流道,幼獅交流道,0000100106860H,N,N,3,3
VD-N1-N-69-I-WN-楊梅-環道,NFB-NR,0,1,5,2,121.1651601,24.908951,000010,國道1號,0,69K+200,高架楊梅端,楊梅交流道,0000101125040H,N,N,1,1
VD-N1-N-69-I-EN-楊梅-匝道,NFB-NR,0,1,5,2,121.1662127,24.9091549,000010,國道1號,0,69K+200,高架楊梅端,楊梅交流道,0000101125030H,NW,N,1,1
VD-N1-N-69-O-SE-1-楊梅,NFB-NR,0,1,5,2,121.1638599,24.9068598,000010,國道1號,0,69K+200,高架楊梅端,楊梅交流道,0000101125000H,NE,N,1,1
VD-N1-N-69-O-SE-21-楊梅,NFB-NR,0,1,5,2,121.166023,24.9084914,000010,國道1號,0,69K+200,高架楊梅端,楊梅交流道,0000101125010H,NE,N,2,2
VD-N1-N-69.980-M-LOOP,NFB-NR,0,1,5,1,121.1597722,24.9031371,000010,國道1號,0,69K+980,高架楊梅端,楊梅交流道,0000100106960H,NE,N,3,3
VD-N1-N-70.890-M-LOOP,NFB-NR,0,1,5,1,121.1513706,24.9002711,000010,國道1號,0,70K+890,高架楊梅端,楊梅交流道,0000100107060H,E,N,5,5
VD-N1-N-72.990-M-RS,NFB-NR,0,1,5,1,121.1313827,24.8949109,000010,國道1號,0,72K+990,湖口交流道,高架楊梅端,0000100107200H,E,N,4,4
VD-N1-N-74.510-M-LOOP,NFB-NR,0,1,5,1,121.1165825,24.8930132,000010,國道1號,0,74K+510,湖口交流道,高架楊梅端,0000100107400H,E,N,4,4
VD-N1-N-76.400-M-LOOP,NFB-NR,0,1,5,1,121.0984842,24.8901915,000010,國道1號,0,76K+400,湖口交流道,高架楊梅端,0000100107600J,NE,N,4,4
VD-N1-N-78.140-M-LOOP,NFB-NR,0,1,5,1,121.0826243,24.8845848,000010,國道1號,0,78K+140,湖口交流道,高架楊梅端,0000100107800J,E,N,4,4
VD-N1-N-79.980-M-LOOP,NFB-NR,0,1,5,1,121.0663011,24.8777534,000010,國道1號,0,79K+980,湖口交流道,高架楊梅端,0000100107900J,NE,N,4,4
VD-N1-N-81.210-M-LOOP,NFB-NR,0,1,5,1,121.054515,24.8760344,000010,國道1號,0,81K+210,湖口交流道,高架楊梅端,0000100108100J,E,N,4,4
VD-N1-N-83.590-N-LOOP,NFB-NR,0,1,5,1,121.0316023,24.876232,000010,國道1號,0,83K+590,湖口交流道,高架楊梅端,0000100108310J,E,N,3,3
VD-N1-N-83-O-SE-1-湖口,NFB-NR,0,1,5,2,121.0267528,24.8746719,000010,國道1號,0,83K+800,湖口服務區,湖口交流道,0000101127003J,E,N,3,3
VD-N1-N-83-O-SW-21-湖口,NFB-NR,0,1,5,2,121.0294625,24.8752287,000010,國道1號,0,83K+800,湖口服務區,湖口交流道,0000101127020J,SE,N,1,1
VD-N1-N-83-I-WN-22-湖口,NFB-NR,0,1,5,2,121.0298777,24.8754184,000010,國道1號,0,83K+800,湖口服務區,湖口交流道,0000101127013J,E,N,1,1
VD-N1-N-83-I-EN-21-湖口,NFB-NR,0,1,5,2,121.0298919,24.8753521,000010,國道1號,0,83K+800,湖口服務區,湖口交流道,0000101127030J,N,N,1,1
VD-N1-N-85.010-M-LOOP,NFB-NR,0,1,5,1,121.0183156,24.8708135,000010,國道1號,0,85K+010,湖口服務區,湖口交流道,0000100108440J,NE,N,4,4
VD-N1-N-85.400-M-RS,NFB-NR,0,2,1,1,121.0158232,24.8686448,000010,國道1號,0,85K+400,湖口服務區,湖口交流道,0000100108500J,NE,N,4,4
VD-N1-N-86.120-M-LOOP,NFB-NR,0,1,5,1,121.0118823,24.8630956,000010,國道1號,0,86K+120,湖口服務區,湖口交流道,0000100108600J,N,N,4,4
VD-N1-N-86-O-SE-1-湖口服務區,NFB-NR,0,1,5,2,121.0109486,24.8594134,000010,國道1號,0,86K+500,竹北交流道,湖口服務區,0000101181000J,N,N,2,2
VD-N1-N-86-I-EN-1-湖口服務區,NFB-NR,0,1,5,2,121.0127724,24.8641954,000010,國道1號,0,86K+500,竹北交流道,湖口服務區,0000101181010J,N,N,1,1
VD-N1-N-86-R-湖口服務區便道出口,NFB-NR,0,1,5,2,121.012225,24.859705,000010,國道1號,0,86K+900,竹北交流道,湖口服務區,0000101181000J,N,N,1,1
VD-N1-N-88.050-M-LOOP,NFB-NR,0,1,5,1,121.0188654,24.8488552,000010,國道1號,0,88K+050,竹北交流道,湖口服務區,0000100108800J,N,N,4,4
VD-N1-N-89.990-M-RS,NFB-NR,0,1,5,1,121.0215312,24.8320248,000010,國道1號,0,89K+990,竹北交流道,湖口服務區,0000100108900J,N,N,4,4
VD-N1-N-90.840-N-LOOP,NFB-NR,0,1,5,1,121.0181466,24.8249702,000010,國道1號,0,90K+840,竹北交流道,湖口服務區,0000100109060J,NE,N,3,3
VD-N1-N-91-I-EN-1-竹北,NFB-NR,0,1,5,2,121.0183403,24.8242632,000010,國道1號,0,91K+000,新竹交流道,竹北交流道,0000101128030J,N,N,2,2
VD-N1-N-91-I-EN-21-竹北,NFB-NR,0,1,5,2,121.0182512,24.8235925,000010,國道1號,0,91K+000,新竹交流道,竹北交流道,0000101128030J,N,N,1,1
VD-N1-N-91-O-SE-21-竹北,NFB-NR,0,1,5,2,121.0178241,24.8229297,000010,國道1號,0,91K+000,新竹交流道,竹北交流道,0000101128020J,NE,N,1,1
VD-N1-N-91-O-SE-1-竹北,NFB-NR,0,1,5,2,121.0161834,24.8215907,000010,國道1號,0,91K+000,新竹交流道,竹北交流道,0000101128000J,NE,N,3,3
VD-N1-N-91.800-M-LOOP,NFB-NR,0,1,5,1,121.0135717,24.8173768,000010,國道1號,0,91K+800,新竹交流道,竹北交流道,0000100109150J,NE,N,4,4
VD-N1-N-92.000-M-RS,NFB-NR,0,2,1,1,121.0127877,24.8157404,000010,國道1號,0,92K+000,新竹交流道,竹北交流道,0000100109150J,NE,N,4,4
VD-N1-N-92.900-M-LOOP,NFB-NR,0,1,5,1,121.0103849,24.8079087,000010,國道1號,0,92K+900,新竹交流道,竹北交流道,0000100109240O,N,N,4,4
VD-N1-N-94.030-N-LOOP,NFB-NR,0,1,5,1,121.0085562,24.7980323,000010,國道1號,0,94K+030,新竹交流道,竹北交流道,0000100109330O,N,N,3,3
VD-N1-N-95-I-WN-1A-新竹-公道五路,NFB-NR,0,1,5,2,121.0095146,24.8018434,000010,國道1號,0,95K+400,新竹系統交流道,新竹交流道,0000101129230O,N,N,1,1
VD-N1-N-95-I-EN-31A-新竹-公道五路,NFB-NR,0,1,5,2,121.0090927,24.7976784,000010,國道1號,0,95K+400,新竹系統交流道,新竹交流道,0000101129200O,NW,N,1,1
VD-N1-N-95-C-N-1A-新竹-公道五路-光復,NFB-NR,0,1,5,2,121.0086553,24.7980133,000010,國道1號,0,95K+400,新竹系統交流道,新竹交流道,0000101129170O,N,N,1,1
VD-N1-N-95-I-WN-22A-新竹-光復路-環道,NFB-NR,0,1,5,2,121.0063321,24.7889879,000010,國道1號,0,95K+400,新竹系統交流道,新竹交流道,0000101129140O,NW,N,2,2
VD-N1-N-95-I-WN-33A-新竹-光復路,NFB-NR,0,1,5,2,121.0064688,24.7894086,000010,國道1號,0,95K+400,新竹系統交流道,新竹交流道,0000101129120O,S,N,1,1
VD-N1-N-95-O-SE-22A-新竹-公道五路,NFB-NR,0,1,5,2,121.0083184,24.796321,000010,國道1號,0,95K+400,新竹系統交流道,新竹交流道,0000101129180O,E,N,2,2
VD-N1-N-95-O-SE-33A-新竹-公道五路,NFB-NR,0,1,5,2,121.0090243,24.7971353,000010,國道1號,0,95K+400,新竹系統交流道,新竹交流道,0000101129180O,E,N,1,1
VD-N1-N-95-O-SE-1B-新竹-園區二路,NFB-NR,0,1,5,2,121.0036475,24.7721356,000010,國道1號,0,95K+400,新竹系統交流道,新竹交流道,0000101129000J,N,N,2,2
VD-N1-N-95-O-SE-1A-新竹-光復路,NFB-NR,0,1,5,2,121.0037221,24.7812086,000010,國道1號,0,95K+400,新竹系統交流道,新竹交流道,0000101129070O,N,N,2,2
VD-N1-N-95-O-SE-21A-新竹-光復路,NFB-NR,0,1,5,2,121.0050087,24.7878587,000010,國道1號,0,95K+400,新竹系統交流道,新竹交流道,0000101129080O,NE,N,2,2
VD-N1-N-95-O-SE-31A-新竹-光復路-竹東,NFB-NR,0,1,5,2,121.0067552,24.7891115,000010,國道1號,0,95K+400,新竹系統交流道,新竹交流道,0000101129100O,E,N,1,1
VD-N1-N-95-I-EN-1B-新竹-新安路,NFB-NR,0,1,5,2,121.0038659,24.78213,000010,國道1號,0,95K+400,新竹系統交流道,新竹交流道,0000101129060O,N,N,2,2
VD-N1-N-95-I-EN-21A-新竹-公道五路,NFB-NR,0,1,5,2,121.008983,24.7984859,000010,國道1號,0,95K+400,新竹系統交流道,新竹交流道,0000101129200O,NW,N,2,2
VD-N1-N-95-O-SE-21B-新竹-園區二路,NFB-NR,0,1,5,2,121.0038822,24.7751867,000010,國道1號,0,95K+400,新竹系統交流道,新竹交流道,0000101129020J,N,N,3,3
VD-N1-N-95.910-N-LOOP,NFB-NR,0,1,5,1,121.0035284,24.7816526,000010,國道1號,0,95K+910,新竹系統交流道,新竹交流道,0000100109550O,N,N,3,3
VD-N1-N-97.080-N-LOOP,NFB-NR,0,1,5,1,121.0032816,24.7711729,000010,國道1號,0,97K+080,新竹系統交流道,新竹交流道,0000100109700J,N,N,4,4
VD-N1-N-97.560-M-LOOP,NFB-NR,0,1,5,1,121.0016764,24.7670208,000010,國道1號,0,97K+560,新竹系統交流道,新竹交流道,0000100109740J,NE,N,4,4
VD-N1-N-98.000-M-RS,NFB-NR,0,2,1,1,120.9990742,24.7635845,000010,國道1號,0,98K+000,新竹系統交流道,新竹交流道,0000100109800J,NE,N,4,4
VD-N1-N-98.860-N-LOOP,NFB-NR,0,1,5,1,120.991688,24.7603915,000010,國道1號,0,98K+860,新竹系統交流道,新竹交流道,0000100109860J,E,N,3,3
VD-N1-N-99-I-WN-新竹系統-3N1N,NFB-NR,0,1,5,2,120.9835842,24.7576162,000010,國道1號,0,99K+400,頭份交流道,新竹系統交流道,0000101130050J,E,N,2,2
VD-N1-N-99-I-EN-新竹系統-3S1N,NFB-NR,0,1,5,2,120.9914851,24.7571434,000010,國道1號,0,99K+400,頭份交流道,新竹系統交流道,0000101130040J,N,N,1,1
VD-N3-S-0-I-ES-22-基金,NFB-NR,0,1,5,2,121.7160115,25.1395816,000030,國道3號,0,0K+000,基金交流道,瑪東系統交流道,0000300000000C,SW,S,1,1
VD-N3-S-0-I-WS-21-基金,NFB-NR,0,1,5,2,121.7135329,25.1393315,000030,國道3號,0,0K+000,基金交流道,瑪東系統交流道,0000301001010C,W,S,1,1
VD-N3-S-0.150-M-LOOP,NFB-NR,0,1,5,1,121.7130847,25.1388196,000030,國道3號,0,0K+150,基金交流道,瑪東系統交流道,0000300000000C,SW,S,2,2
VD-N3-S-0.610-M-LOOP,NFB-NR,0,1,5,1,121.7089364,25.1370822,000030,國道3號,0,0K+610,基金交流道,瑪東系統交流道,0000300000070C,W,S,3,3
VD-N3-S-0.910-M-LOOP,NFB-NR,0,1,5,1,121.706693,25.1364222,000030,國道3號,0,0K+910,基金交流道,瑪東系統交流道,0000300000080C,W,S,3,3
VD-N3-S-1.730-M-LOOP,NFB-NR,0,1,5,1,121.6999928,25.1323512,000030,國道3號,0,1K+730,基金交流道,瑪東系統交流道,0000300000100C,SW,S,3,3
VD-N3-S-1.980-M-RS,NFB-NR,0,2,1,1,121.6986369,25.1304572,000030,國道3號,0,1K+980,基金交流道,瑪東系統交流道,0000300000200C,SW,S,3,3
VD-N3-S-2-O-NE-1-瑪東,NFB-NR,0,1,5,2,121.6975623,25.1284167,000030,國道3號,0,2K+400,瑪東系統交流道,汐止系統交流道,0000301002000C,S,S,1,1
VD-N3-S-2-I-ES-1-瑪東,NFB-NR,0,1,5,2,121.6969299,25.1245436,000030,國道3號,0,2K+400,瑪東系統交流道,汐止系統交流道,0000301002020C,SW,S,1,1
VD-N3-S-2.680-N-LOOP,NFB-NR,0,1,5,1,121.6971003,25.1246333,000030,國道3號,0,2K+680,瑪東系統交流道,汐止系統交流道,0000300000220C,S,S,3,3
VD-N3-S-5-B-七堵收費站,NFB-NR,0,1,5,2,121.6840708,25.1082789,000030,國道3號,0,5K+000,瑪東系統交流道,汐止系統交流道,0000300000520C,SW,S,1,1
VD-N3-S-5.620-M-LOOP,NFB-NR,0,1,5,1,121.6809915,25.1033611,000030,國道3號,0,5K+620,瑪東系統交流道,汐止系統交流道,0000300000520C,SW,S,3,3
VD-N3-S-5.870-M-LOOP,NFB-NR,0,1,5,1,121.6789106,25.1016673,000030,國道3號,0,5K+870,瑪東系統交流道,汐止系統交流道,0000300000570C,SW,S,3,3
VD-N3-S-6.300-M-LOOP,NFB-NR,0,1,5,1,121.674965,25.0997782,000030,國道3號,0,6K+300,瑪東系統交流道,汐止系統交流道,0000300000630C,W,S,3,3
VD-N3-S-7.020-M-RS,NFB-NR,0,2,1,1,121.6687044,25.0974948,000030,國道3號,0,7K+020,瑪東系統交流道,汐止系統交流道,0000300000630C,W,S,3,3
VD-N3-S-7.960-M-LOOP,NFB-NR,0,1,5,1,121.6611819,25.0924761,000030,國道3號,0,7K+960,瑪東系統交流道,汐止系統交流道,0000300000700C,SW,S,3,3
VD-N3-S-8.240-M-LOOP,NFB-NR,0,1,5,1,121.6584442,25.0918033,000030,國道3號,0,8K+240,瑪東系統交流道,汐止系統交流道,0000300000810C,W,S,3,3
VD-N3-S-8.640-M-LOOP,NFB-NR,0,1,5,1,121.6547473,25.090622,000030,國道3號,0,8K+640,瑪東系統交流道,汐止系統交流道,0000300000830F,W,S,3,3
VD-N3-S-9.260-M-LOOP,NFB-NR,0,1,5,1,121.6503491,25.0865897,000030,國道3號,0,9K+260,瑪東系統交流道,汐止系統交流道,0000300000900F,S,S,3,3
VD-N3-S-10-I-WS-汐止系統-1N3S,NFB-NR,0,1,5,2,121.6414963,25.0712243,000030,國道3號,0,10K+900,汐止系統交流道,新台五路交流道,0000301003070F,SE,S,1,1
VD-N3-S-10-I-ES-汐止系統-1S3S,NFB-NR,0,1,5,2,121.6485307,25.0744295,000030,國道3號,0,10K+900,汐止系統交流道,新台五路交流道,0000301003080F,SW,S,1,1
VD-N3-S-11.330-N-LOOP,NFB-NR,0,1,5,1,121.6443454,25.068546,000030,國道3號,0,11K+330,汐止系統交流道,新台五路交流道,0000300001100F,S,S,2,2
VD-N3-S-11.830-M-RS,NFB-NR,0,2,1,1,121.6429837,25.0645115,000030,國道3號,0,11K+830,汐止系統交流道,新台五路交流道,0000300001160F,S,S,4,4
VD-N3-S-12.300-M-LOOP,NFB-NR,0,1,5,1,121.6413857,25.0600721,000030,國道3號,0,12K+300,汐止系統交流道,新台五路交流道,0000300001200F,S,S,4,4
VD-N3-S-12-I-WS-1B-新台五路,NFB-NR,0,1,5,2,121.6357096,25.0558291,000030,國道3號,0,12K+700,新台五路交流道,南港交流道,0000301004040F,SW,S,1,1
VD-N3-S-12-I-ES-1A-新台五路,NFB-NR,0,1,5,2,121.6431545,25.059754,000030,國道3號,0,12K+700,新台五路交流道,南港交流道,0000301004030F,SW,S,1,1
VD-N3-S-12-O-NW-1-新台五路,NFB-NR,0,1,5,2,121.6401027,25.0582046,000030,國道3號,0,12K+700,新台五路交流道,南港交流道,0000301004000F,SW,S,1,1
VD-N3-S-12-O-NE-21-新台五路,NFB-NR,0,1,5,2,121.6375088,25.0560138,000030,國道3號,0,12K+700,新台五路交流道,南港交流道,0000301004010F,SW,S,1,1
VD-N3-S-12.750-N-LOOP,NFB-NR,0,1,5,1,121.6392962,25.0570335,000030,國道3號,0,12K+750,新台五路交流道,南港交流道,0000300001240F,SW,S,3,3
VD-N3-S-13.730-M-LOOP,NFB-NR,0,1,5,1,121.6309662,25.0525718,000030,國道3號,0,13K+730,新台五路交流道,南港交流道,0000300001360F,SW,S,4,4
VD-N3-S-14.140-M-RS,NFB-NR,0,2,1,1,121.627729,25.0501004,000030,國道3號,0,14K+140,新台五路交流道,南港交流道,0000300001410F,SW,S,3,3
VD-N3-S-14.700-N-LOOP,NFB-NR,0,1,5,1,121.6254377,25.046337,000030,國道3號,0,14K+700,新台五路交流道,南港交流道,0000300001410F,SW,S,3,3
VD-N3-S-14-O-NW-1-南港,NFB-NR,0,1,5,2,121.6275252,25.0501479,000030,國道3號,0,15K+100,南港交流道,南港系統交流道,0000300101400F,NE,S,1,1
VD-N3-S-14-I-WS-1-南港,NFB-NR,0,1,5,2,121.6248609,25.0454061,000030,國道3號,0,15K+100,南港交流道,南港系統交流道,0000301005010F,SE,S,2,2
VD-N3-S-15.540-M-RS,NFB-NR,0,2,1,1,121.6231115,25.0386372,000030,國道3號,0,15K+500,南港交流道,南港系統交流道,0000300001550A,SW,S,5,5
VD-N3-S-15.700-M-LOOP,NFB-NR,0,1,5,1,121.6217797,25.0368656,000030,國道3號,0,15K+700,南港交流道,南港系統交流道,0000300001550A,SW,S,5,5
VD-N3-S-16.100-N-LOOP,NFB-NR,0,1,5,1,121.6193481,25.0349061,000030,國道3號,0,16K+100,南港交流道,南港系統交流道,0000300001600A,SW,S,3,3
VD-N3-S-16-I-ES-1-南港系統,NFB-NR,0,1,5,2,121.6225226,25.0356688,000030,國道3號,0,16K+300,南港系統交流道,南深路交流道,0000301006010A,W,S,2,2
VD-N3-S-16-O-NE-1-南港系統,NFB-NR,0,1,5,2,121.6189883,25.0354451,000030,國道3號,0,16K+300,南港系統交流道,南深路交流道,0000301006000A,E,S,2,2
VD-N3-S-16.390-M-RS,NFB-NR,0,2,1,1,121.6170634,25.0335273,000030,國道3號,0,16K+390,南港系統交流道,南深路交流道,0000300001630A,SW,S,5,5
VD-N3-S-17.110-M-LOOP,NFB-NR,0,1,5,1,121.6109838,25.0299678,000030,國道3號,0,17K+110,南深路交流道,木柵交流道,0000300001700A,SW,S,3,3
VD-N3-S-17.880-M-LOOP,NFB-NR,0,2,1,1,121.6046092,25.0261259,000030,國道3號,0,17K+880,南深路交流道,木柵交流道,0000300001700A,SW,S,3,3
VD-N3-S-19.330-M-LOOP,NFB-NR,0,1,5,1,121.597673,25.0149966,000030,國道3號,0,19K+330,南深路交流道,木柵交流道,0000300001900A,S,S,3,3
VD-N3-S-19.730-M-LOOP,NFB-NR,0,1,5,1,121.5968994,25.0114671,000030,國道3號,0,19K+730,南深路交流道,木柵交流道,0000300001950F,S,S,3,3
VD-N3-S-20.600-N-LOOP,NFB-NR,0,1,5,1,121.5951727,25.0037169,000030,國道3號,0,20K+600,南深路交流道,木柵交流道,0000300002040A,S,S,3,3
VD-N3-S-20-I-WS-1-木柵,NFB-NR,0,1,5,2,121.5941974,25.0005855,000030,國道3號,0,20K+800,木柵交流道,木柵休息站,0000301008050A,S,S,1,1
VD-N3-S-20-I-WS-21-木柵,NFB-NR,0,1,5,2,121.5933448,25.0019411,000030,國道3號,0,20K+800,木柵交流道,木柵休息站,0000301008030A,SE,S,1,1
VD-N3-S-20-O-NE-21-木柵,NFB-NR,0,1,5,2,121.5941166,25.0026441,000030,國道3號,0,20K+800,木柵交流道,木柵休息站,0000301008010A,W,S,1,1
VD-N3-S-20-O-NW-1-木柵,NFB-NR,0,1,5,2,121.595011,25.0037752,000030,國道3號,0,20K+800,木柵交流道,木柵休息站,0000301008000A,SW,S,1,1
VD-N3-S-21.520-M-RS,NFB-NR,0,2,1,1,121.5933187,24.9952957,000030,國道3號,0,21K+520,木柵交流道,木柵休息站,0000300002110A,S,S,3,3
VD-N3-S-22.590-M-LOOP,NFB-NR,0,1,5,1,121.5905292,24.9863167,000030,國道3號,0,22K+590,木柵交流道,木柵休息站,0000300002200A,SW,S,3,3
VD-N3-S-23.000-M-LOOP,NFB-NR,0,1,5,1,121.5884599,24.9833844,000030,國道3號,0,23K+000,木柵交流道,木柵休息站,0000300002200A,SW,S,3,3
VD-N3-S-24.290-M-LOOP,NFB-NR,0,1,5,1,121.5780684,24.9770295,000030,國道3號,0,24K+290,木柵交流道,木柵休息站,0000300002400A,W,S,3,3
VD-N3-S-25.110-M-LOOP,NFB-NR,0,2,1,1,121.5698251,24.976594,000030,國道3號,0,25K+110,木柵休息站,新店交流道,0000300002500A,W,S,3,3
VD-N3-S-25.720-M-LOOP,NFB-NR,0,1,5,1,121.5639162,24.9775089,000030,國道3號,0,25K+720,木柵休息站,新店交流道,0000300002500A,W,S,3,3
VD-N3-S-26-O-NW-1-新店,NFB-NR,0,1,5,2,121.5530465,24.9736746,000030,國道3號,0,26K+800,新店交流道,安坑交流道,0000301009000F,W,S,1,1
VD-N3-S-26-I-WS-1-新店,NFB-NR,0,1,5,2,121.5512358,24.9733035,000030,國道3號,0,26K+800,新店交流道,安坑交流道,0000301009040F,S,S,1,1
VD-N3-S-27.050-N-LOOP,NFB-NR,0,1,5,1,121.5522893,24.972106,000030,國道3號,0,27K+050,新店交流道,安坑交流道,0000300002660F,SW,S,3,3
VD-N3-S-27.720-M-LOOP,NFB-NR,0,1,5,1,121.5484313,24.9674266,000030,國道3號,0,27K+720,新店交流道,安坑交流道,0000300002720F,SW,S,3,3
VD-N3-S-28.910-M-LOOP,NFB-NR,0,1,5,1,121.540962,24.959382,000030,國道3號,0,28K+910,新店交流道,安坑交流道,0000300002860F,SW,S,3,3
VD-N3-S-30.120-M-RS,NFB-NR,0,2,1,1,121.5305149,24.9625912,000030,國道3號,0,30K+120,新店交流道,安坑交流道,0000300003000F,NW,S,3,3
VD-N3-S-31-O-NW-1-安坑,NFB-NR,0,1,5,2,121.5267366,24.9674895,000030,國道3號,0,31K+100,安坑交流道,中和交流道,0000301010000F,NW,S,1,1
VD-N3-S-31-I-WS-21-安坑,NFB-NR,0,1,5,2,121.5253135,24.9700386,000030,國道3號,0,31K+100,安坑交流道,中和交流道,0000301010110F,W,S,1,1
VD-N3-S-31-I-ES-22-安坑,NFB-NR,0,1,5,2,121.5236732,24.9681613,000030,國道3號,0,31K+100,安坑交流道,中和交流道,0000301010120F,N,S,2,2
VD-N3-T-31-A-W-31-安坑,NFB-NR,0,1,5,2,121.5290421,24.9716691,000030,國道3號,0,31K+100,安坑交流道,中和交流道,0000301010060F,E,S,1,1
VD-N3-S-31-O-NW-21-安坑,NFB-NR,0,1,5,2,121.526192,24.9691647,000030,國道3號,0,31K+100,安坑交流道,中和交流道,0000301010010F,N,S,1,1
VD-N3-S-31.470-N-LOOP,NFB-NR,0,1,5,1,121.5224939,24.9719774,000030,國道3號,0,31K+470,安坑交流道,中和交流道,0000300003100F,NW,S,3,3
VD-N3-S-32.190-M-LOOP,NFB-NR,0,1,5,1,121.5175493,24.9766756,000030,國道3號,0,32K+190,安坑交流道,中和交流道,0000300003200F,NW,S,4,4
VD-N3-S-32.990-M-LOOP,NFB-NR,0,1,5,1,121.5099443,24.9781366,000030,國道3號,0,32K+990,安坑交流道,中和交流道,0000300003260F,W,S,3,3
VD-N3-S-33.540-M-RS,NFB-NR,0,2,1,1,121.5045624,24.9783918,000030,國道3號,0,33K+540,安坑交流道,中和交流道,0000300003310F,W,S,3,3
VD-N3-S-34.440-M-LOOP,NFB-NR,0,1,5,1,121.4964724,24.9818157,000030,國道3號,0,34K+440,安坑交流道,中和交流道,0000300003430F,NW,S,3,3
VD-N3-S-35.350-M-LOOP,NFB-NR,0,1,5,1,121.4901091,24.987364,000030,國道3號,0,35K+350,安坑交流道,中和交流道,0000300003510F,NW,S,3,3
VD-N3-S-35-I-WS-21-中和,NFB-NR,0,1,5,2,121.4836634,24.9910342,000030,國道3號,0,35K+900,中和交流道,土城交流道,0000301011080F,SW,S,1,1
VD-N3-S-35-O-NW-1-中和,NFB-NR,0,1,5,2,121.4863663,24.9899283,000030,國道3號,0,35K+900,中和交流道,土城交流道,0000301011000F,NW,S,2,2
VD-N3-T-35-A-W-21-中和-台64中永和,NFB-NR,0,1,5,2,121.4857719,24.9940152,000030,國道3號,0,35K+900,中和交流道,土城交流道,0000301011030F,NE,S,2,2
VD-N3-T-35-A-W-1-中和-台64,NFB-NR,0,1,5,2,121.4857251,24.9921364,000030,國道3號,0,35K+900,中和交流道,土城交流道,0000301011010F,N,S,4,4
VD-N3-S-35-I-WS-22-中和-台64,NFB-NR,0,1,5,2,121.4840796,24.9908903,000030,國道3號,0,35K+900,中和交流道,土城交流道,0000301011090F,SW,S,1,1
VD-N3-S-36.140-N-LOOP,NFB-NR,0,1,5,1,121.4825384,24.9893305,000030,國道3號,0,36K+140,中和交流道,土城交流道,0000300003600F,W,S,3,3
VD-N3-S-37.830-M-RS,NFB-NR,0,2,1,1,121.4691096,24.9806484,000030,國道3號,0,37K+830,中和交流道,土城交流道,0000300003700F,SW,S,4,4
VD-N3-S-39.130-M-LOOP,NFB-NR,0,1,5,1,121.4580887,24.9751914,000030,國道3號,0,39K+130,中和交流道,土城交流道,0000300003900F,W,S,4,4
VD-N3-S-40.020-M-LOOP,NFB-NR,0,1,5,1,121.4493676,24.9746747,000030,國道3號,0,40K+020,中和交流道,土城交流道,0000300004000F,SW,S,4,4
VD-N3-S-41.010-M-LOOP,NFB-NR,0,1,5,1,121.4428496,24.968208,000030,國道3號,0,41K+010,中和交流道,土城交流道,0000300004000F,SW,S,4,4
VD-N3-S-42.540-N-LOOP,NFB-NR,0,1,5,1,121.4313166,24.9601258,000030,國道3號,0,42K+540,中和交流道,土城交流道,0000300004200F,W,S,4,4
VD-N3-S-43-I-WS-21-土城-平面,NFB-NR,0,1,5,2,121.4319268,24.961544,000030,國道3號,0,43K+000,土城交流道,樹林交流道,0000301012070F,SW,S,1,1
VD-N3-S-43-O-NW-21-土城-平面,NFB-NR,0,1,5,2,121.4334687,24.9612816,000030,國道3號,0,43K+000,土城交流道,樹林交流道,0000301012010F,NW,S,2,2
VD-N3-T-43-A-W-22-土城,NFB-NR,0,1,5,2,121.4328959,24.9651385,000030,國道3號,0,43K+000,土城交流道,樹林交流道,0000301012040F,NE,S,1,1
VD-N3-S-43-I-WS-22-土城-T65N3S,NFB-NR,0,1,5,2,121.4316381,24.9609097,000030,國道3號,0,43K+000,土城交流道,樹林交流道,0000301012080F,S,S,1,1
VD-N3-S-43-O-NW-22-土城-N3ST65,NFB-NR,0,1,5,2,121.4333348,24.9611587,000030,國道3號,0,43K+000,土城交流道,樹林交流道,0000301012020F,NW,S,1,1
VD-N3-S-43.800-M-RS,NFB-NR,0,1,5,1,121.4197788,24.9560389,000030,國道3號,0,43K+800,土城交流道,樹林交流道,0000300004300F,SW,S,4,4
VD-N3-S-44.990-M-LOOP,NFB-NR,0,1,5,1,121.4106617,24.9502499,000030,國道3號,0,44K+990,土城交流道,樹林交流道,0000300004400F,SW,S,4,4
VD-N3-S-46.020-M-樹林地磅站,NFB-NR,0,1,5,2,121.400485,24.9511499,000030,國道3號,0,46K+020,土城交流道,樹林交流道,0000301013000F,W,S,1,1
VD-N3-S-46-B-樹林收費站,NFB-NR,0,1,5,2,121.3956228,24.9517055,000030,國道3號,0,46K+500,樹林交流道,三鶯交流道,0000301013000F,W,S,1,1
VD-N3-S-46-O-NW-1-樹林,NFB-NR,0,1,5,2,121.3990344,24.951241,000030,國道3號,0,46K+500,樹林交流道,三鶯交流道,0000301013000F,W,S,2,2
VD-N3-S-47.390-M-RS,NFB-NR,0,2,1,1,121.3869513,24.9519294,000030,國道3號,0,47K+390,樹林交流道,三鶯交流道,0000300004730F,W,S,4,4
VD-N3-S-48.010-M-LOOP,NFB-NR,0,1,5,1,121.3808394,24.9514912,000030,國道3號,0,48K+010,樹林交流道,三鶯交流道,0000300004730F,W,S,4,4
VD-N3-S-49.000-M-LOOP,NFB-NR,0,1,5,1,121.3715737,24.9483124,000030,國道3號,0,49K+000,樹林交流道,三鶯交流道,0000300004900F,SW,S,4,4
VD-N3-S-50-I-WS-1-三鶯,NFB-NR,0,1,5,2,121.357652,24.9388785,000030,國道3號,0,50K+600,三鶯交流道,鶯歌系統交流道,0000301014020F,S,S,2,2
VD-N3-S-50-I-WS-21-三鶯,NFB-NR,0,1,5,2,121.3576941,24.9393017,000030,國道3號,0,50K+600,三鶯交流道,鶯歌系統交流道,0000301014020F,S,S,1,1
VD-N3-S-50-O-NE-1B-三鶯-環道,NFB-NR,0,1,5,2,121.3579517,24.9381301,000030,國道3號,0,50K+600,三鶯交流道,鶯歌系統交流道,0000301014010F,NE,S,1,1
VD-N3-S-50-O-NW-1A-三鶯-匝道,NFB-NR,0,1,5,2,121.3604782,24.9398659,000030,國道3號,0,50K+600,三鶯交流道,鶯歌系統交流道,0000301014000F,W,S,1,1
VD-N3-S-50.840-N-LOOP,NFB-NR,0,1,5,1,121.3580153,24.9374983,000030,國道3號,0,50K+840,三鶯交流道,鶯歌系統交流道,0000300005060F,SW,S,4,4
VD-N3-S-52.900-M-RS,NFB-NR,0,2,1,1,121.3387092,24.9372831,000030,國道3號,0,52K+900,三鶯交流道,鶯歌系統交流道,0000300005200F,W,S,5,5
VD-N3-S-52.920-M-LOOP,NFB-NR,0,1,5,1,121.3381885,24.9374709,000030,國道3號,0,52K+920,三鶯交流道,鶯歌系統交流道,0000300005200F,W,S,5,5
VD-N3-S-53.600-M-LOOP,NFB-NR,0,1,5,1,121.3321839,24.9392583,000030,國道3號,0,53K+600,三鶯交流道,鶯歌系統交流道,0000300005300F,W,S,5,5
VD-N3-S-54-O-NW-鶯歌系統-3S2W,NFB-NR,0,1,5,2,121.328148,24.939957,000030,國道3號,0,54K+400,鶯歌系統交流道,大溪交流道,0000301015000F,NW,S,2,2
VD-N3-S-54-I-WS-鶯歌系統-2E3S,NFB-NR,0,1,5,2,121.3232783,24.9407825,000030,國道3號,0,54K+400,鶯歌系統交流道,大溪交流道,0000301015010F,SW,S,2,2
VD-N3-S-54.650-N-LOOP,NFB-NR,0,1,5,1,121.321956,24.9384619,000030,國道3號,0,54K+650,鶯歌系統交流道,大溪交流道,0000300005400F,W,S,3,3
VD-N3-S-56.270-M-RS,NFB-NR,0,2,1,1,121.3105858,24.9285161,000030,國道3號,0,56K+270,鶯歌系統交流道,大溪交流道,0000300005600H,SW,S,4,4
VD-N3-S-58.010-M-LOOP,NFB-NR,0,1,5,1,121.2966887,24.9191457,000030,國道3號,0,58K+010,鶯歌系統交流道,大溪交流道,0000300005700H,SW,S,4,4
VD-N3-S-59.150-M-LOOP,NFB-NR,0,1,5,1,121.2908901,24.9104865,000030,國道3號,0,59K+150,鶯歌系統交流道,大溪交流道,0000300005900H,SW,S,4,4
VD-N3-S-59.690-M-LOOP,NFB-NR,0,1,5,1,121.2863008,24.9081835,000030,國道3號,0,59K+690,鶯歌系統交流道,大溪交流道,0000300005950H,W,S,4,4
VD-N3-S-60.470-M-LOOP,NFB-NR,0,1,5,1,121.2787392,24.9067285,000030,國道3號,0,60K+470,鶯歌系統交流道,大溪交流道,0000300006030H,W,S,4,4
VD-N3-S-61.400-M-LOOP,NFB-NR,0,1,5,1,121.2710472,24.9020347,000030,國道3號,0,61K+400,鶯歌系統交流道,大溪交流道,0000300006100H,SW,S,5,5
VD-N3-S-62.520-N-LOOP,NFB-NR,0,1,5,1,121.2650973,24.8935613,000030,國道3號,0,62K+520,鶯歌系統交流道,大溪交流道,0000300006220H,SW,S,3,3
VD-N3-S-62-I-ES-22-大溪-環道,NFB-NR,0,1,5,2,121.2634637,24.8930116,000030,國道3號,0,62K+700,大溪交流道,龍潭交流道,0000301017030H,S,S,1,1
VD-N3-S-62-I-WS-21-大溪-匝道,NFB-NR,0,1,5,2,121.2623279,24.8935426,000030,國道3號,0,62K+700,大溪交流道,龍潭交流道,0000301017040H,S,S,1,1
VD-N3-S-62-O-NW-1-大溪,NFB-NR,0,1,5,2,121.2679472,24.8988533,000030,國道3號,0,62K+700,大溪交流道,龍潭交流道,0000301017000H,SW,S,2,2
VD-N3-S-62-O-NW-31-大溪,NFB-NR,0,1,5,2,121.2646348,24.8939858,000030,國道3號,0,62K+700,大溪交流道,龍潭交流道,0000301017000H,SW,S,1,1
VD-N3-S-62-O-NW-21-大溪-平面段,NFB-NR,0,1,5,2,121.2669066,24.8976187,000030,國道3號,0,62K+700,大溪交流道,龍潭交流道,0000300006100H,SW,S,2,2
VD-N3-S-62-O-NW-大溪系統-3ST66W,NFB-NR,0,1,5,2,121.26213,24.8974206,100660,國道3號,0,62K+700,大溪交流道,龍潭交流道,1006601010020H,SE,S,2,2
VD-N3-S-62-O-NE-43-大溪,NFB-NR,0,1,5,2,121.2633413,24.8909819,000030,國道3號,0,62K+700,大溪交流道,龍潭交流道,0000301017040H,S,S,1,1
VD-N3-S-64.500-M-RS,NFB-NR,0,2,1,1,121.2533529,24.8800225,000030,國道3號,0,64K+500,大溪交流道,龍潭交流道,0000300006400H,SW,S,4,4
VD-N3-S-66.020-M-LOOP,NFB-NR,0,1,5,1,121.241421,24.8720554,000030,國道3號,0,66K+020,大溪交流道,龍潭交流道,0000300006500H,SW,S,4,4
VD-N3-S-67.000-M-LOOP,NFB-NR,0,1,5,1,121.2345221,24.8657843,000030,國道3號,0,67K+000,大溪交流道,龍潭交流道,0000300006600H,SW,S,4,4
VD-N3-S-68-I-WS-21-龍潭,NFB-NR,0,1,5,2,121.2223956,24.8623876,000030,國道3號,0,68K+300,龍潭交流道,高原交流道,0000301018050H,S,S,1,1
VD-N3-S-68-I-WS-1-龍潭,NFB-NR,0,1,5,2,121.221943,24.8619775,000030,國道3號,0,68K+300,龍潭交流道,高原交流道,0000301018050H,S,S,2,2
VD-N3-S-68-O-NW-1-龍潭,NFB-NR,0,1,5,2,121.2252771,24.8625435,000030,國道3號,0,68K+300,龍潭交流道,高原交流道,0000301018000H,W,S,1,1
VD-N3-S-68-O-NW-21-龍潭,NFB-NR,0,1,5,2,121.2239365,24.8627245,000030,國道3號,0,68K+300,龍潭交流道,高原交流道,0000301018010H,NW,S,1,1
VD-N3-S-68.450-N-LOOP,NFB-NR,0,1,5,1,121.2211732,24.8613053,000030,國道3號,0,68K+450,龍潭交流道,高原交流道,0000300006800H,W,S,3,3
VD-N3-S-69.700-M-RS,NFB-NR,0,2,1,1,121.2096304,24.8572654,000030,國道3號,0,69K+700,龍潭交流道,高原交流道,0000300006900H,SW,S,3,3
VD-N3-S-70.000-M-LOOP,NFB-NR,0,1,5,1,121.2071684,24.8557917,000030,國道3號,0,70K+000,龍潭交流道,高原交流道,0000300006900H,SW,S,4,4
VD-N3-S-71.000-M-LOOP,NFB-NR,0,1,5,1,121.2008608,24.8488345,000030,國道3號,0,71K+020,龍潭交流道,高原交流道,0000300007000H,SW,S,4,4
VD-N3-S-72-B-龍潭收費站,NFB-NR,0,1,5,2,121.1986866,24.8404581,000030,國道3號,0,72K+980,高原交流道,關西服務區,0000301075000H,S,S,1,1
VD-N3-S-73-O-NW-1-高原,NFB-NR,0,1,5,2,121.1988229,24.8419426,000030,國道3號,0,72K+980,高原交流道,關西服務區,0000301075000H,S,S,2,2
VD-N3-S-73-O-NE-21-高原,NFB-NR,0,1,5,2,121.1989568,24.8313212,000030,國道3號,0,72K+980,高原交流道,關西服務區,0000301075020H,S,S,1,1
VD-N3-S-73-O-NW-22-高原,NFB-NR,0,1,5,2,121.1990521,24.8313074,000030,國道3號,0,72K+980,高原交流道,關西服務區,0000301075010H,SW,S,1,1
VD-N3-S-73-I-WS-22-高原,NFB-NR,0,1,5,2,121.1990708,24.8308462,000030,國道3號,0,72K+980,高原交流道,關西服務區,0000301075030H,SE,S,1,1
VD-N3-S-73-I-ES-21-高原,NFB-NR,0,1,5,2,121.1989711,24.8307593,000030,國道3號,0,72K+980,高原交流道,關西服務區,0000301075040H,S,S,1,1
VD-N3-S-73.020-N-LOOP,NFB-NR,0,1,5,1,121.1994184,24.83063,000030,國道3號,0,73K+020,高原交流道,關西服務區,0000300007300H,S,S,3,3
VD-N3-S-74.140-M-RS,NFB-NR,0,1,5,1,121.2000157,24.8206835,000030,國道3號,0,74K+140,高原交流道,關西服務區,0000300007400H,S,S,3,3
VD-N3-S-75.430-M-LOOP,NFB-NR,0,1,5,1,121.2002082,24.8092189,000030,國道3號,0,75K+430,高原交流道,關西服務區,0000300007500J,S,S,3,3
VD-N3-S-76-O-NW-1-關西服務區,NFB-NR,0,1,5,2,121.1980607,24.8041772,000030,國道3號,0,76K+200,關西服務區,關西交流道,0000301081000J,SW,S,1,1
VD-N3-S-76-I-WS-關西服務區,NFB-NR,0,1,5,2,121.1938618,24.7995003,000030,國道3號,0,76K+200,關西服務區,關西交流道,0000300007600J,SW,S,1,1
VD-N3-S-76.360-N-LOOP,NFB-NR,0,1,5,1,121.1966021,24.80163,000030,國道3號,0,76K+360,關西服務區,關西交流道,0000300007600J,SW,S,3,3
VD-N3-S-77.260-M-RS,NFB-NR,0,1,5,1,121.1891054,24.7971629,000030,國道3號,0,77K+260,關西服務區,關西交流道,0000300007710J,W,S,4,4
VD-N3-S-78.210-M-LOOP,NFB-NR,0,1,5,1,121.1800728,24.7971347,000030,國道3號,0,78K+210,關西服務區,關西交流道,0000300007800J,W,S,4,4
VD-N3-S-79.000-N-LOOP,NFB-NR,0,1,5,1,121.1731282,24.8005391,000030,國道3號,0,79K+000,關西服務區,關西交流道,0000300007860J,NW,S,3,3
VD-N3-S-79-I-ES-1-關西,NFB-NR,0,1,5,2,121.1705223,24.8010767,000030,國道3號,0,79K+300,關西交流道,竹林交流道,0000301020040J,E,S,1,1
VD-N3-S-79-O-NE-1-關西,NFB-NR,0,1,5,2,121.1743142,24.8002469,000030,國道3號,0,79K+300,關西交流道,竹林交流道,0000301020000J,W,S,1,1
VD-N3-S-80.400-M-LOOP,NFB-NR,0,1,5,1,121.1608315,24.8063635,000030,國道3號,0,80K+400,關西交流道,竹林交流道,0000300008000J,W,S,4,4
VD-N3-S-81.850-M-LOOP,NFB-NR,0,1,5,1,121.1468413,24.8067002,000030,國道3號,0,81K+850,關西交流道,竹林交流道,0000300008100J,W,S,4,4
VD-N3-S-83.750-M-LOOP,NFB-NR,0,1,5,1,121.1307059,24.7981398,000030,國道3號,0,83K+750,關西交流道,竹林交流道,0000300008300J,SW,S,4,4
VD-N3-S-85.010-M-RS,NFB-NR,0,2,1,1,121.1244247,24.7884373,000030,國道3號,0,85K+010,關西交流道,竹林交流道,0000300008400J,SW,S,3,3
VD-N3-S-86.750-M-LOOP,NFB-NR,0,1,5,1,121.1114567,24.7794425,000030,國道3號,0,86K+750,關西交流道,竹林交流道,0000300008600J,W,S,3,3
VD-N3-S-88.910-M-LOOP,NFB-NR,0,1,5,1,121.0908777,24.7754696,000030,國道3號,0,88K+910,關西交流道,竹林交流道,0000300008800J,SW,S,4,4
VD-N3-S-90-I-ES-22-竹林,NFB-NR,0,1,5,2,121.0794113,24.7672426,000030,國道3號,0,90K+300,竹林交流道,寶山休息站,0000301021040J,SW,S,1,1
VD-N3-S-90-I-WS-1-竹林,NFB-NR,0,1,5,2,121.0791174,24.7669459,000030,國道3號,0,90K+300,竹林交流道,寶山休息站,0000301021030J,S,S,2,2
VD-N3-S-90-O-NW-21-竹林,NFB-NR,0,1,5,2,121.0814948,24.7674956,000030,國道3號,0,90K+300,竹林交流道,寶山休息站,0000301021010J,W,S,1,1
VD-N3-S-90-O-NE-22-竹林,NFB-NR,0,1,5,2,121.0812109,24.7677212,000030,國道3號,0,90K+300,竹林交流道,寶山休息站,0000301021020J,SW,S,1,1
VD-N3-S-90.480-N-LOOP,NFB-NR,0,1,5,1,121.0800071,24.7653602,000030,國道3號,0,90K+480,竹林交流道,寶山休息站,0000300009000J,SW,S,3,3
VD-N3-S-92.310-M-RS,NFB-NR,0,1,5,1,121.0650423,24.7568529,000030,國道3號,0,92K+310,竹林交流道,寶山休息站,0000300009200J,W,S,4,4
VD-N3-S-94.000-M-LOOP,NFB-NR,0,1,5,1,121.0495629,24.7615837,000030,國道3號,0,94K+000,竹林交流道,寶山休息站,0000300009300J,NW,S,3,3
VD-N3-S-96.340-M-LOOP,NFB-NR,0,1,5,1,121.0290508,24.7574067,000030,國道3號,0,96K+340,竹林交流道,寶山休息站,0000300009600J,SW,S,4,4
VD-N3-S-96-O-NW-1-寶山休息站,NFB-NR,0,1,5,2,121.0263757,24.7560073,000030,國道3號,0,96K+600,寶山休息站,寶山交流道,0000301082000J,W,S,1,1
VD-N3-S-96-I-WS-1-寶山休息站,NFB-NR,0,1,5,2,121.0242276,24.7551639,000030,國道3號,0,96K+600,寶山休息站,寶山交流道,0000301082000J,W,S,1,1
VD-N3-S-97.350-M-LOOP,NFB-NR,0,1,5,1,121.0197371,24.7542629,000030,國道3號,0,97K+350,寶山休息站,寶山交流道,0000300009710J,W,S,3,3
VD-N3-S-97.770-M-LOOP,NFB-NR,0,1,5,1,121.0160498,24.7546233,000030,國道3號,0,97K+770,寶山休息站,寶山交流道,0000300009710J,W,S,3,3
VD-N3-S-98-I-WS-1-寶山,NFB-NR,0,1,5,2,121.003289,24.7573703,000030,國道3號,0,98K+800,寶山交流道,新竹系統交流道,0000301022070J,W,S,1,1
VD-N3-S-98-O-NW-1-寶山,NFB-NR,0,1,5,2,121.0092791,24.7568952,000030,國道3號,0,98K+800,寶山交流道,新竹系統交流道,0000301022020J,W,S,1,1
VD-N3-S-98-O-NW-21-寶山,NFB-NR,0,1,5,2,121.0064154,24.7577278,000030,國道3號,0,98K+800,寶山交流道,新竹系統交流道,0000301022010J,NW,S,1,1
VD-N3-S-99.000-N-LOOP,NFB-NR,0,1,5,1,121.0042674,24.7572598,000030,國道3號,0,99K+000,寶山交流道,新竹系統交流道,0000300009820J,W,S,3,3
VD-N3-S-99.630-M-RS,NFB-NR,0,2,1,1,120.9979187,24.7560683,000030,國道3號,0,99K+630,寶山交流道,新竹系統交流道,0000300009940J,W,S,4,4
VD-N3-S-99.890-M-LOOP,NFB-NR,0,1,5,1,120.9953701,24.7557624,000030,國道3號,0,99K+890,寶山交流道,新竹系統交流道,0000300009940J,W,S,4,4
VD-N3-S-100-I-ES-新竹系統-1N3S,NFB-NR,0,1,5,2,120.9904913,24.7593867,000030,國道3號,0,100K+800,新竹系統交流道,茄苳交流道,0000301023050J,W,S,1,1
VD-N3-S-100-I-WS-新竹系統-1S3S,NFB-NR,0,1,5,2,120.9887705,24.7591317,000030,國道3號,0,100K+800,新竹系統交流道,茄苳交流道,0000301023040J,W,S,2,2
VD-N3-S-100.900-N-LOOP,NFB-NR,0,1,5,1,120.9857949,24.7580827,000030,國道3號,0,100K+900,新竹系統交流道,茄苳交流道,0000300010000J,W,S,3,3
VD-N3-S-102.000-M-RS,NFB-NR,0,2,1,1,120.9750108,24.7576998,000030,國道3號,0,102K+000,新竹系統交流道,茄苳交流道,0000300010120J,W,S,4,4
VD-N3-S-102.150-M-LOOP,NFB-NR,0,1,5,1,120.9729999,24.7578782,000030,國道3號,0,102K+150,新竹系統交流道,茄苳交流道,0000300010200J,W,S,4,4
VD-N3-S-103.650-N-LOOP,NFB-NR,0,1,5,1,120.9590487,24.7579459,000030,國道3號,0,103K+650,新竹系統交流道,茄苳交流道,0000300010310O,W,S,3,3
VD-N3-S-103-I-WS-21-茄苳,NFB-NR,0,1,5,2,120.9568313,24.7579156,000030,國道3號,0,103K+900,茄苳交流道,香山交流道,0000301024030O,SW,S,1,1
VD-N3-S-103-O-NW-1-茄苳,NFB-NR,0,1,5,2,120.9615167,24.7588492,000030,國道3號,0,103K+900,茄苳交流道,香山交流道,0000301024000O,W,S,1,1
VD-N3-S-103-I-WS-1-茄苳,NFB-NR,0,1,5,2,120.9560877,24.7571481,000030,國道3號,0,103K+900,茄苳交流道,香山交流道,0000301024030O,SW,S,2,2
VD-N3-S-103-O-NW-21-茄苳,NFB-NR,0,1,5,2,120.9580233,24.7582686,000030,國道3號,0,103K+900,茄苳交流道,香山交流道,0000301024010O,NW,S,1,1
VD-N3-S-105.150-M-RS,NFB-NR,0,1,5,1,120.9454896,24.7531264,000030,國道3號,0,105K+150,茄苳交流道,香山交流道,0000300010500O,W,S,4,4
VD-N3-S-106.550-M-LOOP,NFB-NR,0,1,5,1,120.9317525,24.7516345,000030,國道3號,0,106K+550,茄苳交流道,香山交流道,0000300010600O,SW,S,4,4
VD-N3-S-108.320-M-LOOP,NFB-NR,0,1,5,1,120.9196537,24.7403113,000030,國道3號,0,108K+320,茄苳交流道,香山交流道,0000300010800O,SW,S,4,4
VD-N3-S-109-I-WS-1-香山,NFB-NR,0,1,5,2,120.9054157,24.7322807,000030,國道3號,0,109K+600,香山交流道,西濱交流道,0000301025110K,SW,S,1,1
VD-N3-S-109-I-ES-22-香山,NFB-NR,0,1,5,2,120.9064225,24.733482,000030,國道3號,0,109K+600,香山交流道,西濱交流道,0000301025100K,SW,S,1,1
VD-N3-S-109-O-NW-1-香山-台1線,NFB-NR,0,1,5,2,120.9145231,24.7378582,000030,國道3號,0,109K+600,香山交流道,西濱交流道,0000301025000O,W,S,2,2
VD-N3-S-109-O-NE-21-香山-台1線,NFB-NR,0,1,5,2,120.9125186,24.7373636,000030,國道3號,0,109K+600,香山交流道,西濱交流道,0000301025010O,W,S,1,1
VD-N3-S-110.150-N-LOOP,NFB-NR,0,1,5,1,120.9048804,24.7311949,000030,國道3號,0,110K+150,香山交流道,西濱交流道,0000300011000K,SW,S,3,3
VD-N3-N-0-O-SE-1-基金,NFB-NR,0,1,5,2,121.7123187,25.1381192,000030,國道3號,0,0K+000,瑪東系統交流道,基金交流道,0000301101000C,NE,N,2,2
VD-N3-N-0-O-SE-2-基金,NFB-NR,0,1,5,2,121.7146246,25.1394853,000030,國道3號,0,0K+000,瑪東系統交流道,基金交流道,0000301101010C,E,N,1,1
VD-N3-N-0.750-M-RS,NFB-NR,0,2,1,1,121.7087698,25.1367205,000030,國道3號,0,0K+750,瑪東系統交流道,基金交流道,0000300100060C,E,N,3,3
VD-N3-N-0.970-M-LOOP,NFB-NR,0,1,5,1,121.7066956,25.1360311,000030,國道3號,0,0K+970,瑪東系統交流道,基金交流道,0000300100080C,E,N,3,3
VD-N3-N-1.760-M-LOOP,NFB-NR,0,1,5,1,121.7002864,25.1320847,000030,國道3號,0,1K+760,瑪東系統交流道,基金交流道,0000300100100C,NE,N,3,3
VD-N3-N-2.090-M-LOOP,NFB-NR,0,1,5,1,121.6986959,25.1296745,000030,國道3號,0,2K+090,瑪東系統交流道,基金交流道,0000300100200C,N,N,3,3
VD-N3-N-2-I-EN-1-瑪東系統,NFB-NR,0,1,5,2,121.6987385,25.1267313,000030,國道3號,0,2K+400,汐止系統交流道,瑪東系統交流道,0000301102020C,N,N,1,1
VD-N3-N-2-O-NE-1-瑪東,NFB-NR,0,1,5,2,121.695921,25.1200867,000030,國道3號,0,2K+400,汐止系統交流道,瑪東系統交流道,0000300100210C,N,N,1,1
VD-N3-N-5-B-七堵收費站,NFB-NR,0,1,5,2,121.6844205,25.1078783,000030,國道3號,0,2K+400,汐止系統交流道,瑪東系統交流道,0000300100400C,NE,N,1,1
VD-N3-N-2.420-N-LOOP,NFB-NR,0,1,5,1,121.6974932,25.125942,000030,國道3號,0,2K+420,汐止系統交流道,瑪東系統交流道,0000300100210C,N,N,3,3
VD-N3-N-4.060-M-LOOP,NFB-NR,0,1,5,1,121.6888503,25.1143122,000030,國道3號,0,4K+060,汐止系統交流道,瑪東系統交流道,0000300100400C,NE,N,3,3
VD-N3-N-5.500-M-LOOP,NFB-NR,0,1,5,1,121.6816343,25.1035843,000030,國道3號,0,5K+500,汐止系統交流道,瑪東系統交流道,0000300100520C,NE,N,3,3
VD-N3-N-5.940-M-LOOP,NFB-NR,0,1,5,1,121.6781841,25.1009778,000030,國道3號,0,5K+940,汐止系統交流道,瑪東系統交流道,0000300100570C,NE,N,3,3
VD-N3-N-6.230-M-LOOP,NFB-NR,0,1,5,1,121.6758106,25.0997186,000030,國道3號,0,6K+230,汐止系統交流道,瑪東系統交流道,0000300100630C,E,N,3,3
VD-N3-N-7.010-M-LOOP,NFB-NR,0,1,5,1,121.6686298,25.0973101,000030,國道3號,0,7K+010,汐止系統交流道,瑪東系統交流道,0000300100700C,NE,N,3,3
VD-N3-N-8.110-M-LOOP,NFB-NR,0,1,5,1,121.6595702,25.0916469,000030,國道3號,0,8K+110,汐止系統交流道,瑪東系統交流道,0000300100810C,E,N,3,3
VD-N3-N-8.520-M-LOOP,NFB-NR,0,1,5,1,121.6556693,25.0906983,000030,國道3號,0,8K+520,汐止系統交流道,瑪東系統交流道,0000300100820F,E,N,3,3
VD-N3-N-8.730-M-LOOP,NFB-NR,0,1,5,1,121.6541454,25.0899119,000030,國道3號,0,8K+730,汐止系統交流道,瑪東系統交流道,0000300100880F,NE,N,3,3
VD-N3-N-10.260-N-LOOP,NFB-NR,0,1,5,1,121.6474973,25.0780841,000030,國道3號,0,10K+260,汐止系統交流道,瑪東系統交流道,0000300101000F,N,N,2,2
VD-N3-N-10-I-EN-汐止系統-1S3N,NFB-NR,0,1,5,2,121.6486323,25.0745317,000030,國道3號,0,10K+900,新台五路交流道,汐止系統交流道,0000301103080F,NW,N,1,1
VD-N3-N-10-I-WN-汐止系統-1N3N,NFB-NR,0,1,5,2,121.6415118,25.0713627,000030,國道3號,0,10K+900,新台五路交流道,汐止系統交流道,0000301103090F,NE,N,2,2
VD-N3-N-11.600-M-LOOP,NFB-NR,0,1,5,1,121.643701,25.066196,000030,國道3號,0,11K+600,新台五路交流道,汐止系統交流道,0000300101150F,N,N,4,4
VD-N3-N-11.780-M-RS,NFB-NR,0,2,1,1,121.6431179,25.0645006,000030,國道3號,0,11K+780,新台五路交流道,汐止系統交流道,0000300101150F,N,N,4,4
VD-N3-N-12.560-N-LOOP,NFB-NR,0,1,5,1,121.6405847,25.0583259,000030,國道3號,0,12K+560,新台五路交流道,汐止系統交流道,0000300101230F,NE,N,3,3
VD-N3-N-12-O-SE-1-新台五路,NFB-NR,0,1,5,2,121.6374367,25.0550709,000030,國道3號,0,12K+700,南港交流道,新台五路交流道,0000301104000F,E,N,2,2
VD-N3-N-12-I-EN-21-新台五路,NFB-NR,0,1,5,2,121.6400957,25.0566738,000030,國道3號,0,12K+700,南港交流道,新台五路交流道,0000301104030F,NW,N,1,1
VD-N3-N-12-I-EN-1-新台五路,NFB-NR,0,1,5,2,121.6399929,25.0570633,000030,國道3號,0,12K+700,南港交流道,新台五路交流道,0000301104050F,NE,N,1,1
VD-N3-N-12-O-SW-22-新台五路,NFB-NR,0,1,5,2,121.6385914,25.0553147,000030,國道3號,0,12K+700,南港交流道,新台五路交流道,0000301104000F,E,N,1,1
VD-N3-N-13.510-M-LOOP,NFB-NR,0,1,5,1,121.6331485,25.0533723,000030,國道3號,0,13K+510,南港交流道,新台五路交流道,0000300101320F,NE,N,4,4
VD-N3-N-14.100-M-RS,NFB-NR,0,2,1,1,121.6282661,25.0504723,000030,國道3號,0,14K+100,南港交流道,新台五路交流道,0000300101400F,NE,N,4,4
VD-N3-N-14.610-N-LOOP,NFB-NR,0,2,1,1,121.6256726,25.0465639,000030,國道3號,0,14K+610,南港交流道,新台五路交流道,0000300101420F,N,N,3,3
VD-N3-N-14-I-EN-1-南港,NFB-NR,0,1,5,2,121.6266507,25.0479104,000030,國道3號,0,15K+100,南港系統交流道,南港交流道,0000301105000F,NE,N,1,1
VD-N3-N-14-O-SW-1-南港,NFB-NR,0,1,5,2,121.625535,25.0438912,000030,國道3號,0,15K+100,南港系統交流道,南港交流道,0000301105010F,N,N,2,2
VD-N3-N-15.120-M-LOOP,NFB-NR,0,1,5,1,121.6246306,25.0420265,000030,國道3號,0,15K+120,南港系統交流道,南港交流道,0000300101510F,N,N,5,5
VD-N3-N-15.410-M-RS,NFB-NR,0,2,1,1,121.6237895,25.0395682,000030,國道3號,0,15K+410,南港系統交流道,南港交流道,0000300101540A,NE,N,4,4
VD-N3-N-15.790-N-LOOP,NFB-NR,0,1,5,1,121.6217477,25.03664,000030,國道3號,0,15K+790,南港系統交流道,南港交流道,0000300101570A,NE,N,3,3
VD-N3-N-16-O-SE-南港系統-3N5S,NFB-NR,0,1,5,2,121.6210694,25.0355267,000030,國道3號,0,16K+300,南深路交流道,南港系統交流道,0000301106000A,E,N,1,1
VD-N3-N-16-I-EN-南港系統-5N3N,NFB-NR,0,1,5,2,121.6224517,25.0364608,000030,國道3號,0,16K+300,南深路交流道,南港系統交流道,0000301106010A,N,N,1,1
VD-N3-N-16.350-M-LOOP,NFB-NR,0,2,1,1,121.6172982,25.0335101,000030,國道3號,0,16K+350,南深路交流道,南港系統交流道,0000300101610A,NE,N,3,3
VD-N3-N-17-O-SE-1-南深路,NFB-NR,0,1,5,2,121.6174336,25.0333289,000030,國道3號,0,16K+500,木柵交流道,南深路交流道,0000301107000A,NE,N,1,1
VD-N3-N-16.950-M-RS,NFB-NR,0,2,1,1,121.6119823,25.0304194,000030,國道3號,0,16K+950,木柵交流道,南深路交流道,0000300101650A,NE,N,4,4
VD-N3-N-17.710-M-LOOP,NFB-NR,0,1,5,1,121.6061303,25.0269093,000030,國道3號,0,17K+710,木柵交流道,南深路交流道,0000300101700A,NE,N,4,4
VD-N3-N-18.410-M-LOOP,NFB-NR,0,1,5,1,121.6011161,25.0221869,000030,國道3號,0,18K+410,木柵交流道,南深路交流道,0000300101820A,NE,N,3,3
VD-N3-N-18.810-M-LOOP,NFB-NR,0,1,5,1,121.5993044,25.0189554,000030,國道3號,0,18K+810,木柵交流道,南深路交流道,0000300101820A,NE,N,3,3
VD-N3-N-20.540-N-LOOP,NFB-NR,0,1,5,1,121.5955706,25.0038794,000030,國道3號,0,20K+540,木柵交流道,南深路交流道,0000300102040A,N,N,3,3
VD-N3-N-20-O-SE-21-木柵,NFB-NR,0,1,5,2,121.5974709,25.0007634,000030,國道3號,0,20K+800,木柵休息站,木柵交流道,0000301108010A,NE,N,1,1
VD-N3-N-20-O-SE-1-木柵,NFB-NR,0,1,5,2,121.5955574,24.9974865,000030,國道3號,0,20K+800,木柵休息站,木柵交流道,0000301108000A,NE,N,1,1
VD-N3-N-20-I-EN-1-木柵,NFB-NR,0,1,5,2,121.5963318,25.0033503,000030,國道3號,0,20K+800,木柵休息站,木柵交流道,0000301108050A,NW,N,1,1
VD-N3-N-20-I-EN-21-木柵,NFB-NR,0,1,5,2,121.5973387,25.0024329,000030,國道3號,0,20K+800,木柵休息站,木柵交流道,0000301108030A,NW,N,1,1
VD-N3-N-21.730-M-LOOP,NFB-NR,0,1,5,1,121.5932428,24.9932075,000030,國道3號,0,21K+730,木柵休息站,木柵交流道,0000300102160A,N,N,3,3
VD-N3-N-22.620-M-LOOP,NFB-NR,0,1,5,1,121.5904485,24.9854703,000030,國道3號,0,22K+620,木柵休息站,木柵交流道,0000300102200A,NE,N,3,3
VD-N3-N-23.030-M-LOOP,NFB-NR,0,1,5,1,121.5882262,24.9824961,000030,國道3號,0,23K+030,木柵休息站,木柵交流道,0000300102200A,NE,N,3,3
VD-N3-N-24.130-M-LOOP,NFB-NR,0,1,5,1,121.579253,24.9769046,000030,國道3號,0,24K+130,木柵休息站,木柵交流道,0000300102400A,E,N,3,3
VD-N3-N-24.700-M-LOOP,NFB-NR,0,1,5,1,121.573831,24.9759922,000030,國道3號,0,24K+700,木柵休息站,木柵交流道,0000300102450A,E,N,3,3
VD-N3-N-25-O-SE-1-木柵休息站,NFB-NR,0,1,5,2,121.5699734,24.9760725,000030,國道3號,0,25K+100,新店交流道,木柵休息站,0000301180000A,E,N,1,1
VD-N3-N-25-I-EN-1-木柵休息站,NFB-NR,0,1,5,2,121.5710734,24.9759853,000030,國道3號,0,25K+100,新店交流道,木柵休息站,0000301180000A,E,N,1,1
VD-N3-N-25.340-M-RS,NFB-NR,0,2,1,1,121.5674474,24.9766657,000030,國道3號,0,25K+340,新店交流道,木柵休息站,0000300102520A,E,N,3,3
VD-N3-N-26.700-N-LOOP,NFB-NR,0,1,5,1,121.5550306,24.9741657,000030,國道3號,0,26K+700,新店交流道,木柵休息站,0000300102660F,NE,N,3,3
VD-N3-N-26-O-SW-1-新店,NFB-NR,0,1,5,2,121.5549329,24.9731379,000030,國道3號,0,26K+800,安坑交流道,新店交流道,0000301109000F,W,N,1,1
VD-N3-N-26-I-WN-1-新店,NFB-NR,0,1,5,2,121.5511535,24.9734825,000030,國道3號,0,26K+800,安坑交流道,新店交流道,0000301109040F,E,N,1,1
VD-N3-T-26-A-W-21-新店,NFB-NR,0,1,5,2,121.5471045,24.9717841,000030,國道3號,0,26K+800,安坑交流道,新店交流道,0000301009020F,SE,N,1,1
VD-N3-T-26-A-W-22-新店,NFB-NR,0,1,5,2,121.547433,24.97218,000030,國道3號,0,26K+800,安坑交流道,新店交流道,0000301009030F,SE,N,1,1
VD-N3-N-27.120-M-LOOP,NFB-NR,0,1,5,1,121.5521432,24.9714536,000030,國道3號,0,27K+120,安坑交流道,新店交流道,0000300102700F,NE,N,3,3
VD-N3-N-27.490-M-LOOP,NFB-NR,0,1,5,1,121.5499012,24.9687615,000030,國道3號,0,27K+490,安坑交流道,新店交流道,0000300102720F,NE,N,3,3
VD-N3-N-28.690-M-LOOP,NFB-NR,0,1,5,1,121.5428179,24.9601579,000030,國道3號,0,28K+690,安坑交流道,新店交流道,0000300102860F,NE,N,3,3
VD-N3-N-29.100-M-LOOP,NFB-NR,0,1,5,1,121.5392196,24.9584623,000030,國道3號,0,29K+100,安坑交流道,新店交流道,0000300102910F,E,N,3,3
VD-N3-N-30.140-M-RS,NFB-NR,0,2,1,1,121.5304673,24.9624188,000030,國道3號,0,30K+140,安坑交流道,新店交流道,0000300103000F,SE,N,3,3
VD-N3-N-31-O-SE-1-安坑,NFB-NR,0,1,5,2,121.5218987,24.9721959,000030,國道3號,0,31K+100,中和交流道,安坑交流道,0000301110000F,S,N,2,2
VD-N3-T-31-A-E-1-安坑,NFB-NR,0,1,5,2,121.5205676,24.9659587,000030,國道3號,0,31K+100,中和交流道,安坑交流道,0000301110130F,NE,N,3,3
VD-N3-N-31-I-WN-1B-安坑,NFB-NR,0,1,5,2,121.5257483,24.9696451,000030,國道3號,0,31K+100,中和交流道,安坑交流道,0000301110080F,E,N,1,1
VD-N3-T-31-A-E-21-安坑,NFB-NR,0,1,5,2,121.5196296,24.9643411,000030,國道3號,0,31K+100,中和交流道,安坑交流道,0000301110050F,SW,N,1,1
VD-N3-N-31-O-SW-22-安坑,NFB-NR,0,1,5,2,121.5256866,24.9695626,000030,國道3號,0,31K+100,中和交流道,安坑交流道,0000301110020F,E,N,1,1
VD-N3-T-31-A-W-21-安坑,NFB-NR,0,1,5,2,121.5283723,24.9709181,000030,國道3號,0,31K+100,中和交流道,安坑交流道,0000301010040F,NW,N,1,1
VD-N3-T-31-A-W-22-安坑,NFB-NR,0,1,5,2,121.5286711,24.9718662,000030,國道3號,0,31K+100,中和交流道,安坑交流道,0000301010080F,S,N,1,1
VD-N3-N-31-I-EN-1A-安坑,NFB-NR,0,1,5,2,121.5239509,24.9679259,000030,國道3號,0,31K+100,中和交流道,安坑交流道,0000301110140F,SE,N,1,1
VD-N3-N-31.420-N-LOOP,NFB-NR,0,1,5,1,121.5225939,24.9716504,000030,國道3號,0,31K+420,中和交流道,安坑交流道,0000300103130F,SE,N,3,3
VD-N3-N-32.540-M-LOOP,NFB-NR,0,1,5,1,121.5139487,24.977554,000030,國道3號,0,32K+540,中和交流道,安坑交流道,0000300103250F,E,N,3,3
VD-N3-N-32.820-M-LOOP,NFB-NR,0,1,5,1,121.5112687,24.9777776,000030,國道3號,0,32K+820,中和交流道,安坑交流道,0000300103280F,E,N,3,3
VD-N3-N-33.210-M-LOOP,NFB-NR,0,2,1,1,121.5075033,24.9776482,000030,國道3號,0,33K+210,中和交流道,安坑交流道,0000300103320F,E,N,3,3
VD-N3-N-34.000-M-LOOP,NFB-NR,0,1,5,1,121.4999388,24.9792426,000030,國道3號,0,34K+000,中和交流道,安坑交流道,0000300103400F,SE,N,3,3
VD-N3-N-34.420-M-LOOP,NFB-NR,0,1,5,1,121.4963768,24.9814566,000030,國道3號,0,34K+420,中和交流道,安坑交流道,0000300103440F,SE,N,3,3
VD-N3-N-35.300-M-RS,NFB-NR,0,2,1,1,121.4901557,24.9868039,000030,國道3號,0,35K+300,中和交流道,安坑交流道,0000300103520F,SE,N,3,3
VD-N3-N-35.840-N-LOOP,NFB-NR,0,1,5,1,121.4852279,24.9889005,000030,國道3號,0,35K+840,中和交流道,安坑交流道,0000300103560F,E,N,3,3
VD-N3-N-35-I-WN-22-中和-台64,NFB-NR,0,1,5,2,121.4832695,24.990001,000030,國道3號,0,35K+900,土城交流道,中和交流道,0000301111030F,SW,N,1,1
VD-N3-N-35-I-WN-21-中和-平面,NFB-NR,0,1,5,2,121.483169,24.990084,000030,國道3號,0,35K+900,土城交流道,中和交流道,0000301111010F,SW,N,1,1
VD-N3-N-35-O-SW-1-中和,NFB-NR,0,1,5,2,121.4828692,24.9887146,000030,國道3號,0,35K+900,土城交流道,中和交流道,0000301111000F,NE,N,2,2
VD-N3-N-36.500-M-LOOP,NFB-NR,0,1,5,1,121.479196,24.9881045,000030,國道3號,0,36K+500,土城交流道,中和交流道,0000300103600F,E,N,5,5
VD-N3-N-37.820-M-LOOP,NFB-NR,0,1,5,1,121.4692852,24.980534,000030,國道3號,0,37K+820,土城交流道,中和交流道,0000300103700F,NE,N,5,5
VD-N3-N-39.250-M-RS,NFB-NR,0,2,1,1,121.456807,24.9750129,000030,國道3號,0,39K+250,土城交流道,中和交流道,0000300103900F,E,N,4,4
VD-N3-N-40.990-M-LOOP,NFB-NR,0,1,5,1,121.4431392,24.9682786,000030,國道3號,0,40K+990,土城交流道,中和交流道,0000300104000F,NE,N,4,4
VD-N3-N-42.730-N-LOOP,NFB-NR,0,1,5,1,121.4294331,24.9596583,000030,國道3號,0,42K+730,土城交流道,中和交流道,0000300104250F,E,N,4,4
VD-N3-N-43-I-WN-22-土城-T65N3N,NFB-NR,0,1,5,2,121.4323779,24.9617474,000030,國道3號,0,43K+000,樹林交流道,土城交流道,0000301112040F,S,N,1,1
VD-N3-N-43-O-SW-1-土城,NFB-NR,0,1,5,2,121.4284705,24.9592748,000030,國道3號,0,43K+000,樹林交流道,土城交流道,0000300104250F,E,N,2,2
VD-N3-N-43-I-WN-21-土城-平面,NFB-NR,0,1,5,2,121.432201,24.9616161,000030,國道3號,0,43K+000,樹林交流道,土城交流道,0000301112030F,S,N,1,1
VD-N3-N-43-O-SW-22-土城-N3NT65,NFB-NR,0,1,5,2,121.432385,24.961302,000030,國道3號,0,43K+000,樹林交流道,土城交流道,0000301112020F,N,N,1,1
VD-N3-N-43.670-M-LOOP,NFB-NR,0,1,5,1,121.4209057,24.9567918,000030,國道3號,0,43K+670,樹林交流道,土城交流道,0000300104310F,NE,N,5,5
VD-N3-N-45.000-M-LOOP,NFB-NR,0,1,5,1,121.4104793,24.9500525,000030,國道3號,0,45K+000,樹林交流道,土城交流道,0000300104400F,NE,N,5,5
VD-N3-N-45.800-M-RS,NFB-NR,0,2,1,1,121.4022299,24.9505671,000030,國道3號,0,45K+800,樹林交流道,土城交流道,0000300104500F,E,N,5,5
VD-N3-N-46-B-樹林收費站,NFB-NR,0,1,5,2,121.3961747,24.9508497,000030,國道3號,0,46K+500,三鶯交流道,樹林交流道,0000301113000F,E,N,1,1
VD-N3-N-46-I-EN-1-樹林,NFB-NR,0,1,5,2,121.3901703,24.9513403,000030,國道3號,0,46K+500,三鶯交流道,樹林交流道,0000301113000F,E,N,1,1
VD-N3-N-46.860-N-RS,NFB-NR,0,2,1,1,121.392355,24.951469,000030,國道3號,0,46K+860,三鶯交流道,樹林交流道,0000301113000F,E,N,4,4
VD-N3-N-46.850-M-樹林地磅站,NFB-NR,0,1,5,2,121.3919963,24.9512073,000030,國道3號,0,46K+900,三鶯交流道,樹林交流道,0000301113000F,E,N,1,1
VD-N3-N-47.980-M-LOOP,NFB-NR,0,1,5,1,121.3810566,24.9513516,000030,國道3號,0,47K+980,三鶯交流道,樹林交流道,0000300104700F,E,N,4,4
VD-N3-N-49.510-M-RS,NFB-NR,0,2,1,1,121.3676714,24.9456969,000030,國道3號,0,49K+510,三鶯交流道,樹林交流道,0000300104900F,NE,N,4,4
VD-N3-N-50.380-N-LOOP,NFB-NR,0,1,5,1,121.3614909,24.9400608,000030,國道3號,0,50K+380,三鶯交流道,樹林交流道,0000300105010F,NE,N,4,4
VD-N3-N-50-I-EN-1-三鶯,NFB-NR,0,1,5,2,121.3617564,24.9398598,000030,國道3號,0,50K+600,鶯歌系統交流道,三鶯交流道,0000301114040F,NE,N,1,1
VD-N3-N-50-I-WN-22-三鶯,NFB-NR,0,1,5,2,121.3611135,24.9388721,000030,國道3號,0,50K+600,鶯歌系統交流道,三鶯交流道,0000301114030F,NE,N,1,1
VD-N3-N-50-O-SE-1A-三鶯,NFB-NR,0,1,5,2,121.3592649,24.937621,000030,國道3號,0,50K+600,鶯歌系統交流道,三鶯交流道,0000301114010F,NE,N,2,2
VD-N3-N-50-O-SE-1B-三鶯,NFB-NR,0,1,5,2,121.3548207,24.9354032,000030,國道3號,0,50K+600,鶯歌系統交流道,三鶯交流道,0000301114000F,E,N,1,1
VD-N3-N-51.560-M-LOOP,NFB-NR,0,1,5,1,121.3515073,24.9347658,000030,國道3號,0,51K+560,鶯歌系統交流道,三鶯交流道,0000300105160F,E,N,4,4
VD-N3-N-52.500-M-RS,NFB-NR,0,2,1,1,121.3422877,24.9358546,000030,國道3號,0,52K+500,鶯歌系統交流道,三鶯交流道,0000300105200F,E,N,4,4
VD-N3-N-54.000-N-LOOP,NFB-NR,0,1,5,1,121.3282003,24.939538,000030,國道3號,0,54K+000,鶯歌系統交流道,三鶯交流道,0000300105370F,E,N,3,3
VD-N3-N-54-I-WN-鶯歌系統-2E3N,NFB-NR,0,1,5,2,121.3238848,24.9406887,000030,國道3號,0,54K+400,大溪交流道,鶯歌系統交流道,0000301115010F,SE,N,2,2
VD-N3-N-54-SW-鶯歌系統-3N2W,NFB-NR,0,1,5,2,121.3210026,24.9375095,000030,國道3號,0,54K+400,大溪交流道,鶯歌系統交流道,0000301115000F,NE,N,2,2
VD-N3-N-55.340-M-LOOP,NFB-NR,0,1,5,1,121.3164727,24.9346394,000030,國道3號,0,55K+340,大溪交流道,鶯歌系統交流道,0000300105520H,NE,N,4,4
VD-N3-N-55.870-M-LOOP,NFB-NR,0,1,5,1,121.3132002,24.9309992,000030,國道3號,0,55K+870,大溪交流道,鶯歌系統交流道,0000300105520H,NE,N,4,4
VD-N3-N-57.000-M-LOOP,NFB-NR,0,1,5,1,121.3046701,24.9245357,000030,國道3號,0,57K+000,大溪交流道,鶯歌系統交流道,0000300105600H,NE,N,4,4
VD-N3-N-58.000-M-LOOP,NFB-NR,0,1,5,1,121.2968852,24.9191484,000030,國道3號,0,58K+000,大溪交流道,鶯歌系統交流道,0000300105700H,NE,N,4,4
VD-N3-N-59.150-M-RS,NFB-NR,0,2,1,1,121.2909931,24.9103669,000030,國道3號,0,59K+150,大溪交流道,鶯歌系統交流道,0000300105900H,NE,N,4,4
VD-N3-N-59.890-M-LOOP,NFB-NR,0,1,5,1,121.2834082,24.9074663,000030,國道3號,0,59K+880,大溪交流道,鶯歌系統交流道,0000300105950H,E,N,4,4
VD-N3-N-60.500-M-LOOP,NFB-NR,0,1,5,1,121.2784642,24.9064504,000030,國道3號,0,60K+500,大溪交流道,鶯歌系統交流道,0000300106030H,E,N,4,4
VD-N3-N-61.000-M-LOOP,NFB-NR,0,1,5,1,121.2741315,24.9042661,000030,國道3號,0,61K+000,大溪交流道,鶯歌系統交流道,0000300106070H,NE,N,4,4
VD-N3-N-61.670-M-RS,NFB-NR,0,2,1,1,121.2694041,24.9001467,000030,國道3號,0,61K+670,大溪交流道,鶯歌系統交流道,0000300106100H,NE,N,4,4
VD-N3-N-62-I-EN-31-大溪-匝道,NFB-NR,0,1,5,2,121.2660628,24.8913841,000030,國道3號,0,62K+700,龍潭交流道,大溪交流道,0000301117030H,NW,N,1,1
VD-N3-N-62-I-WN-32-大溪-環道,NFB-NR,0,1,5,2,121.2652463,24.8910508,000030,國道3號,0,62K+700,龍潭交流道,大溪交流道,0000301117040H,NE,N,1,1
VD-N3-N-62-O-SE-1-大溪,NFB-NR,0,1,5,2,121.2640921,24.8897221,000030,國道3號,0,62K+700,龍潭交流道,大溪交流道,0000301117000H,NE,N,1,1
VD-N3-N-62-O-SE-21-大溪,NFB-NR,0,1,5,2,121.2659666,24.8905896,000030,國道3號,0,62K+700,龍潭交流道,大溪交流道,0000301117010H,E,N,1,1
VD-N3-N-62-I-WN-大溪系統-T66E3N,NFB-NR,0,1,5,2,121.2626427,24.8933226,000030,國道3號,0,62K+700,龍潭交流道,大溪交流道,0000301017040H,S,N,2,2
VD-N3-N-62.980-N-LOOP,NFB-NR,0,1,5,1,121.2635282,24.8896896,000030,國道3號,0,62K+980,龍潭交流道,大溪交流道,0000300106210H,NE,N,3,3
VD-N3-N-63.990-M-LOOP,NFB-NR,0,1,5,1,121.257546,24.8822705,000030,國道3號,0,63K+990,龍潭交流道,大溪交流道,0000300106330H,NE,N,4,4
VD-N3-N-65.990-M-RS,NFB-NR,0,2,1,1,121.2416327,24.8720604,000030,國道3號,0,65K+990,龍潭交流道,大溪交流道,0000300106500H,NE,N,4,4
VD-N3-N-68.020-N-LOOP,NFB-NR,0,1,5,1,121.225338,24.8621598,000030,國道3號,0,68K+020,龍潭交流道,大溪交流道,0000300106770H,E,N,3,3
VD-N3-N-68-I-EN-21-龍潭,NFB-NR,0,1,5,2,121.223479,24.8599545,000030,國道3號,0,68K+300,高原交流道,龍潭交流道,0000301118070H,NE,N,1,1
VD-N3-N-68-I-WN-22-龍潭,NFB-NR,0,1,5,2,121.2228476,24.8604091,000030,國道3號,0,68K+300,高原交流道,龍潭交流道,0000301118030H,W,N,1,1
VD-N3-N-68-O-SE-1-龍潭,NFB-NR,0,1,5,2,121.2202482,24.8607013,000030,國道3號,0,68K+300,高原交流道,龍潭交流道,0000301118000H,E,N,1,1
VD-N3-N-68-O-SE-21-龍潭,NFB-NR,0,1,5,2,121.2209992,24.8606115,000030,國道3號,0,68K+300,高原交流道,龍潭交流道,0000301118010H,SE,N,1,1
VD-N3-N-68-O-SW-22-龍潭,NFB-NR,0,1,5,2,121.2244905,24.8615046,000030,國道3號,0,68K+300,高原交流道,龍潭交流道,0000301118050H,NW,N,1,1
VD-N3-N-69.510-M-LOOP,NFB-NR,0,1,5,1,121.2113518,24.8579342,000030,國道3號,0,69K+510,高原交流道,龍潭交流道,0000300106900H,NE,N,4,4
VD-N3-N-70.470-M-LOOP,NFB-NR,0,1,5,1,121.2037697,24.8527207,000030,國道3號,0,70K+470,高原交流道,龍潭交流道,0000300107000H,NE,N,4,4
VD-N3-N-71.630-M-RS,NFB-NR,0,2,1,1,121.199264,24.8432816,000030,國道3號,0,71K+630,高原交流道,龍潭交流道,0000300107100H,N,N,4,4
VD-N3-N-73.100-M-龍潭地磅站,NFB-NR,0,1,5,2,121.1997571,24.8303359,000030,國道3號,0,72K+700,高原交流道,龍潭交流道,0000300107300H,N,N,1,1
VD-N3-N-72-B-龍潭收費站,NFB-NR,0,1,5,2,121.1996907,24.835588,000030,國道3號,0,72K+980,關西服務區,高原交流道,0000301175050H,N,N,1,1
VD-N3-N-73-I-EN-22-高原,NFB-NR,0,1,5,2,121.2000737,24.8317979,000030,國道3號,0,72K+980,關西服務區,高原交流道,0000301175030H,NW,N,1,1
VD-N3-N-73-I-WN-21-高原,NFB-NR,0,1,5,2,121.200155,24.8317255,000030,國道3號,0,72K+980,關西服務區,高原交流道,0000301175040H,N,N,1,1
VD-N3-N-73-O-SE-22-高原,NFB-NR,0,1,5,2,121.2003596,24.8310744,000030,國道3號,0,72K+980,關西服務區,高原交流道,0000301175010H,NE,N,1,1
VD-N3-N-73-O-SW-21-高原,NFB-NR,0,1,5,2,121.2000139,24.8309884,000030,國道3號,0,72K+980,關西服務區,高原交流道,0000301175020H,N,N,1,1
VD-N3-N-73.150-N-LOOP,NFB-NR,0,1,5,1,121.1997067,24.8295413,000030,國道3號,0,72K+980,關西服務區,高原交流道,0000300107300H,N,N,4,4
VD-N3-N-73-O-SE-1-高原,NFB-NR,0,1,5,2,121.2000586,24.827383,000030,國道3號,0,72K+980,關西服務區,高原交流道,0000301175000H,N,N,1,1
VD-N3-N-73.940-M-LOOP,NFB-NR,0,1,5,1,121.2000927,24.8224966,000030,國道3號,0,73K+940,關西服務區,高原交流道,0000300107367H,N,N,4,4
VD-N3-N-75.490-M-RS,NFB-NR,0,2,1,1,121.200255,24.808529,000030,國道3號,0,75K+490,關西服務區,高原交流道,0000300107500J,N,N,4,4
VD-N3-N-76-O-SW-1-關西服務區,NFB-NR,0,1,5,2,121.1958221,24.8003603,000030,國道3號,0,76K+200,關西交流道,關西服務區,0000301181000J,NE,N,1,1
VD-N3-N-76-I-WN-關西服務區,NFB-NR,0,1,5,2,121.197227,24.8019515,000030,國道3號,0,76K+200,關西交流道,關西服務區,0000301181010J,E,N,1,1
VD-N3-N-76.490-N-LOOP,NFB-NR,0,1,5,1,121.1957202,24.8005917,000030,國道3號,0,76K+490,關西交流道,關西服務區,0000300107620J,NE,N,4,4
VD-N3-N-77.250-M-LOOP,NFB-NR,0,1,5,1,121.1893403,24.7970631,000030,國道3號,0,77K+250,關西交流道,關西服務區,0000300107700J,E,N,4,4
VD-N3-N-78.000-M-RS,NFB-NR,0,2,1,1,121.1820237,24.7966013,000030,國道3號,0,78K+000,關西交流道,關西服務區,0000300107730J,E,N,4,4
VD-N3-N-78.760-N-LOOP,NFB-NR,0,1,5,1,121.174901,24.7992815,000030,國道3號,0,78K+760,關西交流道,關西服務區,0000300107850J,SE,N,4,4
VD-N3-N-79-I-EN-1-關西,NFB-NR,0,1,5,2,121.170337,24.8007583,000030,國道3號,0,79K+300,竹林交流道,關西交流道,0000301120040J,E,N,1,1
VD-N3-N-79-O-SE-1-關西,NFB-NR,0,1,5,2,121.167712,24.8033603,000030,國道3號,0,79K+300,竹林交流道,關西交流道,0000301120000J,SE,N,1,1
VD-N3-T-79-A-E-22-關西,NFB-NR,0,1,5,2,121.1673773,24.7996257,000030,國道3號,0,79K+300,竹林交流道,關西交流道,0000301020020J,W,N,1,1
VD-N3-T-79-A-E-21-關西,NFB-NR,0,1,5,2,121.1678089,24.7993826,000030,國道3號,0,79K+300,竹林交流道,關西交流道,0000301020030J,SW,N,1,1
VD-N3-N-80.260-M-LOOP,NFB-NR,0,1,5,1,121.1620537,24.8059015,000030,國道3號,0,80K+260,竹林交流道,關西交流道,0000300108020J,E,N,4,4
VD-N3-N-81.800-M-LOOP,NFB-NR,0,1,5,1,121.1472273,24.8066539,000030,國道3號,0,81K+800,竹林交流道,關西交流道,0000300108100J,E,N,4,4
VD-N3-N-83.400-M-RS,NFB-NR,0,2,1,1,121.133333,24.8003889,000030,國道3號,0,83K+400,竹林交流道,關西交流道,0000300108300J,NE,N,4,4
VD-N3-N-85.010-M-LOOP,NFB-NR,0,1,5,1,121.1245533,24.7883609,000030,國道3號,0,85K+010,竹林交流道,關西交流道,0000300108400J,NE,N,4,4
VD-N3-N-85.990-M-LOOP,NFB-NR,0,1,5,1,121.1184909,24.7814234,000030,國道3號,0,85K+990,竹林交流道,關西交流道,0000300108500J,NE,N,4,4
VD-N3-N-88.480-M-LOOP,NFB-NR,0,1,5,1,121.0947294,24.7770722,000030,國道3號,0,88K+480,竹林交流道,關西交流道,0000300108800J,NE,N,4,4
VD-N3-N-89.600-M-LOOP,NFB-NR,0,1,5,1,121.085673,24.7713832,000030,國道3號,0,89K+600,竹林交流道,關西交流道,0000300108900J,NE,N,4,4
VD-N3-N-90.200-N-LOOP,NFB-NR,0,1,5,1,121.0818264,24.7672533,000030,國道3號,0,90K+200,竹林交流道,關西交流道,0000300109000J,NE,N,3,3
VD-N3-N-90-I-WN-21-竹林,NFB-NR,0,1,5,2,121.0825186,24.7662486,000030,國道3號,0,90K+300,寶山休息站,竹林交流道,0000301121030J,NW,N,1,1
VD-N3-N-90-I-EN-1-竹林,NFB-NR,0,1,5,2,121.0824353,24.7668362,000030,國道3號,0,90K+300,寶山休息站,竹林交流道,0000301121030J,NW,N,2,2
VD-N3-N-90-O-SE-21-竹林,NFB-NR,0,1,5,2,121.0817533,24.7653651,000030,國道3號,0,90K+300,寶山休息站,竹林交流道,0000301121010J,E,N,1,1
VD-N3-N-90-O-SE-1-竹林,NFB-NR,0,1,5,2,121.0805951,24.7652052,000030,國道3號,0,90K+300,寶山休息站,竹林交流道,0000301121000J,NE,N,1,1
VD-N3-N-90.800-M-LOOP,NFB-NR,0,1,5,1,121.0780467,24.7631279,000030,國道3號,0,90K+800,寶山休息站,竹林交流道,0000300109070J,NE,N,4,4
VD-N3-N-91.700-M-LOOP,NFB-NR,0,1,5,1,121.0708652,24.7583135,000030,國道3號,0,91K+700,寶山休息站,竹林交流道,0000300109100J,NE,N,4,4
VD-N3-N-92.000-M-LOOP,NFB-NR,0,1,5,1,121.068048,24.7573022,000030,國道3號,0,92K+000,寶山休息站,竹林交流道,0000300109100J,NE,N,4,4
VD-N3-N-93.990-M-LOOP,NFB-NR,0,1,5,1,121.0495147,24.7614397,000030,國道3號,0,93K+990,寶山休息站,竹林交流道,0000300109400J,E,N,4,4
VD-N3-N-95.110-M-LOOP,NFB-NR,0,1,5,1,121.0390083,24.7632357,000030,國道3號,0,95K+110,寶山休息站,竹林交流道,0000300109500J,NE,N,4,4
VD-N3-N-96.350-M-LOOP,NFB-NR,0,1,5,1,121.0290027,24.7571867,000030,國道3號,0,96K+350,寶山休息站,竹林交流道,0000300109600J,NE,N,4,4
VD-N3-N-96.990-M-RS,NFB-NR,0,2,1,1,121.0233637,24.7545997,000030,國道3號,0,96K+990,寶山交流道,寶山休息站,0000300109600J,NE,N,4,4
VD-N3-N-98.590-N-LOOP,NFB-NR,0,1,5,1,121.0079473,24.7568664,000030,國道3號,0,98K+590,寶山交流道,寶山休息站,0000300109820J,E,N,3,3
VD-N3-N-98-I-EN-21-寶山,NFB-NR,0,1,5,2,121.0063188,24.7566293,000030,國道3號,0,98K+800,新竹系統交流道,寶山交流道,0000301122070J,NE,N,1,1
VD-N3-N-98-I-EN-1-寶山,NFB-NR,0,1,5,2,121.0068184,24.7566686,000030,國道3號,0,98K+800,新竹系統交流道,寶山交流道,0000301122090J,E,N,2,2
VD-N3-N-98-O-SE-1-寶山,NFB-NR,0,1,5,2,121.0035827,24.7568226,000030,國道3號,0,98K+800,新竹系統交流道,寶山交流道,0000301122000J,E,N,2,2
VD-N3-N-99.540-M-LOOP,NFB-NR,0,1,5,1,120.9986605,24.7560459,000030,國道3號,0,99K+540,新竹系統交流道,寶山交流道,0000300109940J,E,N,4,4
VD-N3-N-99.890-M-RS,NFB-NR,0,2,1,1,120.9942498,24.7556039,000030,國道3號,0,99K+890,新竹系統交流道,寶山交流道,0000300109940J,E,N,4,4
VD-N3-N-100.470-N-LOOP,NFB-NR,0,1,5,1,120.9896559,24.7566215,000030,國道3號,0,100K+470,新竹系統交流道,寶山交流道,0000300110010J,E,N,3,3
VD-N3-N-100-I-EN-新竹系統-1N3N,NFB-NR,0,1,5,2,120.9868205,24.7556279,000030,國道3號,0,100K+800,茄苳交流道,新竹系統交流道,0000301123040J,NE,N,2,2
VD-N3-N-100-I-WN-新竹系統-1S3N,NFB-NR,0,1,5,2,120.9851429,24.7553044,000030,國道3號,0,100K+800,茄苳交流道,新竹系統交流道,0000301123050J,E,N,1,1
VD-N3-N-101.610-M-LOOP,NFB-NR,0,1,5,1,120.9788944,24.757829,000030,國道3號,0,101K+610,茄苳交流道,新竹系統交流道,0000300110160J,E,N,5,5
VD-N3-N-102.380-M-RS,NFB-NR,0,2,1,1,120.9712961,24.758074,000030,國道3號,0,102K+380,茄苳交流道,新竹系統交流道,0000300110200J,E,N,4,4
VD-N3-N-103.700-N-LOOP,NFB-NR,0,1,5,1,120.9586586,24.7576081,000030,國道3號,0,103K+700,茄苳交流道,新竹系統交流道,0000300110340O,NE,N,4,4
VD-N3-N-103-I-WN-22-茄苳,NFB-NR,0,1,5,2,120.9559873,24.7551204,000030,國道3號,0,103K+900,香山交流道,茄苳交流道,0000301124010O,SW,N,1,1
VD-N3-N-103-O-SE-2-茄苳,NFB-NR,0,1,5,2,120.9579174,24.7567273,000030,國道3號,0,103K+900,香山交流道,茄苳交流道,0000301124030O,SE,N,1,1
VD-N3-N-103-O-SE-21-茄苳,NFB-NR,0,1,5,2,120.9568724,24.7557156,000030,國道3號,0,103K+900,香山交流道,茄苳交流道,0000301124060O,W,N,1,1
VD-N3-N-103-O-SE-1-茄苳,NFB-NR,0,1,5,2,120.9548599,24.7555752,000030,國道3號,0,103K+900,香山交流道,茄苳交流道,0000301124010O,SW,N,1,1
VD-N3-N-103-I-EN-21-茄苳,NFB-NR,0,1,5,2,120.9571278,24.7555004,000030,國道3號,0,103K+900,香山交流道,茄苳交流道,0000301124070O,NE,N,1,1
VD-N3-N-105.150-M-LOOP,NFB-NR,0,1,5,1,120.9453752,24.7529862,000030,國道3號,0,105K+150,香山交流道,茄苳交流道,0000300110500O,E,N,4,4
VD-N3-N-106.510-M-RS,NFB-NR,0,1,5,1,120.9321902,24.7516834,000030,國道3號,0,106K+510,香山交流道,茄苳交流道,0000300110600O,NE,N,4,4
VD-N3-N-108.980-N-LOOP,NFB-NR,0,1,5,1,120.9140279,24.7372696,000030,國道3號,0,108K+980,香山交流道,茄苳交流道,0000300110870O,NE,N,3,3
VD-N3-N-109-I-EN-21-香山,NFB-NR,0,1,5,2,120.9130982,24.736253,000030,國道3號,0,109K+600,西濱交流道,香山交流道,0000301125090O,NE,N,1,1
VD-N3-N-109-I-EN-1-香山,NFB-NR,0,1,5,2,120.9134175,24.7364801,000030,國道3號,0,109K+600,西濱交流道,香山交流道,0000301125090O,NE,N,2,2
VD-N3-N-109-O-SE-1-香山-台13線,NFB-NR,0,1,5,2,120.9043448,24.7299907,000030,國道3號,0,109K+600,西濱交流道,香山交流道,0000301125000K,NE,N,2,2
VD-N1H-S-13.500-M-LOOP,NFB-NR,0,1,5,1,121.6261836,25.066898,00001A,國1高架,0,13K+500,汐止端,堤頂交流道,00001A0001300F,W,S,2,2
VD-N1H-S-14.490-M-LOOP,NFB-NR,0,1,5,1,121.6163472,25.0661114,00001A,國1高架,0,14K+490,汐止端,堤頂交流道,00001A0001450A,W,S,2,2
VD-N1H-S-15.520-M-LOOP,NFB-NR,0,1,5,1,121.6064125,25.0649005,00001A,國1高架,0,15K+520,汐止端,堤頂交流道,00001A0001500A,W,S,2,2
VD-N1H-S-16.530-M-LOOP,NFB-NR,0,1,5,1,121.5965248,25.0639897,00001A,國1高架,0,16K+530,汐止端,堤頂交流道,00001A0001600A,W,S,3,3
VD-N1H-S-17.970-M-LOOP,NFB-NR,0,1,5,1,121.5828898,25.0681154,00001A,國1高架,0,17K+970,汐止端,堤頂交流道,00001A0001800A,NW,S,3,3
VD-N1H-S-18-I-WS-21-堤頂,NFB-NR,0,1,5,2,121.5728346,25.0728437,00001A,國1高架,0,18K+800,堤頂交流道,下塔悠交流道,00001A1002050A,S,S,1,1
VD-N1H-S-18-I-WS-33-堤頂,NFB-NR,0,1,5,2,121.5744772,25.0709455,00001A,國1高架,0,18K+800,堤頂交流道,下塔悠交流道,00001A1002030A,SW,S,1,1
VD-N1H-S-18-O-NW-1-堤頂,NFB-NR,0,1,5,2,121.5777099,25.0700651,00001A,國1高架,0,18K+800,堤頂交流道,下塔悠交流道,00001A1002000A,W,S,2,2
VD-N1H-S-18-I-ES-22-堤頂,NFB-NR,0,1,5,2,121.5742693,25.0709189,00001A,國1高架,0,18K+800,堤頂交流道,下塔悠交流道,00001A1002030A,SW,S,2,2
VD-N1H-S-19.050-N-LOOP,NFB-NR,0,1,5,1,121.5727559,25.0709604,00001A,國1高架,0,19K+050,堤頂交流道,下塔悠交流道,00001A0001900A,W,S,2,2
VD-N1H-S-20.010-M-LOOP,NFB-NR,0,1,5,1,121.5632053,25.0712883,00001A,國1高架,0,20K+010,堤頂交流道,下塔悠交流道,00001A0002000A,W,S,3,3
VD-N1H-S-20.980-M-LOOP,NFB-NR,0,1,5,1,121.553833,25.0732234,00001A,國1高架,0,20K+980,下塔悠交流道,環北交流道,00001A0002100A,W,S,2,2
VD-N1H-S-22.000-M-LOOP,NFB-NR,0,1,5,1,121.543867,25.073406,00001A,國1高架,0,22K+000,下塔悠交流道,環北交流道,00001A0002200A,W,S,2,2
VD-N1H-S-23.070-M-LOOP,NFB-NR,0,1,5,1,121.5332721,25.0734821,00001A,國1高架,0,23K+070,下塔悠交流道,環北交流道,00001A0002300A,W,S,2,2
VD-N1H-S-23.990-M-LOOP,NFB-NR,0,1,5,1,121.5245648,25.0757064,00001A,國1高架,0,23K+990,下塔悠交流道,環北交流道,00001A0002400A,W,S,2,2
VD-N1H-S-24.960-M-LOOP,NFB-NR,0,1,5,1,121.515289,25.0780486,00001A,國1高架,0,24K+960,下塔悠交流道,環北交流道,00001A0002500A,W,S,2,2
VD-N1H-S-25.700-N-LOOP,NFB-NR,0,1,5,1,121.50796,25.0783857,00001A,國1高架,0,25K+700,下塔悠交流道,環北交流道,00001A0002500A,W,S,2,2
VD-N1H-S-26-I-WS-21-環北,NFB-NR,0,1,5,2,121.5066302,25.0834199,00001A,國1高架,0,26K+100,環北交流道,五股轉接道,00001A1004010A,NW,S,1,1
VD-N1H-S-26-I-ES-22-環北,NFB-NR,0,1,5,2,121.5080958,25.0811457,00001A,國1高架,0,26K+100,環北交流道,五股轉接道,00001A1004000A,S,S,1,1
VD-N1H-S-26.520-M-LOOP,NFB-NR,0,1,5,1,121.4999093,25.0773719,00001A,國1高架,0,26K+520,環北交流道,五股轉接道,00001A0002610F,W,S,3,3
VD-N1H-S-27.510-M-LOOP,NFB-NR,0,1,5,1,121.4903994,25.0750782,00001A,國1高架,0,27K+510,環北交流道,五股轉接道,00001A0002700F,W,S,3,3
VD-N1H-S-28.510-M-LOOP,NFB-NR,0,1,5,1,121.480758,25.0734986,00001A,國1高架,0,28K+510,環北交流道,五股轉接道,00001A0002800F,W,S,3,3
VD-N1H-S-29.490-M-LOOP,NFB-NR,0,1,5,1,121.4712813,25.0754727,00001A,國1高架,0,29K+490,環北交流道,五股轉接道,00001A0002900F,W,S,3,3
VD-N1H-S-30.520-M-LOOP,NFB-NR,0,1,5,1,121.4611744,25.075667,00001A,國1高架,0,30K+520,環北交流道,五股轉接道,00001A0003000F,W,S,4,4
VD-N1H-S-31.470-M-RS,NFB-NR,0,2,1,1,121.4522823,25.0731027,00001A,國1高架,0,31K+470,環北交流道,五股轉接道,00001A0003100F,W,S,3,3
VD-N1H-S-31.500-M-LOOP,NFB-NR,0,1,5,1,121.452112,25.0730543,00001A,國1高架,0,31K+500,環北交流道,五股轉接道,00001A0003100F,W,S,3,3
VD-N1H-S-32-O-NW-1-五股,NFB-NR,0,1,5,2,121.4429693,25.0703022,00001B,國1高架,0,32K+100,五股轉接道,泰山轉接道,00001B0003200F,W,S,1,1
VD-N1-S-33-O-NW-1-五股,NFB-NR,0,1,5,2,121.4488822,25.0720862,00001A,國1高架,0,32K+100,五股轉接道,泰山轉接道,00001A1005010F,W,S,1,1
VD-N1H-S-32.220-M-RS,NFB-NR,0,2,1,1,121.4450646,25.0710968,00001B,國1高架,0,32K+220,五股轉接道,泰山轉接道,00001B0003200F,W,S,2,2
VD-N1H-S-34.300-M-RS,NFB-NR,0,2,1,1,121.4250251,25.0675867,00001B,國1高架,0,34K+300,五股轉接道,泰山轉接道,00001B0003400F,SW,S,2,2
VD-N1H-S-36.000-1-M-泰山轉接道,NFB-NR,0,1,5,2,121.4144378,25.0611074,00001B,國1高架,0,36K+000,泰山轉接道,機場系統交流道,00001B0003500F,SW,S,2,2
VD-N1H-S-36.220-M-RS,NFB-NR,0,2,1,1,121.4091311,25.0579858,00001B,國1高架,0,36K+220,泰山轉接道,機場系統交流道,00001B0003600F,SW,S,2,2
VD-N1H-S-37.420-M-LOOP,NFB-NR,0,1,5,1,121.3984562,25.0577611,00001B,國1高架,0,37K+420,泰山轉接道,機場系統交流道,00001B0003700F,NW,S,3,3
VD-N1H-S-38.038-M-LOOP,NFB-NR,0,1,5,1,121.3948006,25.0621749,00001B,國1高架,0,38K+038,泰山轉接道,機場系統交流道,00001B0003800F,NW,S,3,3
VD-N1H-S-39.226-M-LOOP,NFB-NR,0,1,5,1,121.3841967,25.0650369,00001B,國1高架,0,39K+226,泰山轉接道,機場系統交流道,00001B0003900F,W,S,3,3
VD-N1H-S-40.450-M-RS,NFB-NR,0,2,1,1,121.3723174,25.0661846,00001B,國1高架,0,40K+450,泰山轉接道,機場系統交流道,00001B0004000F,W,S,3,3
VD-N1H-S-42.440-M-RS,NFB-NR,0,2,1,1,121.352761,25.0656856,00001B,國1高架,0,42K+440,泰山轉接道,機場系統交流道,00001B0004230H,W,S,3,3
VD-N1H-S-44.450-M-RS,NFB-NR,0,2,1,1,121.3338086,25.061599,00001B,國1高架,0,44K+450,泰山轉接道,機場系統交流道,00001B0004400H,SW,S,3,3
VD-N1H-S-46.450-M-RS,NFB-NR,0,2,1,1,121.3203498,25.0485431,00001B,國1高架,0,46K+450,泰山轉接道,機場系統交流道,00001B0004600H,SW,S,3,3
VD-N1H-S-48.430-M-RS,NFB-NR,0,2,1,1,121.302623,25.0410164,00001B,國1高架,0,48K+430,泰山轉接道,機場系統交流道,00001B0004800H,SW,S,3,3
VD-N1H-S-50.378-M-LOOP,NFB-NR,0,1,5,1,121.2869594,25.0308292,00001B,國1高架,0,50K+378,泰山轉接道,機場系統交流道,00001B0005000H,SW,S,3,3
VD-N1H-S-51.370-M-LOOP,NFB-NR,0,1,5,1,121.2797694,25.0246894,00001B,國1高架,0,51K+370,泰山轉接道,機場系統交流道,00001B0005100H,SW,S,4,4
VD-N1H-S-52-I-WS-1-機場往高架,NFB-NR,0,1,5,2,121.2708948,25.0191977,000010,國1高架,0,52K+500,機場系統交流道,中壢轉接一,0000101019090H,S,S,1,1
VD-N1H-S-52.640-M-LOOP,NFB-NR,0,1,5,1,121.2704205,25.0170392,00001B,國1高架,0,52K+640,機場系統交流道,中壢轉接一,00001B0005200H,SW,S,3,3
VD-N1H-S-54.400-M-RS,NFB-NR,0,2,1,1,121.2572501,25.0066026,00001B,國1高架,0,54K+400,機場系統交流道,中壢轉接一,00001B0005400H,SW,S,3,3
VD-N1H-S-55.585-M-LOOP,NFB-NR,0,1,5,1,121.248384,24.9995799,00001B,國1高架,0,55K+585,機場系統交流道,中壢轉接一,00001B0005500H,SW,S,3,3
VD-N1H-S-56.770-M-LOOP,NFB-NR,0,1,5,1,121.2403301,24.9917439,00001B,國1高架,0,56K+770,機場系統交流道,中壢轉接一,00001B0005600H,SW,S,3,3
VD-N1H-S-58.100-M-LOOP,NFB-NR,0,1,5,1,121.231219,24.983015,00001B,國1高架,0,58K+100,機場系統交流道,中壢轉接一,00001B0005800H,SW,S,3,3
VD-N1H-S-58.635-M-RS,NFB-NR,0,2,1,1,121.227229,24.979627,000010,國1高架,0,58K+635,機場系統交流道,中壢轉接一,0000100005800H,SW,S,3,3
VD-N1H-S-60-O-NE-1-中豐,NFB-NR,0,1,5,2,121.224456,24.977131,000010,國1高架,0,59K+050,中壢轉接一,中豐交流道,0000100005900H,SW,S,1,1
VD-N1H-S-60-O-NW-21-中豐,NFB-NR,0,1,5,2,121.220196,24.973666,000010,國1高架,0,59K+700,中豐交流道,中壢轉接二,0000100005900H,SW,S,1,1
VD-N1H-S-60-O-NE-22-中豐,NFB-NR,0,1,5,2,121.220205,24.973561,000010,國1高架,0,59K+750,中豐交流道,中壢轉接二,0000100005900H,SW,S,1,1
VD-N1H-S-62.000-M-LOOP,NFB-NR,0,1,5,1,121.2017418,24.9596935,00001B,國1高架,0,62K+000,中壢轉接二,校前路交流道,00001B0006200H,SW,S,2,2
VD-N1H-S-64.000-M-LOOP,NFB-NR,0,1,5,1,121.1938283,24.9438677,00001B,國1高架,0,64K+000,中壢轉接二,校前路交流道,00001B0006300H,S,S,2,2
VD-N1H-S-66.000-M-LOOP,NFB-NR,0,1,5,1,121.1813344,24.931492,00001B,國1高架,0,66K+000,中壢轉接二,校前路交流道,00001B0006500H,SW,S,2,2
VD-N1H-S-67.500-M-LOOP,NFB-NR,0,1,5,1,121.1697294,24.9235503,00001B,國1高架,0,67K+500,中壢轉接二,校前路交流道,00001B0006706H,SW,S,2,2
VD-N1H-S-69.000-M-LOOP,NFB-NR,0,1,5,1,121.1645431,24.9103208,00001B,國1高架,0,69K+000,中壢轉接二,校前路交流道,00001B0006800H,S,S,2,2
VD-N1H-S-70.000-M-LOOP,NFB-NR,0,1,5,1,121.1591423,24.9032351,00001B,國1高架,0,70K+000,校前路交流道,楊梅端,00001B0007000H,SW,S,2,2
VD-N1H-S-71.000-M-LOOP,NFB-NR,0,1,5,1,121.1514669,24.900548,000010,國1高架,0,70K+900,校前路交流道,楊梅端,0000100007060H,W,S,1,1
VD-N1H-S-70-O-NW-1-校前路,NFB-NR,0,1,5,2,121.1523346,24.901,00001B,國1高架,0,71K+000,楊梅端,楊梅休息站,00001B1004030H,W,S,2,2
VD-N1H-S-70-O-NW-2-校前路,NFB-NR,0,1,5,2,121.150989,24.9007197,00001B,國1高架,0,71K+000,楊梅端,楊梅休息站,00001B1004030H,W,S,1,1
VD-N1H-S-71-O-楊梅休息站,NFB-NR,0,1,5,2,121.1471406,24.89961,000010,國1高架,0,71K+000,楊梅端,楊梅休息站,0000100007100H,W,S,1,1
VD-N1H-S-71-I-楊梅休息站,NFB-NR,0,1,5,2,121.146086,24.899296,000010,國1高架,0,71K+000,楊梅端,楊梅休息站,0000100007100H,W,S,2,2
VD-N1H-N-15.000-M-LOOP,NFB-NR,0,1,5,1,121.6114154,25.0651703,00001A,國1高架,0,15K+000,堤頂交流道,汐止端,00001A0101510A,E,N,2,2
VD-N1H-N-16.000-M-LOOP,NFB-NR,0,1,5,1,121.6015711,25.0639156,00001A,國1高架,0,16K+000,堤頂交流道,汐止端,00001A0101600A,E,N,2,2
VD-N1H-N-16.980-M-LOOP,NFB-NR,0,1,5,1,121.592084,25.0641109,00001A,國1高架,0,16K+980,堤頂交流道,汐止端,00001A0101700A,E,N,2,2
VD-N1H-N-18.060-M-LOOP,NFB-NR,0,1,5,1,121.5821614,25.0679526,00001A,國1高架,0,18K+060,堤頂交流道,汐止端,00001A0101800A,E,N,2,2
VD-N1H-N-18-O-SE-1-堤頂,NFB-NR,0,1,5,2,121.5723711,25.0702685,00001A,國1高架,0,18K+800,下塔悠交流道,堤頂交流道,00001A1102000A,E,N,2,2
VD-N1H-N-18-O-SW-22-堤頂-往舊宗路,NFB-NR,0,1,5,2,121.5745067,25.0692009,00001A,國1高架,0,18K+800,下塔悠交流道,堤頂交流道,00001A1102020A,SE,N,2,2
VD-N1H-N-18-I-EN-1-堤頂,NFB-NR,0,1,5,2,121.573677,25.0695357,00001A,國1高架,0,18K+800,下塔悠交流道,堤頂交流道,00001A1102070A,N,N,1,1
VD-N1H-N-19.000-N-LOOP,NFB-NR,0,1,5,1,121.573443,25.0705048,00001A,國1高架,0,19K+000,下塔悠交流道,堤頂交流道,00001A0101900A,E,N,2,2
VD-N1H-N-19.510-M-RS,NFB-NR,0,2,1,1,121.5682523,25.0709606,00001A,國1高架,0,19K+510,下塔悠交流道,堤頂交流道,00001A0101940A,E,N,4,4
VD-N1H-N-20.520-M-LOOP,NFB-NR,0,1,5,1,121.5585564,25.0720302,00001A,國1高架,0,20K+520,下塔悠交流道,堤頂交流道,00001A0102000A,E,N,3,3
VD-N1H-N-20-O-SE-1-下塔悠,NFB-NR,0,1,5,2,121.5588477,25.0716878,00001A,國1高架,0,20K+700,環北交流道,下塔悠交流道,00001A1103000A,E,N,1,1
VD-N1H-N-21.480-M-LOOP,NFB-NR,0,1,5,1,121.548809,25.0722346,00001A,國1高架,0,21K+480,環北交流道,下塔悠交流道,00001A0102100A,E,N,3,3
VD-N1H-N-22.440-M-RS,NFB-NR,0,2,1,1,121.5394874,25.0724855,00001A,國1高架,0,22K+440,環北交流道,下塔悠交流道,00001A0102200A,E,N,3,3
VD-N1H-N-23.570-M-LOOP,NFB-NR,0,1,5,1,121.528514,25.073729,00001A,國1高架,0,23K+570,環北交流道,下塔悠交流道,00001A0102300A,E,N,3,3
VD-N1H-N-24.470-M-LOOP,NFB-NR,0,1,5,1,121.5202129,25.0766151,00001A,國1高架,0,24K+470,環北交流道,下塔悠交流道,00001A0102400A,E,N,3,3
VD-N1H-N-25.540-M-LOOP,NFB-NR,0,1,5,1,121.5097034,25.0778532,00001A,國1高架,0,25K+540,環北交流道,下塔悠交流道,00001A0102500A,E,N,3,3
VD-N1H-N-26-O-SE-1-環北,NFB-NR,0,1,5,2,121.5074087,25.0776891,00001A,國1高架,0,26K+100,五股轉接道,環北交流道,00001A1104010A,E,N,2,2
VD-N1H-N-26-O-SW-22-環北,NFB-NR,0,1,5,2,121.5088302,25.0765775,00001A,國1高架,0,26K+100,五股轉接道,環北交流道,00001A1104010A,E,N,1,1
VD-N1H-N-26.520-M-LOOP,NFB-NR,0,1,5,1,121.500197,25.0768827,00001A,國1高架,0,26K+520,五股轉接道,環北交流道,00001A0102620F,E,N,4,4
VD-N1H-N-27.000-M-RS,NFB-NR,0,2,1,1,121.4955749,25.0756121,00001A,國1高架,0,27K+000,五股轉接道,環北交流道,00001A0102700F,E,N,4,4
VD-N1H-N-27.510-M-LOOP,NFB-NR,0,1,5,1,121.4907192,25.0746286,00001A,國1高架,0,27K+510,五股轉接道,環北交流道,00001A0102700F,E,N,4,4
VD-N1H-N-28.550-M-LOOP,NFB-NR,0,1,5,1,121.480603,25.0730094,00001A,國1高架,0,28K+550,五股轉接道,環北交流道,00001A0102800F,E,N,4,4
VD-N1H-N-29.500-M-LOOP,NFB-NR,0,1,5,1,121.4713325,25.0749315,00001A,國1高架,0,29K+500,五股轉接道,環北交流道,00001A0102900F,E,N,4,4
VD-N1H-N-30.510-N-LOOP,NFB-NR,0,1,5,1,121.4617779,25.0752198,00001A,國1高架,0,30K+510,五股轉接道,環北交流道,00001A0103000F,E,N,3,3
VD-N1H-N-30.914-M-LOOP,NFB-NR,0,1,5,1,121.4576729,25.0738483,00001A,國1高架,0,30K+914,五股轉接道,環北交流道,00001A1105020F,NE,N,2,2
VD-N1H-N-31.510-M-LOOP,NFB-NR,0,1,5,1,121.4520046,25.0724267,00001A,國1高架,0,31K+510,五股轉接道,環北交流道,00001A1105010F,E,N,3,3
VD-N1H-N-32.480-M-LOOP-五股轉接道,NFB-NR,0,1,5,1,121.4428983,25.0695899,00001A,國1高架,0,32K+480,泰山轉接道,五股轉接道,00001A1105000F,E,N,4,4
VD-N1H-N-32.640-M-RS,NFB-NR,0,2,1,1,121.4417126,25.0685559,00001B,國1高架,0,32K+640,泰山轉接道,五股轉接道,00001B0103200F,E,N,2,2
VD-N1H-N-34.570-M-RS,NFB-NR,0,2,1,1,121.4231569,25.0659873,00001B,國1高架,0,34K+570,泰山轉接道,五股轉接道,00001B0103400F,NE,N,2,2
VD-N1H-N-36.000-1-M-泰山轉接道,NFB-NR,0,3,1,2,121.4113671,25.0587334,00001B,國1高架,0,36K+000,機場系統交流道,泰山轉接道,00001B1101000F,NE,N,2,2
VD-N1H-N-36.550-M-RS,NFB-NR,0,2,1,1,121.4069668,25.0559498,00001B,國1高架,0,36K+550,機場系統交流道,泰山轉接道,00001B0103640F,E,N,3,3
VD-N1H-N-37.737-M-LOOP,NFB-NR,0,1,5,1,121.3968065,25.0596787,00001B,國1高架,0,37K+737,機場系統交流道,泰山轉接道,00001B0103700F,SE,N,3,3
VD-N1H-N-39.126-M-LOOP,NFB-NR,0,1,5,1,121.3855986,25.0651463,00001B,國1高架,0,39K+126,機場系統交流道,泰山轉接道,00001B0103900F,E,N,3,3
VD-N1H-N-40.620-M-RS,NFB-NR,0,2,1,1,121.3711823,25.0650475,00001B,國1高架,0,40K+620,機場系統交流道,泰山轉接道,00001B0104010H,E,N,3,3
VD-N1H-N-42.630-M-RS,NFB-NR,0,2,1,1,121.351329,25.0651481,00001B,國1高架,0,42K+630,機場系統交流道,泰山轉接道,00001B0104200H,E,N,3,3
VD-N1H-N-44.550-M-RS,NFB-NR,0,2,1,1,121.3336319,25.0605294,00001B,國1高架,0,44K+550,機場系統交流道,泰山轉接道,00001B0104400H,NE,N,3,3
VD-N1H-N-46.570-M-RS,NFB-NR,0,2,1,1,121.3199063,25.0475721,00001B,國1高架,0,46K+570,機場系統交流道,泰山轉接道,00001B0104600H,NE,N,3,3
VD-N1H-N-48.570-M-RS,NFB-NR,0,2,1,1,121.3020977,25.0398207,00001B,國1高架,0,48K+570,機場系統交流道,泰山轉接道,00001B0104800H,NE,N,3,3
VD-N1H-N-50.571-M-LOOP,NFB-NR,0,1,5,1,121.2852949,25.0287943,00001B,國1高架,0,50K+571,機場系統交流道,泰山轉接道,00001B0105000H,NE,N,3,3
VD-N1H-N-51.766-M-LOOP,NFB-NR,0,1,5,1,121.2774235,25.0218011,00001B,國1高架,0,51K+766,機場系統交流道,泰山轉接道,00001B0105130H,NE,N,3,3
VD-N1H-N-52-I-WN-1-機場往高架,NFB-NR,0,1,5,2,121.2729537,25.0202241,000010,國1高架,0,52K+500,中壢轉接一,機場系統交流道,0000101119090H,E,N,2,2
VD-N1H-N-52.583-M-LOOP,NFB-NR,0,1,5,1,121.2714291,25.0168793,00001B,國1高架,0,52K+583,中壢轉接一,機場系統交流道,00001B0105220H,NE,N,3,3
VD-N1H-N-54.370-M-RS,NFB-NR,0,2,1,1,121.2579776,25.0063922,00001B,國1高架,0,54K+370,中壢轉接一,機場系統交流道,00001B0105400H,NE,N,3,3
VD-N1H-N-55.550-M-LOOP,NFB-NR,0,1,5,1,121.2491125,24.9994544,00001B,國1高架,0,55K+550,中壢轉接一,機場系統交流道,00001B0105500H,NE,N,3,3
VD-N1H-N-56.825-M-LOOP,NFB-NR,0,1,5,1,121.2419997,24.9927316,00001B,國1高架,0,56K+825,中壢轉接一,機場系統交流道,00001B0105600H,NE,N,3,3
VD-N1H-N-58.250-M-LOOP,NFB-NR,0,1,5,1,121.230572,24.981684,00001B,國1高架,0,58K+250,中壢轉接一,機場系統交流道,00001B0105800H,NE,N,3,3
VD-N1H-N-60-I-EN-1-中豐,NFB-NR,0,1,5,2,121.219944,24.972401,000010,國1高架,0,59K+800,中壢轉接二,中豐交流道,0000100105900H,NE,N,1,1
VD-N1H-N-61.000-M-LOOP,NFB-NR,0,1,5,1,121.2114897,24.965806,00001B,國1高架,0,61K+000,校前路交流道,中壢轉接二,00001B0106020H,NE,N,2,2
VD-N1H-N-62.000-M-LOOP,NFB-NR,0,1,5,1,121.202483,24.9595443,00001B,國1高架,0,62K+000,校前路交流道,中壢轉接二,00001B0106100H,NE,N,2,2
VD-N1H-N-63.500-M-LOOP,NFB-NR,0,1,5,1,121.1953462,24.9478001,00001B,國1高架,0,63K+500,校前路交流道,中壢轉接二,00001B0106300H,N,N,2,2
VD-N1H-N-65.500-M-LOOP,NFB-NR,0,1,5,1,121.186761,24.9330985,00001B,國1高架,0,65K+500,校前路交流道,中壢轉接二,00001B0106500H,NE,N,2,2
VD-N1H-N-67.500-M-LOOP,NFB-NR,0,1,5,1,121.1700434,24.9228274,00001B,國1高架,0,67K+500,校前路交流道,中壢轉接二,00001B0106700H,NE,N,2,2
VD-N1H-N-69.500-M-LOOP,NFB-NR,0,1,5,1,121.1631049,24.9058243,00001B,國1高架,0,70K+500,楊梅端,校前路交流道,00001B0106900H,NE,N,2,2
VD-N1H-N-70-I-EN-1-校前路,NFB-NR,0,1,5,2,121.1512721,24.8999266,00001B,國1高架,0,71K+000,楊梅休息站,楊梅端,00001B1104000H,NE,N,1,1
VD-N2-E-0.000-M-LOOP,NFB-NR,0,1,5,1,121.2174218,25.0657534,000020,國道2號,0,0K+000,桃園機場交流道,大園交流道,0000201001000H,SW,E,4,4
VD-N2-E-0.560-M-RS,NFB-NR,0,2,1,1,121.2138458,25.062413,000020,國道2號,0,0K+560,桃園機場交流道,大園交流道,0000201001010H,SW,E,3,3
VD-N2-E-0.800-N-Loop,NFB-NR,0,1,5,1,121.2131152,25.0602936,000020,國道2號,0,0K+800,桃園機場交流道,大園交流道,0000201001020H,S,E,3,3
VD-N2-E-1-I-SE-33-大園-匝道,NFB-NR,0,1,5,2,121.2123377,25.0584775,000020,國道2號,0,0K+900,大園交流道,大竹交流道,0000201002020H,SE,E,2,2
VD-N2-E-1-O-WS-1-大園,NFB-NR,0,1,5,2,121.2146642,25.0636951,000020,國道2號,0,0K+900,大園交流道,大竹交流道,0000201001020H,S,E,2,2
VD-N2-E-1-O-WS-22-大園,NFB-NR,0,1,5,2,121.2123848,25.0604121,000020,國道2號,0,0K+900,大園交流道,大竹交流道,0000201002000H,SW,E,1,1
VD-N2-E-1-I-NE-34-大園-環道,NFB-NR,0,1,5,2,121.2118832,25.0600345,000020,國道2號,0,0K+900,大園交流道,大竹交流道,0000201002010H,E,E,1,1
VD-N2-E-1-I-SE-21-國2甲,NFB-NR,0,1,5,2,121.2107183,25.06336,000021,國道2號,0,0K+900,大園交流道,大竹交流道,0000211002000H,SE,E,2,2
VD-N2-E-2.230-M-RS,NFB-NR,0,2,1,1,121.2179582,25.0477928,000020,國道2號,0,2K+230,大園交流道,大竹交流道,0000200000200H,SE,E,4,4
VD-N2-E-4.140-M-LOOP,NFB-NR,0,1,5,1,121.2309197,25.0367152,000020,國道2號,0,4K+140,大園交流道,大竹交流道,0000200000400H,E,E,4,4
VD-N2-E-4.900-N-LOOP,NFB-NR,0,1,5,1,121.2381398,25.0347242,000020,國道2號,0,4K+900,大園交流道,大竹交流道,0000200000430H,E,E,3,3
VD-N2-E-5-I-SE-21-大竹-匝道,NFB-NR,0,1,5,2,121.2370839,25.0341871,000020,國道2號,0,5K+000,大竹交流道,機場系統交流道,0000201003040H,E,E,1,1
VD-N2-E-5-I-NE-22-大竹-環道,NFB-NR,0,1,5,2,121.2359166,25.0341986,000020,國道2號,0,5K+000,大竹交流道,機場系統交流道,0000201003050H,E,E,1,1
VD-N2-E-5-O-WS-1-大竹,NFB-NR,0,1,5,2,121.2342505,25.0353,000020,國道2號,0,5K+000,大竹交流道,機場系統交流道,0000201003000H,SE,E,1,1
VD-N2-E-5-O-WS-21-大竹,NFB-NR,0,1,5,2,121.2347931,25.0338952,000020,國道2號,0,5K+000,大竹交流道,機場系統交流道,0000201003020H,E,E,1,1
VD-N2-E-6.950-M-RS,NFB-NR,0,2,1,1,121.256305,25.027339,000020,國道2號,0,6K+890,大竹交流道,機場系統交流道,0000200000600H,E,E,4,4
VD-N2-E-7.900-M-LOOP,NFB-NR,0,1,5,1,121.2657136,25.0268365,000020,國道2號,0,7K+900,大竹交流道,機場系統交流道,0000200000700H,E,E,4,4
VD-N2-E-8-I-SE-機場系統-1N2E,NFB-NR,0,1,5,2,121.2724446,25.0164348,000020,國道2號,0,8K+600,機場系統交流道,南桃園交流道,0000201004100H,E,E,1,1
VD-N2-E-8-I-NE-機場系統-1S2E,NFB-NR,0,1,5,2,121.2742125,25.0202504,000020,國道2號,0,8K+600,機場系統交流道,南桃園交流道,0000201004080H,SW,E,1,1
VD-N2-E-8.880-N-LOOP,NFB-NR,0,1,5,1,121.2721462,25.0206165,000020,國道2號,0,8K+875,機場系統交流道,南桃園交流道,0000201004070H,E,E,2,2
VD-N2-E-9.430-N-LOOP,NFB-NR,0,1,5,1,121.2751148,25.0164535,000020,國道2號,0,9K+430,機場系統交流道,南桃園交流道,0000200000900H,SE,E,3,3
VD-N2-E-10.360-M-RS,NFB-NR,0,2,1,1,121.2804449,25.00960321,000020,國道2號,0,10K+360,機場系統交流道,南桃園交流道,0000200001000H,S,E,4,4
VD-N2-E-10.800-M-LOOP,NFB-NR,0,1,5,1,121.2822416,25.0059593,000020,國道2號,0,10K+800,機場系統交流道,南桃園交流道,0000200001000H,S,E,4,4
VD-N2-E-11-O-WS-21-南桃園,NFB-NR,0,1,5,2,121.2828822,24.9992749,000020,國道2號,0,11K+600,南桃園交流道,大湳交流道,0000201005010H,SW,E,1,1
VD-N2-E-11-I-SE-22-南桃園,NFB-NR,0,1,5,2,121.2818501,24.996928,000020,國道2號,0,11K+600,南桃園交流道,大湳交流道,0000201005040H,E,E,1,1
VD-N2-E-11-I-NE-21-南桃園,NFB-NR,0,1,5,2,121.2821053,24.9982365,000020,國道2號,0,11K+600,南桃園交流道,大湳交流道,0000201005030H,S,E,1,1
VD-N2-E-11-O-WN-22-南桃園,NFB-NR,0,1,5,2,121.2830521,24.9982398,000020,國道2號,0,11K+600,南桃園交流道,大湳交流道,0000201005020H,S,E,1,1
VD-N2-E-11.850-N-LOOP,NFB-NR,0,1,5,1,121.2830426,24.9966092,000020,國道2號,0,11K+850,南桃園交流道,大湳交流道,0000200001110H,S,E,3,3
VD-N2-E-12.540-M-RS,NFB-NR,0,2,1,1,121.2817521,24.9905305,000020,國道2號,0,12K+540,南桃園交流道,大湳交流道,0000200001200H,S,E,3,3
VD-N2-E-14.460-M-LOOP,NFB-NR,0,2,1,1,121.290447,24.976542,000020,國道2號,0,14K+460,南桃園交流道,大湳交流道,0000200001400H,E,E,3,3
VD-N2-E-16.390-M-RS,NFB-NR,0,2,1,1,121.3090697,24.9731631,000020,國道2號,0,16K+390,南桃園交流道,大湳交流道,0000200001600H,E,E,4,4
VD-N2-E-18-I-NE-22-大湳,NFB-NR,0,1,5,2,121.3241449,24.9603829,000020,國道2號,0,18K+500,大湳交流道,鶯歌系統交流道,0000201006070H,S,E,1,1
VD-N2-E-18-I-SE-21-大湳,NFB-NR,0,1,5,2,121.3260618,24.9637164,000020,國道2號,0,18K+500,大湳交流道,鶯歌系統交流道,0000201006060H,SE,E,1,1
VD-N2-E-18-O-WN-22-大湳,NFB-NR,0,1,5,2,121.3238244,24.9620923,000020,國道2號,0,18K+500,大湳交流道,鶯歌系統交流道,0000201006020H,SE,E,1,1
VD-N2-E-18-O-WS-21-大湳,NFB-NR,0,1,5,2,121.3234073,24.9629066,000020,國道2號,0,18K+500,大湳交流道,鶯歌系統交流道,0000201006010H,S,E,1,1
VD-N2-E-18-O-WS-31-大湳,NFB-NR,0,1,5,2,121.3235697,24.9619622,000020,國道2號,0,18K+500,大湳交流道,鶯歌系統交流道,0000201006030H,S,E,1,1
VD-N2-E-18.640-N-LOOP,NFB-NR,0,1,5,1,121.3246433,24.9602487,000020,國道2號,0,18K+640,大湳交流道,鶯歌系統交流道,0000200001800H,S,E,3,3
VD-N2-E-19.300-M-RS,NFB-NR,0,2,1,1,121.3248709,24.9542972,000020,國道2號,0,19K+300,大湳交流道,鶯歌系統交流道,0000200001910H,S,E,4,4
VD-N2-E-19.610-M-LOOP,NFB-NR,0,1,5,1,121.3246265,24.951497,000020,國道2號,0,19K+610,大湳交流道,鶯歌系統交流道,0000200001910H,S,E,4,4
VD-N2-W-0.020-M-LOOP,NFB-NR,0,1,5,1,121.2175081,25.0656392,000020,國道2號,0,0K+020,大園交流道,桃園機場交流道,0000201101040H,NE,W,4,4
VD-N2-W-0.460-M-RS,NFB-NR,0,2,1,1,121.2146432,25.0632717,000020,國道2號,0,0K+460,大園交流道,桃園機場交流道,0000200100000H,NE,W,3,3
VD-N2-W-0.700-N-LOOP,NFB-NR,0,1,5,1,121.2133051,25.0606082,000020,國道2號,0,0K+700,大園交流道,桃園機場交流道,0000201101020H,N,W,3,3
VD-N2-W-1-I-NW-22-大園,NFB-NR,0,1,5,2,121.2138599,25.0601608,000020,國道2號,0,0K+900,大竹交流道,大園交流道,0000201102040H,N,W,1,1
VD-N2-W-1-I-SW-34-大園,NFB-NR,0,1,5,2,121.2146061,25.0586838,000020,國道2號,0,0K+900,大竹交流道,大園交流道,0000201102030H,N,W,1,1
VD-N2-W-1-O-EN-34-大園,NFB-NR,0,1,5,2,121.214145,25.0579472,000020,國道2號,0,0K+900,大竹交流道,大園交流道,0000201102010H,SE,W,1,1
VD-N2-W-1-O-ES-33-大園,NFB-NR,0,1,5,2,121.213448,25.0592201,000020,國道2號,0,0K+900,大竹交流道,大園交流道,0000201102000H,N,W,1,1
VD-N2-W-1-O-EN-1-大園,NFB-NR,0,1,5,2,121.2151338,25.0548526,000021,國道2號,0,0K+900,大竹交流道,大園交流道,0000211102010H,NW,W,4,4
VD-N2-W-1-I-SW-21-國2甲,NFB-NR,0,1,5,2,121.2101682,25.0636881,000021,國道2號,0,0K+900,大竹交流道,大園交流道,0000211002010H,E,W,1,1
VD-N2-W-2.270-M-LOOP,NFB-NR,0,1,5,1,121.2184301,25.047308,000020,國道2號,0,2K+270,大竹交流道,大園交流道,0000200100200H,NW,W,5,5
VD-N2-W-3.360-M-RS,NFB-NR,0,2,1,1,121.2237866,25.0394962,000020,國道2號,0,3K+360,大竹交流道,大園交流道,0000200100300H,NW,W,4,4
VD-N2-W-4.740-N-LOOP,NFB-NR,0,1,5,1,121.2365606,25.0354177,000020,國道2號,0,4K+740,大竹交流道,大園交流道,0000200100420H,W,W,4,4
VD-N2-W-5-I-NW-21-大竹-匝道,NFB-NR,0,1,5,2,121.2384608,25.0363846,000020,國道2號,0,5K+000,機場系統交流道,大竹交流道,0000201103030H,SW,W,1,1
VD-N2-W-5-I-SW-22-大竹-環道,NFB-NR,0,1,5,2,121.2389758,25.0358893,000020,國道2號,0,5K+000,機場系統交流道,大竹交流道,0000201103040H,W,W,1,1
VD-N2-W-5-O-EN-21-大竹,NFB-NR,0,1,5,2,121.2403517,25.0346374,000020,國道2號,0,5K+000,機場系統交流道,大竹交流道,0000201103010H,N,W,1,1
VD-N2-W-5-O-ES-22-大竹,NFB-NR,0,1,5,2,121.24048,25.034401,000020,國道2號,0,5K+000,機場系統交流道,大竹交流道,0000201103020H,W,W,1,1
VD-N2-W-6.260-M-LOOP,NFB-NR,0,1,5,1,121.2499169,25.0291096,000020,國道2號,0,6K+260,機場系統交流道,大竹交流道,0000200100600H,W,W,5,5
VD-N2-W-7.860-M-RS,NFB-NR,0,2,1,1,121.2653342,25.0271098,000020,國道2號,0,7K+860,機場系統交流道,大竹交流道,0000200100700H,W,W,5,5
VD-N2-W-8-I-SW-機場系統-1N2W,NFB-NR,0,1,5,2,121.2720997,25.0166997,000020,國道2號,0,8K+600,南桃園交流道,機場系統交流道,0000201104040H,NE,W,1,1
VD-N2-W-8-I-NW-機場系統-1S2W,NFB-NR,0,1,5,2,121.2730998,25.0207258,000020,國道2號,0,8K+600,南桃園交流道,機場系統交流道,0000201104060H,W,W,1,1
VD-N2-W-8-I-SW-機場系統-1HN2W,NFB-NR,0,1,5,2,121.2760949,25.0189112,000020,國道2號,0,8K+600,南桃園交流道,機場系統交流道,0000201104040H,NE,W,1,1
VD-N2-W-8-I-NW-機場系統-1HS2W,NFB-NR,0,1,5,2,121.2759774,25.0217461,000020,國道2號,0,8K+600,南桃園交流道,機場系統交流道,0000201104080H,W,W,2,2
VD-N2-W-8.880-N-LOOP,NFB-NR,0,1,5,1,121.2722654,25.0206792,000020,國道2號,0,8K+875,南桃園交流道,機場系統交流道,0000200100820H,NW,W,3,3
VD-N2-W-9.350-N-LOOP,NFB-NR,0,1,5,1,121.2746929,25.0172687,000020,國道2號,0,9K+350,南桃園交流道,機場系統交流道,0000200100910H,NW,W,3,3
VD-N2-W-10.380-M-LOOP,NFB-NR,0,1,5,1,121.2805242,25.0098552,000020,國道2號,0,10K+380,南桃園交流道,機場系統交流道,0000200101000H,NW,W,4,4
VD-N2-W-10.530-M-RS,NFB-NR,0,2,1,1,121.2813992,25.0082787,000020,國道2號,0,10K+530,南桃園交流道,機場系統交流道,0000200101000H,NW,W,4,4
VD-N2-W-11.340-N-LOOP,NFB-NR,0,1,5,1,121.2834472,25.0011756,000020,國道2號,0,11K+340,南桃園交流道,機場系統交流道,0000200101100H,N,W,3,3
VD-N2-W-11-I-NW-21-南桃園,NFB-NR,0,1,5,2,121.285268,25.0014016,000020,國道2號,0,11K+600,大湳交流道,南桃園交流道,0000201105030H,W,W,1,1
VD-N2-W-11-I-SW-22-南桃園,NFB-NR,0,1,5,2,121.2852601,25.0006842,000020,國道2號,0,11K+600,大湳交流道,南桃園交流道,0000201105040H,N,W,1,1
VD-N2-W-11-O-ES-22-南桃園,NFB-NR,0,1,5,2,121.2836394,24.9982676,000020,國道2號,0,11K+600,大湳交流道,南桃園交流道,0000201105020H,N,W,1,1
VD-N2-W-11-O-EN-21-南桃園,NFB-NR,0,1,5,2,121.283855,24.9978814,000020,國道2號,0,11K+600,大湳交流道,南桃園交流道,0000201105010H,N,W,1,1
VD-N2-W-12.540-M-RS,NFB-NR,0,2,1,1,121.2819186,24.9905796,000020,國道2號,0,12K+540,大湳交流道,南桃園交流道,0000200101200H,N,W,4,4
VD-N2-W-14.460-M-LOOP,NFB-NR,0,1,5,1,121.290443,24.9766819,000020,國道2號,0,14K+460,大湳交流道,南桃園交流道,0000200101400H,W,W,4,4
VD-N2-W-16.390-M-RS,NFB-NR,0,2,1,1,121.309204,24.9732492,000020,國道2號,0,16K+390,大湳交流道,南桃園交流道,0000200101600H,W,W,3,3
VD-N2-W-18.300-N-LOOP,NFB-NR,0,1,5,1,121.3239525,24.96321,000020,國道2號,0,18K+300,大湳交流道,南桃園交流道,0000200101800H,N,W,3,3
VD-N2-W-18-I-NW-21-大湳,NFB-NR,0,1,5,2,121.3259654,24.9637656,000020,國道2號,0,18K+500,鶯歌系統交流道,大湳交流道,0000201106050H,W,W,1,1
VD-N2-W-18-I-SW-22-大湳,NFB-NR,0,1,5,2,121.3252004,24.9633799,000020,國道2號,0,18K+500,鶯歌系統交流道,大湳交流道,0000201106060H,NW,W,1,1
VD-N2-W-18-O-EN-21-大湳,NFB-NR,0,1,5,2,121.324864,24.9633388,000020,國道2號,0,18K+500,鶯歌系統交流道,大湳交流道,0000201106010H,N,W,1,1
VD-N2-W-18-O-ES-22-大湳,NFB-NR,0,1,5,2,121.3251099,24.9598524,000020,國道2號,0,18K+500,鶯歌系統交流道,大湳交流道,0000201106020H,N,W,1,1
VD-N2-W-19.310-M-LOOP,NFB-NR,0,1,5,1,121.3250232,24.95423,000020,國道2號,0,19K+310,鶯歌系統交流道,大湳交流道,0000200101910H,N,W,4,4
VD-N2-W-19.710-M-RS,NFB-NR,0,2,1,1,121.3246872,24.9506323,000020,國道2號,0,19K+710,鶯歌系統交流道,大湳交流道,0000200101910H,N,W,4,4
VD-N2-W-19.780-M-LOOP,NFB-NR,0,1,5,1,121.3246172,24.9499413,000020,國道2號,0,19K+780,鶯歌系統交流道,大湳交流道,0000200101910H,N,W,4,4
VD-N2A-E-0-I-SE-21-台15,NFB-NR,0,1,5,2,121.2006346,25.0731607,000021,國道2甲,0,0K+000,圳頭交流道,大園交流道,0000211001010H,E,E,1,1
VD-N2A-E-0-I-NE-22-台15,NFB-NR,0,1,5,2,121.20062,25.073376,000021,國道2甲,0,0K+000,圳頭交流道,大園交流道,0000211001000H,SE,E,1,1
VD-N2A-E-1.020-M-LOOP,NFB-NR,0,1,5,1,121.2074159,25.0671885,000021,國道2甲,0,1K+020,圳頭交流道,大園交流道,0000210000062H,SE,E,3,3
VD-N2A-E-1.190-M-RS,NFB-NR,0,2,1,1,121.2087483,25.0656597,000021,國道2甲,0,1K+190,圳頭交流道,大園交流道,0000210000062H,SE,E,3,3
VD-N2A-W-0-O-EN-21-台15,NFB-NR,0,1,5,2,121.200912,25.073593,000021,國道2甲,0,0K+000,大園交流道,圳頭交流道,0000211101010H,N,W,1,1
VD-N2A-W-0.980-M-LOOP,NFB-NR,0,1,5,1,121.2072753,25.067497,000021,國道2甲,0,0K+980,大園交流道,圳頭交流道,0000210100061H,NW,W,3,3
VD-N2A-W-1-I-SW-22-大園,NFB-NR,0,1,5,2,121.2145745,25.0563082,000021,國道2甲,0,1K+280,大園交流道,圳頭交流道,0000211102010H,NW,W,2,2
VD-N2A-W-1.610-M-RS,NFB-NR,0,2,1,1,121.2103117,25.0640312,000021,國道2甲,0,1K+610,大園交流道,圳頭交流道,0000211102010H,NW,W,3,3
VD-N2A-W-1-I-NW-21-大園,NFB-NR,0,1,5,2,121.2130992,25.0622622,000021,國道2甲,0,2K+000,--交流道,大園交流道,0000211102000H,W,W,1,1
VD-N3A-E-0.810-M-LOOP,NFB-NR,0,1,5,1,121.5559843,25.0138866,000031,國道3甲,0,0K+810,台北端,萬芳交流道,0000310000070A,E,E,2,2
VD-N3A-E-1.520-M-RS,NFB-NR,0,2,1,1,121.5622108,25.0119842,000031,國道3甲,0,1K+520,台北端,萬芳交流道,0000310000100A,SE,E,2,2
VD-N3A-E-2.280-M-LOOP,NFB-NR,0,1,5,1,121.5684834,25.008501,000031,國道3甲,0,2K+280,台北端,萬芳交流道,0000310000210A,E,E,2,2
VD-N3A-E-3-I-NE-1A-萬芳-環道,NFB-NR,0,1,5,2,121.5790467,25.0032779,000031,國道3甲,0,3K+600,萬芳交流道,木柵交流道,0000311002030A,N,E,1,1
VD-N3A-E-3-I-SE-1B-萬芳-匝道,NFB-NR,0,1,5,2,121.5811526,25.0038485,000031,國道3甲,0,3K+600,萬芳交流道,木柵交流道,0000311002050A,E,E,1,1
VD-N3A-E-3-O-WS-1-萬芳,NFB-NR,0,1,5,2,121.5779713,25.0047598,000031,國道3甲,0,3K+600,萬芳交流道,木柵交流道,0000311002000A,SE,E,1,1
VD-N3A-E-3.480-N-LOOP,NFB-NR,0,1,5,1,121.5793602,25.0046279,000031,國道3甲,0,3K+730,萬芳交流道,木柵交流道,0000310000320A,SE,E,2,2
VD-N3A-E-4.280-M-RS,NFB-NR,0,2,1,1,121.5873385,25.0035399,000031,國道3甲,0,4K+280,萬芳交流道,木柵交流道,0000310000410A,E,E,3,3
VD-N3A-E-4.600-M-LOOP,NFB-NR,0,1,5,1,121.5903569,25.0027508,000031,國道3甲,0,4K+600,萬芳交流道,木柵交流道,0000310000410A,E,E,3,3
VD-N3A-E-5.400-M-LOOP,NFB-NR,0,1,5,1,121.5980991,25.0017924,000031,國道3甲,0,5K+400,木柵交流道,深坑端,0000310000540A,E,E,2,2
VD-N3A-E-5.500-M-LOOP,NFB-NR,0,1,5,1,121.5990115,25.0018843,000031,國道3甲,0,5K+500,木柵交流道,深坑端,0000310000540A,E,E,3,3
VD-N3A-W-0.780-M-LOOP,NFB-NR,0,1,5,1,121.555915,25.0141428,000031,國道3甲,0,0K+780,萬芳交流道,台北端,0000310100070A,W,W,2,2
VD-N3A-W-1.520-M-RS,NFB-NR,0,2,1,1,121.5622553,25.0120502,000031,國道3甲,0,1K+520,萬芳交流道,台北端,0000310100100A,NW,W,2,2
VD-N3A-W-2.150-M-LOOP,NFB-NR,0,1,5,1,121.5673466,25.0091103,000031,國道3甲,0,2K+150,萬芳交流道,台北端,0000310100200A,W,W,2,2
VD-N3A-W-3.150-N-LOOP,NFB-NR,0,1,5,1,121.576759,25.0062428,000031,國道3甲,0,3K+150,萬芳交流道,台北端,0000310100300A,W,W,2,2
VD-N3A-W-3-I-SW-22-萬芳,NFB-NR,0,1,5,2,121.5799394,25.0066991,000031,國道3甲,0,3K+600,木柵交流道,萬芳交流道,0000311102040A,NW,W,1,1
VD-N3A-W-3-O-EN-1-萬芳,NFB-NR,0,1,5,2,121.5830669,25.0044154,000031,國道3甲,0,3K+600,木柵交流道,萬芳交流道,0000311102000A,W,W,2,2
VD-N3A-W-3-O-EN-22-萬芳,NFB-NR,0,1,5,2,121.5818343,25.0044945,000031,國道3甲,0,3K+600,木柵交流道,萬芳交流道,0000311102020A,W,W,1,1
VD-N3A-W-3-I-NW-21-萬芳,NFB-NR,0,1,5,2,121.5799726,25.0068397,000031,國道3甲,0,3K+600,木柵交流道,萬芳交流道,0000311102030A,W,W,1,1
VD-N3A-W-4.330-M-LOOP,NFB-NR,0,1,5,1,121.5877395,25.0035222,000031,國道3甲,0,4K+330,木柵交流道,萬芳交流道,0000310100410A,W,W,3,3
VD-N3A-W-4.520-M-RS,NFB-NR,0,2,1,1,121.589523,25.0030564,000031,國道3甲,0,4K+520,木柵交流道,萬芳交流道,0000310100410A,W,W,3,3
VD-N3A-W-4.930-M-LOOP,NFB-NR,0,1,5,1,121.593706,25.002153,000031,國道3甲,0,4K+930,木柵交流道,萬芳交流道,0000310100480A,W,W,2,2
VD-N3A-W-5.500-M-RS,NFB-NR,0,2,1,1,121.5992869,25.0020069,000031,國道3甲,0,5K+500,深坑端,木柵交流道,0000310100550A,W,W,2,2
VD-N3K-S-0.030-M-LOOP,NFB-NR,0,1,5,1,121.7417313,25.1515097,300026,港西聯絡道,0,0K+030,基隆港交流道,德安路交流道,3000260000065C,W,S,2,2
VD-N3K-S-1.080-M-LOOP,NFB-NR,0,1,5,1,121.7319835,25.1530431,300026,港西聯絡道,0,1K+080,基隆港交流道,德安路交流道,3000260000118C,W,S,2,2
VD-N3K-S-2.150-M-LOOP,NFB-NR,0,1,5,1,121.7233786,25.1488616,300026,港西聯絡道,0,2K+150,基隆港交流道,德安路交流道,3000260000290C,SW,S,2,2
VD-N3K-S-2-I-WS-1-德安路,NFB-NR,0,1,5,2,121.724659,25.1505545,300026,港西聯絡道,0,2K+424,德安路交流道,中和路交流道,3000262000258C,SW,S,1,1
VD-N3K-S-2.500-M-LOOP,NFB-NR,0,1,5,1,121.7217968,25.1460979,300026,港西聯絡道,0,2K+500,德安路交流道,中和路交流道,3000260000322C,SW,S,2,2
VD-N3K-S-3-I-WS-1-中和路,NFB-NR,0,1,5,2,121.720805,25.1452109,300026,港西聯絡道,0,3K+073,中和路交流道,基金交流道,3000262000329C,SW,S,1,1
VD-N3K-S-3.360-M-LOOP,NFB-NR,0,1,5,1,121.7160887,25.1406373,300026,港西聯絡道,0,3K+360,中和路交流道,基金交流道,3000260000360C,SW,S,2,2
VD-N3K-N-0.050-M-LOOP,NFB-NR,0,1,5,1,121.7414914,25.1513165,300026,港西聯絡道,0,0K+050,德安路交流道,基隆港交流道,3000260100059C,E,N,2,2
VD-N3K-N-1.090-M-LOOP,NFB-NR,0,1,5,1,121.7319698,25.1529185,300026,港西聯絡道,0,1K+090,德安路交流道,基隆港交流道,3000260100118C,E,N,2,2
VD-N3K-N-2-O-NE-1-德安路,NFB-NR,0,1,5,2,121.7237537,25.148848,300026,港西聯絡道,0,2K+424,中和路交流道,德安路交流道,3000262100262C,NE,N,1,1
VD-N3K-N-2.520-M-LOOP,NFB-NR,0,1,5,1,121.7219702,25.1458267,300026,港西聯絡道,0,2K+520,中和路交流道,德安路交流道,3000260100291C,NE,N,2,2
VD-N3K-N-3-I-WN-1-中和路,NFB-NR,0,1,5,2,121.7202904,25.1439707,300026,港西聯絡道,0,3K+073,基金交流道,中和路交流道,3000262100329C,NE,N,1,1
VD-N3K-N-3.440-M-LOOP,NFB-NR,0,1,5,1,121.7164746,25.1406662,300026,港西聯絡道,0,3K+440,基金交流道,中和路交流道,3000260100402C,NE,N,2,2
VD-N3N-S-0.150-I-1-橫科路,NFB-NR,0,1,5,2,121.6215024,25.0483045,626530,南港聯絡道,0,0K+000,環東交流道,南港交流道,6265300300000F,SE,S,1,1
VD-N3N-S-0.040-M-LOOP,NFB-NR,0,1,5,1,121.6227771,25.0471504,000030,南港聯絡道,0,0K+040,環東交流道,南港交流道,0000301005010F,SE,S,3,3
VD-N3N-S-0.560-M-LOOP,NFB-NR,0,1,5,1,121.6205299,25.0513187,626529,南港聯絡道,0,0K+560,環東交流道,南港交流道,6265290400020F,S,S,2,2
VD-N3N-N-0.150-O-1-橫科路,NFB-NR,0,1,5,2,121.6217408,25.0484141,626530,南港聯絡道,0,0K+000,南港交流道,環東交流道,6265300700000F,NW,N,1,1
VD-N3N-N-0.700-M-LOOP,NFB-NR,0,1,5,1,121.6206564,25.0522793,626529,南港聯絡道,0,0K+700,南港交流道,環東交流道,6265290000020F,N,N,2,2
VD-N5-S-0.191-M-LOOP,NFB-PL,0,1,5,1,121.625439,25.034389,000050,國道5號,0,0K+191,南港系統交流道,石碇交流道,0000500000000A,E,S,2,2
VD-N5-S-1.072-M-LOOP,NFB-PL,0,1,5,1,121.632994,25.031247,000050,國道5號,0,1K+072,南港系統交流道,石碇交流道,0000500000100A,SE,S,2,2
VD-N5-S-2.050-M-PS-LOOP,NFB-PL,0,1,5,1,121.639295,25.024655,000050,國道5號,0,2K+050,南港系統交流道,石碇交流道,0000500000200A,SE,S,2,2
VD-N5-S-3.178-M-LOOP,NFB-PL,0,1,5,1,121.642974,25.015304,000050,國道5號,0,3K+178,南港系統交流道,石碇交流道,0000500000300F,S,S,2,2
VD-N5-S-3.506-M-LOOP,NFB-PL,0,1,5,1,121.643851,25.012499,000050,國道5號,0,3K+506,南港系統交流道,石碇交流道,0000500000350F,SE,S,2,2
VD-N5-S-4-O-NS-1-LOOP,NFB-PL,0,1,5,2,121.646367,25.009354,000050,國道5號,0,4K+000,石碇交流道,坪林交控交流道,0000501002010F,S,S,1,1
VD-N5-S-4-I-NS-1-LOOP,NFB-PL,0,1,5,2,121.646992,25.008302,000050,國道5號,0,4K+000,石碇交流道,坪林交控交流道,0000501002030F,SE,S,2,2
VD-N5-S-4-R-O-石碇服務區-LOOP,NFB-PL,0,1,5,2,121.6447942,25.0087073,401062,國道5號,0,4K+000,石碇交流道,坪林交控交流道,4010620100503F,W,S,2,2
VD-N5-S-4-R-I-石碇服務區-LOOP,NFB-PL,0,1,5,2,121.6459338,25.0086754,401062,國道5號,0,4K+000,石碇交流道,坪林交控交流道,4010620100503F,W,S,2,2
VD-N5-S-4.278-M-LOOP,NFB-PL,0,1,5,1,121.649024,25.00691,000050,國道5號,0,4K+278,石碇交流道,坪林交控交流道,0000501002030F,SE,S,2,2
VD-N5-S-4.633-M-LOOP,NFB-PL,0,1,5,1,121.650531,25.004043,000050,國道5號,0,4K+633,石碇交流道,坪林交控交流道,0000500000460F,S,S,3,3
VD-N5-S-6.496-M-IMAGE,NFB-PL,0,3,1,1,121.657664,24.989696,000050,國道5號,0,6K+496,石碇交流道,坪林交控交流道,0000500000600F,SE,S,3,3
VD-N5-S-7.577-M-LOOP,NFB-PL,0,1,5,1,121.663696,24.98192,000050,國道5號,0,7K+577,石碇交流道,坪林交控交流道,0000500000700F,SE,S,2,2
VD-N5-S-8.686-M-LOOP,NFB-PL,0,1,5,1,121.67407,24.979962,000050,國道5號,0,8K+686,石碇交流道,坪林交控交流道,0000500000800F,SE,S,3,3
VD-N5-S-9.334-M-LOOP,NFB-PL,0,1,5,1,121.677333,24.975097,000050,國道5號,0,9K+334,石碇交流道,坪林交控交流道,0000500000900F,SE,S,2,2
VD-N5-S-9.840-M-LOOP,NFB-PL,0,1,5,1,121.680332,24.971435,000050,國道5號,0,9K+840,石碇交流道,坪林交控交流道,0000500000950F,SE,S,2,2
VD-N5-S-10.845-M-PS-LOOP,NFB-PL,0,1,5,1,121.685539,24.963876,000050,國道5號,0,10K+845,石碇交流道,坪林交控交流道,0000500001000F,SE,S,3,3
VD-N5-S-11.903-M-PS-LOOP,NFB-PL,0,1,5,1,121.689127,24.955184,000050,國道5號,0,11K+903,石碇交流道,坪林交控交流道,0000500001100F,SE,S,3,3
VD-N5-S-12.945-M-LOOP,NFB-PL,0,1,5,1,121.697623,24.950233,000050,國道5號,0,12K+945,石碇交流道,坪林交控交流道,0000500001200F,SE,S,2,2
VD-N5-S-13.343-M-LOOP,NFB-PL,0,1,5,1,121.701371,24.949293,000050,國道5號,0,13K+343,石碇交流道,坪林交控交流道,0000500001340F,SE,S,2,2
VD-N5-S-14.540-M-LOOP,NFB-PL,0,1,5,1,121.711066,24.94378,000050,國道5號,0,14K+540,石碇交流道,坪林交控交流道,0000501003000F,SE,S,2,2
VD-N5-S-4-L-石碇-106乙-2-IMAGE,NFB-PL,0,3,1,3,121.63185,25.007008,401062,國道5號,0,4K+000,石碇交流道,坪林交控交流道,4010620100352F,SW,S,2,2
VD-N5-S-4-L-石碇-106乙-1.5-IMAGE,NFB-PL,0,3,1,3,121.634984,25.008467,401062,國道5號,0,4K+000,石碇交流道,坪林交控交流道,4010620000387F,E,S,2,2
VD-N5-S-4-L-石碇-106乙-1-IMAGE,NFB-PL,0,3,1,3,121.638638,25.007923,401062,國道5號,0,4K+000,石碇交流道,坪林交控交流道,4010620000387F,E,S,2,2
VD-N5-S-4-L-石碇-106乙-0.5-IMAGE,NFB-PL,0,3,1,3,121.642681,25.008649,401062,國道5號,0,4K+000,石碇交流道,坪林交控交流道,4010620000481F,E,S,2,2
VD-N5-N-4-L-石碇-106乙-IMAGE,NFB-PL,0,3,1,3,121.63185,25.007008,401062,國道5號,0,4K+000,石碇交流道,坪林交控交流道,4010620000352F,NE,N,2,2
VD-N5-S-14-O-NE-1-LOOP,NFB-PL,0,1,5,2,121.711033,24.943423,000050,國道5號,0,14K+700,坪林交控交流道,頭城交流道,0000501003000F,SE,S,1,1
VD-N5-S-14-I-ES-1-LOOP,NFB-PL,0,1,5,2,121.711527,24.941439,000050,國道5號,0,14K+700,坪林交控交流道,頭城交流道,0000501003010F,W,S,1,1
VD-N5-S-15.139-M-LOOP,NFB-PL,0,1,5,1,121.714028,24.938832,000050,國道5號,0,15K+139,坪林交控交流道,頭城交流道,0000500001500F,SE,S,2,2
VD-N5-S-15.478-M-LOOP,NFB-PL,0,1,5,1,121.716202,24.936417,000050,國道5號,0,15K+478,坪林交控交流道,頭城交流道,0000500001530F,SE,S,2,2
VD-N5-S-16.187-M-LOOP,NFB-PL,0,1,5,1,121.720728,24.931439,000050,國道5號,0,16K+187,坪林交控交流道,頭城交流道,0000500001600F,SE,S,2,2
VD-N5-S-16.902-M-PS-LOOP,NFB-PL,0,1,5,1,121.724226,24.925941,000050,國道5號,0,16K+902,坪林交控交流道,頭城交流道,0000500001600F,SE,S,2,2
VD-N5-S-17.608-M-LOOP,NFB-PL,0,1,5,1,121.727975,24.920706,000050,國道5號,0,17K+608,坪林交控交流道,頭城交流道,0000500001700F,SE,S,2,2
VD-N5-S-18.312-M-PS-LOOP,NFB-PL,0,1,5,1,121.732848,24.915857,000050,國道5號,0,18K+312,坪林交控交流道,頭城交流道,0000500001800F,SE,S,2,2
VD-N5-S-19.013-M-LOOP,NFB-PL,0,1,5,1,121.737889,24.911774,000050,國道5號,0,19K+013,坪林交控交流道,頭城交流道,0000500001900F,SE,S,2,2
VD-N5-S-19.677-M-PS-LOOP,NFB-PL,0,1,5,1,121.744784,24.90657,000050,國道5號,0,19K+677,坪林交控交流道,頭城交流道,0000500001900F,SE,S,2,2
VD-N5-S-20.413-M-LOOP,NFB-PL,0,1,5,1,121.748737,24.903615,000050,國道5號,0,20K+413,坪林交控交流道,頭城交流道,0000500002000F,SE,S,2,2
VD-N5-S-21.063-M-PS-LOOP,NFB-PL,0,1,5,1,121.753355,24.8995,000050,國道5號,0,21K+063,坪林交控交流道,頭城交流道,0000500002100F,SE,S,2,2
VD-N5-S-21.807-M-LOOP,NFB-PL,0,1,5,1,121.757905,24.894351,000050,國道5號,0,21K+807,坪林交控交流道,頭城交流道,0000500002100F,SE,S,2,2
VD-N5-S-22.506-M-PS-LOOP,NFB-PL,0,1,5,1,121.761777,24.889118,000050,國道5號,0,22K+506,坪林交控交流道,頭城交流道,0000500002200F,SE,S,2,2
VD-N5-S-23.207-M-LOOP,NFB-PL,0,1,5,1,121.765676,24.883942,000050,國道5號,0,23K+207,坪林交控交流道,頭城交流道,0000500002300F,SE,S,2,2
VD-N5-S-23.910-M-PS-LOOP,NFB-PL,0,1,5,1,121.769577,24.878951,000050,國道5號,0,23K+910,坪林交控交流道,頭城交流道,0000500002300F,SE,S,2,2
VD-N5-S-24.678-M-LOOP,NFB-PL,0,1,5,1,121.774861,24.873748,000050,國道5號,0,24K+678,坪林交控交流道,頭城交流道,0000500002400F,SE,S,2,2
VD-N5-S-25.312-M-PS-LOOP,NFB-PL,0,1,5,1,121.77903,24.869781,000050,國道5號,0,25K+312,坪林交控交流道,頭城交流道,0000500002520G,SE,S,2,2
VD-N5-S-26.013-M-LOOP,NFB-PL,0,1,5,1,121.783734,24.865154,000050,國道5號,0,26K+013,坪林交控交流道,頭城交流道,0000500002600G,SE,S,2,2
VD-N5-S-26.706-M-PS-LOOP,NFB-PL,0,1,5,1,121.788182,24.860075,000050,國道5號,0,26K+706,坪林交控交流道,頭城交流道,0000500002600G,SE,S,2,2
VD-N5-S-27.442-M-LOOP,NFB-PL,0,1,5,1,121.790816,24.853961,000050,國道5號,0,27K+442,坪林交控交流道,頭城交流道,0000500002700G,S,S,2,2
VD-N5-S-27.748-M-LOOP,NFB-PL,0,1,5,1,121.791303,24.851253,000050,國道5號,0,27K+748,坪林交控交流道,頭城交流道,0000500002700G,S,S,2,2
VD-N5-S-28.236-M-LOOP,NFB-PL,0,1,5,1,121.790673,24.846805,000050,國道5號,0,28K+236,坪林交控交流道,頭城交流道,0000500002820G,S,S,2,2
VD-N5-S-30.266-M-LOOP,NFB-PL,0,1,5,1,121.790136,24.829068,000050,國道5號,0,30K+266,坪林交控交流道,頭城交流道,0000500003000G,SW,S,2,2
VD-N5-N-14-L-坪林-台9-牌樓-IMAGE,NFB-PL,0,3,1,3,121.704596,24.935605,300090,國道5號,0,14K+700,坪林交控交流道,頭城交流道,3000900103690F,W,N,2,2
VD-N5-S-30-O-NW-1-LOOP,NFB-PL,0,1,5,2,121.789996,24.829953,000050,國道5號,0,30K+300,頭城交流道,宜蘭交流道,0000501004006G,NE,S,1,1
VD-N5-S-30-O-NE-1-LOOP,NFB-PL,0,1,5,2,121.790412,24.833892,000050,國道5號,0,30K+300,頭城交流道,宜蘭交流道,0000501004006G,NE,S,1,1
VD-N5-S-30-I-ES-1-LOOP,NFB-PL,0,1,5,2,121.79116,24.828168,000050,國道5號,0,30K+300,頭城交流道,宜蘭交流道,0000501004010G,SW,S,1,1
VD-N5-S-32.618-M-IMAGE,NFB-PL,0,3,1,1,121.781214,24.810388,000050,國道5號,0,32K+618,頭城交流道,宜蘭交流道,0000500003200G,S,S,2,2
VD-N5-S-34.853-M-LOOP,NFB-PL,0,1,5,1,121.780497,24.79061,000050,國道5號,0,34K+853,頭城交流道,宜蘭交流道,0000500003400G,S,S,2,2
VD-N5-S-37.270-M-IMAGE,NFB-PL,0,3,1,1,121.778925,24.769171,000050,國道5號,0,37K+270,頭城交流道,宜蘭交流道,0000500003700G,S,S,2,2
VD-N5-N-30-L-頭城-台9-礁溪-1-IMAGE,NFB-PL,0,3,1,3,121.788782,24.837454,300090,國道5號,0,30K+300,頭城交流道,宜蘭交流道,3000900107020G,E,N,3,3
VD-N5-N-30-L-頭城-台9-北宜-IMAGE,NFB-PL,0,3,1,3,121.790496,24.839989,300090,國道5號,0,30K+300,頭城交流道,宜蘭交流道,3000900106973G,N,N,2,2
VD-N5-N-30-L-頭城-台2庚-1-IMAGE,NFB-PL,0,3,1,3,121.79313,24.83874,300027,國道5號,0,30K+300,頭城交流道,宜蘭交流道,3000270000349G,W,N,3,3
VD-N5-N-30-L-頭城-台2庚-1.5-IMAGE,NFB-PL,0,3,1,3,121.797039,24.840004,300027,國道5號,0,30K+300,頭城交流道,宜蘭交流道,3000270100268G,E,N,2,2
VD-N5-N-30-L-頭城-台2庚-2-IMAGE,NFB-PL,0,3,1,3,121.801036,24.841249,300027,國道5號,0,30K+300,頭城交流道,宜蘭交流道,3000270000183G,SW,N,2,2
VD-N5-N-30-L-頭城-台2庚-2.5-IMAGE,NFB-PL,0,3,1,3,121.803533,24.842884,300027,國道5號,0,30K+300,頭城交流道,宜蘭交流道,3000270100185G,NE,N,2,2
VD-N5-N-30-L-頭城-台2-烏石港南-IMAGE,NFB-PL,0,3,1,3,121.836103,24.872249,300020,國道5號,0,30K+300,頭城交流道,宜蘭交流道,3000200113305G,NE,N,2,2
VD-N5-N-30-L-頭城-台2-烏石港北-IMAGE,NFB-PL,0,3,1,3,121.836033,24.872295,300020,國道5號,0,30K+300,頭城交流道,宜蘭交流道,3000200013305G,SW,N,2,2
VD-N5-N-30-L-頭城-台9-礁溪-1.5-IMAGE,NFB-PL,0,3,1,3,121.784709,24.836074,300090,國道5號,0,30K+300,頭城交流道,宜蘭交流道,3000900107061G,E,N,2,2
VD-N5-N-30-L-頭城-台9-礁溪-2-IMAGE,NFB-PL,0,3,1,3,121.780809,24.834278,300090,國道5號,0,30K+300,頭城交流道,宜蘭交流道,3000900107090G,NE,N,3,3
VD-N5-N-30-L-頭城-台9-礁溪-2.5-IMAGE,NFB-PL,0,3,1,3,121.777411,24.829894,300090,國道5號,0,30K+300,頭城交流道,宜蘭交流道,3000900107152G,NE,N,3,3
VD-N5-N-30-L-頭城-台9-礁溪-3-IMAGE,NFB-PL,0,3,1,3,121.775091,24.828843,300090,國道5號,0,30K+300,頭城交流道,宜蘭交流道,3000900107188G,E,N,1,1
VD-N5-N-30-L-頭城-台9-礁溪-3.5-IMAGE,NFB-PL,0,3,1,3,121.770616,24.82367,300090,國道5號,0,30K+300,頭城交流道,宜蘭交流道,3000900107278G,N,N,1,1
VD-N5-N-30-L-頭城-台9-礁溪-4-IMAGE,NFB-PL,0,3,1,3,121.769495,24.820788,300090,國道5號,0,30K+300,頭城交流道,宜蘭交流道,3000900107312G,N,N,1,1
VD-N5-N-30-L-頭城-台9-礁溪-4.5-IMAGE,NFB-PL,0,3,1,3,121.767557,24.814859,300090,國道5號,0,30K+300,頭城交流道,宜蘭交流道,3000900107383G,N,N,2,2
VD-N5-S-38-O-NS-1-LOOP,NFB-PL,0,1,5,2,121.778014,24.781254,000050,國道5號,0,38K+600,宜蘭交流道,羅東交流道,0000501005000G,S,S,1,1
VD-N5-S-38-I-NS-1-LOOP,NFB-PL,0,1,5,2,121.782499,24.732392,000050,國道5號,0,38K+600,宜蘭交流道,羅東交流道,0000501005010G,S,S,1,1
VD-N5-S-39.776-M-LOOP,NFB-PL,0,1,5,1,121.78126,24.746895,000050,國道5號,0,39K+776,宜蘭交流道,羅東交流道,0000500003900G,S,S,2,2
VD-N5-S-41.298-M-LOOP,NFB-PL,0,1,5,1,121.782282,24.733435,000050,國道5號,0,41K+298,宜蘭交流道,羅東交流道,0000501005010G,S,S,2,2
VD-N5-S-42.269-M-IMAGE,NFB-PL,0,3,1,1,121.785113,24.724938,000050,國道5號,0,42K+269,宜蘭交流道,羅東交流道,0000500004200G,S,S,2,2
VD-N5-S-44.202-M-LOOP,NFB-PL,0,1,5,1,121.790158,24.707999,000050,國道5號,0,44K+202,宜蘭交流道,羅東交流道,0000500004400G,S,S,2,2
VD-N5-S-46.566-M-LOOP,NFB-PL,0,1,5,1,121.791585,24.686994,000050,國道5號,0,46K+566,宜蘭交流道,羅東交流道,0000500004600G,S,S,2,2
VD-N5-N-38-L-宜蘭-191-0.5-IMAGE,NFB-PL,0,3,1,3,121.778909,24.77507,401910,國道5號,0,38K+600,宜蘭交流道,羅東交流道,4019100100567G,N,N,3,3
VD-N5-N-38-L-宜蘭-191-1-IMAGE,NFB-PL,0,3,1,3,121.779157,24.769074,401910,國道5號,0,38K+600,宜蘭交流道,羅東交流道,4019100100608G,N,N,2,2
VD-N5-N-38-L-宜蘭-191-1.5-IMAGE,NFB-PL,0,3,1,3,121.778661,24.765782,401910,國道5號,0,38K+600,宜蘭交流道,羅東交流道,4019100100608G,N,N,2,2
VD-N5-N-38-L-宜蘭-191-2-IMAGE,NFB-PL,0,3,1,3,121.778066,24.761338,401910,國道5號,0,38K+600,宜蘭交流道,羅東交流道,4019100100707G,N,N,2,2
VD-N5-N-38-L-宜蘭-191-2.5-IMAGE,NFB-PL,0,3,1,3,121.778372,24.757285,401910,國道5號,0,38K+600,宜蘭交流道,羅東交流道,4019100100707G,N,N,2,2
VD-N5-N-38-L-宜蘭-191-3-IMAGE,NFB-PL,0,3,1,3,121.779775,24.752537,401910,國道5號,0,38K+600,宜蘭交流道,羅東交流道,4019100100707G,N,N,2,2
VD-N5-S-46-O-NS-1-LOOP,NFB-PL,0,1,5,2,121.790669,24.698839,000050,國道5號,0,46K+700,羅東交流道,蘇澳交流道,0000501006000G,S,S,1,1
VD-N5-S-46-I-NS-1-LOOP,NFB-PL,0,1,5,2,121.795164,24.673098,000050,國道5號,0,46K+700,羅東交流道,蘇澳交流道,0000501006013G,S,S,1,1
VD-N5-S-48.040-M-LOOP,NFB-PL,0,1,5,1,121.79504,24.673926,000050,國道5號,0,48K+040,羅東交流道,蘇澳交流道,0000500004800G,S,S,2,2
VD-N5-S-51.138-M-IMAGE,NFB-PL,0,3,1,1,121.804628,24.647834,000050,國道5號,0,51K+138,羅東交流道,蘇澳交流道,0000500005100G,S,S,2,2
VD-N5-S-53.110-M-LOOP,NFB-PL,0,1,5,1,121.807445,24.63032,000050,國道5號,0,53K+110,羅東交流道,蘇澳交流道,0000500005300G,S,S,2,2
VD-N5-N-46-L-羅東-191-0.5-IMAGE,NFB-PL,0,3,1,3,121.7912,24.69227,401910,國道5號,0,46K+700,羅東交流道,蘇澳交流道,4019100101507G,N,N,2,2
VD-N5-N-46-L-羅東-191-1-IMAGE,NFB-PL,0,3,1,3,121.791735,24.68752,401910,國道5號,0,46K+700,羅東交流道,蘇澳交流道,4019100101576G,N,N,2,2
VD-N5-N-46-L-羅東-191-1.5-IMAGE,NFB-PL,0,3,1,3,121.792521,24.683617,401910,國道5號,0,46K+700,羅東交流道,蘇澳交流道,4019100101619G,N,N,2,2
VD-N5-N-46-L-羅東-191-2-IMAGE,NFB-PL,0,3,1,3,121.793468,24.68096,401910,國道5號,0,46K+700,羅東交流道,蘇澳交流道,4019100101619G,N,N,2,2
VD-N5-N-46-L-羅東-191-2.5-IMAGE,NFB-PL,0,3,1,3,121.794849,24.676819,401910,國道5號,0,46K+700,羅東交流道,蘇澳交流道,4019100101697G,N,N,2,2
VD-N5-N-46-L-羅東-191-3-IMAGE,NFB-PL,0,3,1,3,121.795855,24.672457,401910,國道5號,0,46K+700,羅東交流道,蘇澳交流道,4019100101726G,N,N,2,2
VD-N5-S-54-O-NS-1-LOOP,NFB-PL,0,1,5,2,121.816198,24.622099,000050,國道5號,0,54K+300,蘇澳交流道,--交流道,0000500005400G,S,S,2,2
VD-N5-S-54-R-I-1-蘇澳服務區-LOOP,NFB-PL,0,1,5,2,121.816002,24.622027,000050,國道5號,0,54K+300,蘇澳交流道,--交流道,0000501080000G,SE,S,1,1
VD-N5-S-54-R-O-1-蘇澳服務區-LOOP,NFB-PL,0,1,5,2,121.821269,24.620995,000050,國道5號,0,54K+300,蘇澳交流道,--交流道,0000501080010G,E,S,1,1
VD-N5-N-54-L-蘇澳-馬賽路-2-IMAGE,NFB-PL,0,3,1,3,121.827749,24.618082,630923,國道5號,0,54K+300,蘇澳交流道,--交流道,6309230100070G,NE,N,1,1
VD-N5-N-54-L-蘇澳-海山西路-2-IMAGE,NFB-PL,0,3,1,3,121.828157,24.615763,630905,國道5號,0,54K+300,蘇澳交流道,--交流道,6309050700013G,NW,N,2,2
VD-N5-N-54-L-蘇澳-馬賽路-2.5-IMAGE,NFB-PL,0,3,1,3,121.830563,24.621508,630923,國道5號,0,54K+300,蘇澳交流道,--交流道,6309230100040G,NE,N,2,2
VD-N5-N-54-L-蘇澳-馬賽路-3-IMAGE,NFB-PL,0,3,1,3,121.833205,24.624304,630923,國道5號,0,54K+300,蘇澳交流道,--交流道,6309230100020G,NE,N,2,2
VD-N5-N-54-L-蘇澳-台2-3.5-IMAGE,NFB-PL,0,3,1,3,121.83673,24.624612,300020,國道5號,0,54K+300,蘇澳交流道,--交流道,3000200116239G,NW,N,2,2
VD-N5-N-54-L-蘇澳-台2-4-IMAGE,NFB-PL,0,3,1,3,121.841671,24.620908,300020,國道5號,0,54K+300,蘇澳交流道,--交流道,3000200116303G,NW,N,2,2
VD-N5-N-54-L-蘇澳-海山西路-3.5-IMAGE,NFB-PL,0,3,1,3,121.841155,24.612304,630906,國道5號,0,54K+300,蘇澳交流道,--交流道,6309060100020G,E,N,2,2
VD-N5-N-54-L-蘇澳-海山西路-4-IMAGE,NFB-PL,0,3,1,3,121.844359,24.615608,630906,國道5號,0,54K+300,蘇澳交流道,--交流道,6309060100000G,NE,N,2,2
VD-N5-N-0.178-M-LOOP,NFB-PL,0,1,5,1,121.625146,25.034924,000050,國道5號,0,0K+178,石碇交流道,南港系統交流道,0000500100000A,W,N,2,2
VD-N5-N-0.706-M-LOOP,NFB-PL,0,1,5,1,121.629985,25.033242,000050,國道5號,0,0K+706,石碇交流道,南港系統交流道,0000500100070A,NW,N,2,2
VD-N5-N-1.068-M-LOOP,NFB-PL,0,1,5,1,121.633157,25.031464,000050,國道5號,0,1K+068,石碇交流道,南港系統交流道,0000500100100A,NW,N,2,2
VD-N5-N-2.068-M-PS-LOOP,NFB-PL,0,1,5,1,121.639534,25.02463,000050,國道5號,0,2K+068,石碇交流道,南港系統交流道,0000500100200A,NW,N,2,2
VD-N5-N-3.198-M-LOOP,NFB-PL,0,1,5,1,121.643064,25.015188,000050,國道5號,0,3K+198,石碇交流道,南港系統交流道,0000500100300F,N,N,2,2
VD-N5-N-3.943-M-LOOP,NFB-PL,0,1,5,1,121.646809,25.009635,000050,國道5號,0,3K+943,石碇交流道,南港系統交流道,0000500100380F,NW,N,2,2
VD-N5-N-4-O-SN-1-LOOP,NFB-PL,0,1,5,2,121.649461,25.006983,000050,國道5號,0,4K+000,坪林交控交流道,石碇交流道,0000501102000F,NW,N,1,1
VD-N5-N-4-I-SN-1-LOOP,NFB-PL,0,1,5,2,121.64788,25.008922,000050,國道5號,0,4K+000,坪林交控交流道,石碇交流道,0000501102010F,NW,N,1,1
VD-N5-N-5.883-M-LOOP,NFB-PL,0,1,5,1,121.653243,24.993276,000050,國道5號,0,5K+883,坪林交控交流道,石碇交流道,0000500100500F,N,N,2,2
VD-N5-N-7.107-M-LOOP,NFB-PL,0,1,5,1,121.660828,24.984941,000050,國道5號,0,7K+107,坪林交控交流道,石碇交流道,0000500100700F,NW,N,2,2
VD-N5-N-8.011-M-LOOP,NFB-PL,0,1,5,1,121.668003,24.98243,000050,國道5號,0,8K+011,坪林交控交流道,石碇交流道,0000500100800F,NW,N,2,2
VD-N5-N-9.028-M-IMAGE,NFB-PL,0,3,1,1,121.676571,24.977907,000050,國道5號,0,9K+028,坪林交控交流道,石碇交流道,0000500100900F,NW,N,2,2
VD-N5-N-9.840-M-LOOP,NFB-PL,0,1,5,1,121.680464,24.971528,000050,國道5號,0,9K+840,坪林交控交流道,石碇交流道,0000500100950F,NW,N,2,2
VD-N5-N-10.866-M-PS-LOOP,NFB-PL,0,1,5,1,121.685829,24.963964,000050,國道5號,0,10K+866,坪林交控交流道,石碇交流道,0000500101000F,NW,N,3,3
VD-N5-N-11.903-M-PS-LOOP,NFB-PL,0,1,5,1,121.689428,24.955271,000050,國道5號,0,11K+896,坪林交控交流道,石碇交流道,0000500101100F,NW,N,2,2
VD-N5-N-12.922-M-LOOP,NFB-PL,0,1,5,1,121.697688,24.950332,000050,國道5號,0,12K+922,坪林交控交流道,石碇交流道,0000500101200F,NW,N,2,2
VD-N5-N-13.707-M-LOOP,NFB-PL,0,1,5,1,121.704971,24.947952,000050,國道5號,0,13K+707,坪林交控交流道,石碇交流道,0000500101330F,NW,N,2,2
VD-N5-N-14.550-M-LOOP,NFB-PL,0,1,5,1,121.711341,24.943996,000050,國道5號,0,14K+550,坪林交控交流道,石碇交流道,0000500101450F,NW,N,2,2
VD-N5-N-14-I-WN-1-LOOP,NFB-PL,0,1,5,2,121.713015,24.943435,000050,國道5號,0,14K+700,頭城交流道,坪林交控交流道,0000501103000F,NW,N,1,1
VD-N5-N-14-O-SW-1-LOOP,NFB-PL,0,1,5,2,121.712538,24.942731,000050,國道5號,0,14K+700,頭城交流道,坪林交控交流道,0000501103010F,S,N,1,1
VD-N5-N-15.488-M-LOOP,NFB-PL,0,1,5,1,121.71634,24.936543,000050,國道5號,0,15K+488,頭城交流道,坪林交控交流道,0000500101530F,NW,N,2,2
VD-N5-N-16.196-M-LOOP,NFB-PL,0,1,5,1,121.721082,24.931725,000050,國道5號,0,16K+196,頭城交流道,坪林交控交流道,0000500101600F,NW,N,2,2
VD-N5-N-16.900-M-PS-LOOP,NFB-PL,0,1,5,1,121.724703,24.926171,000050,國道5號,0,16K+900,頭城交流道,坪林交控交流道,0000500101600F,NW,N,2,2
VD-N5-N-17.608-M-LOOP,NFB-PL,0,1,5,1,121.728598,24.920936,000050,國道5號,0,17K+608,頭城交流道,坪林交控交流道,0000500101700F,NW,N,2,2
VD-N5-N-18.313-M-PS-LOOP,NFB-PL,0,1,5,1,121.733402,24.916185,000050,國道5號,0,18K+313,頭城交流道,坪林交控交流道,0000500101800F,NW,N,2,2
VD-N5-N-19.012-M-LOOP,NFB-PL,0,1,5,1,121.73852,24.912165,000050,國道5號,0,19K+012,頭城交流道,坪林交控交流道,0000500101900F,NW,N,2,2
VD-N5-N-19.689-M-PS-LOOP,NFB-PL,0,1,5,1,121.745137,24.907076,000050,國道5號,0,19K+689,頭城交流道,坪林交控交流道,0000500101900F,NW,N,2,2
VD-N5-N-20.412-M-LOOP,NFB-PL,0,1,5,1,121.749129,24.904081,000050,國道5號,0,20K+412,頭城交流道,坪林交控交流道,0000500102000F,NW,N,2,2
VD-N5-N-21.055-M-PS-LOOP,NFB-PL,0,1,5,1,121.753746,24.900006,000050,國道5號,0,21K+055,頭城交流道,坪林交控交流道,0000500102100F,NW,N,2,2
VD-N5-N-21.808-M-LOOP,NFB-PL,0,1,5,1,121.758481,24.894686,000050,國道5號,0,21K+808,頭城交流道,坪林交控交流道,0000500102100F,NW,N,2,2
VD-N5-N-22.510-M-PS-LOOP,NFB-PL,0,1,5,1,121.762272,24.889395,000050,國道5號,0,22K+510,頭城交流道,坪林交控交流道,0000500102200F,NW,N,2,2
VD-N5-N-23.209-M-LOOP,NFB-PL,0,1,5,1,121.765896,24.884154,000050,國道5號,0,23K+209,頭城交流道,坪林交控交流道,0000500102300F,NW,N,2,2
VD-N5-N-23.911-M-PS-LOOP,NFB-PL,0,1,5,1,121.769831,24.879022,000050,國道5號,0,23K+911,頭城交流道,坪林交控交流道,0000500102300F,NW,N,2,2
VD-N5-N-24.677-M-LOOP,NFB-PL,0,1,5,1,121.775081,24.873853,000050,國道5號,0,24K+677,頭城交流道,坪林交控交流道,0000500102400F,NW,N,2,2
VD-N5-N-25.310-M-PS-LOOP,NFB-PL,0,1,5,1,121.779265,24.869843,000050,國道5號,0,25K+310,頭城交流道,坪林交控交流道,0000500102520G,NW,N,2,2
VD-N5-N-26.007-M-LOOP,NFB-PL,0,1,5,1,121.784034,24.865368,000050,國道5號,0,26K+007,頭城交流道,坪林交控交流道,0000500102600G,NW,N,2,2
VD-N5-N-26.705-M-PS-LOOP,NFB-PL,0,1,5,1,121.788482,24.860095,000050,國道5號,0,26K+705,頭城交流道,坪林交控交流道,0000500102600G,NW,N,2,2
VD-N5-N-27.468-M-LOOP,NFB-PL,0,1,5,1,121.791117,24.85401,000050,國道5號,0,27K+468,頭城交流道,坪林交控交流道,0000500102700G,N,N,2,2
VD-N5-N-27.779-M-LOOP,NFB-PL,0,1,5,1,121.791582,24.851243,000050,國道5號,0,27K+779,頭城交流道,坪林交控交流道,0000500102700G,N,N,2,2
VD-N5-N-28.420-M-LOOP,NFB-PL,0,1,5,1,121.790469,24.845449,000050,國道5號,0,28K+420,頭城交流道,坪林交控交流道,0000500102820G,N,N,2,2
VD-N5-N-29.000-M-LOOP,NFB-PL,0,1,5,1,121.78939,24.840528,000050,國道5號,0,29K+000,頭城交流道,坪林交控交流道,0000500102820G,N,N,2,2
VD-N5-N-29.600-B-LOOP,NFB-PL,0,1,5,1,121.790759,24.835214,000050,國道5號,0,29K+600,頭城交流道,坪林交控交流道,0000501104120G,N,N,1,1
VD-N5-N-30.100-M-LOOP,NFB-PL,0,1,5,1,121.790748,24.830497,000050,國道5號,0,30K+100,頭城交流道,坪林交控交流道,0000500103000G,N,N,2,2
VD-N5-T-30-O-SE-21-LOOP,NFB-PL,0,1,5,2,121.791158,24.837947,000050,國道5號,0,30K+300,宜蘭交流道,頭城交流道,0000501104000G,NE,N,1,1
VD-N5-N-30-O-SN-1-LOOP,NFB-PL,0,1,5,2,121.788019,24.824901,000050,國道5號,0,30K+300,宜蘭交流道,頭城交流道,0000501104000G,NE,N,1,1
VD-N5-N-30-I-SN-1-頭城-LOOP,NFB-PL,0,1,5,2,121.7893,24.826644,000050,國道5號,0,30K+300,宜蘭交流道,頭城交流道,0000501104100G,NE,N,1,1
VD-N5-N-30-I-頭城-匝道-0.5-LOOP,NFB-PL,0,1,5,2,121.791535,24.834777,000050,國道5號,0,30K+300,宜蘭交流道,頭城交流道,0000501104075G,S,N,2,2
VD-N5-N-30-I-EN-1-LOOP,NFB-PL,0,1,5,2,121.791028,24.832679,000050,國道5號,0,30K+300,宜蘭交流道,頭城交流道,0000501104110G,N,N,2,2
VD-N5-N-30-I-WN-1-頭城-LOOP,NFB-PL,0,1,5,2,121.788755,24.825615,000050,國道5號,0,30K+300,宜蘭交流道,頭城交流道,0000501104100G,NE,N,1,1
VD-N5-N-30.551-M-LOOP,NFB-PL,0,1,5,1,121.789287,24.826698,000050,國道5號,0,30K+551,宜蘭交流道,頭城交流道,0000500103000G,N,N,3,3
VD-N5-N-31.200-M-LOOP,NFB-PL,0,1,5,1,121.784983,24.822248,000050,國道5號,0,31K+210,宜蘭交流道,頭城交流道,0000500103100G,NE,N,3,3
VD-N5-N-31.540-M-LOOP,NFB-PL,0,1,5,1,121.78295,24.819733,000050,國道5號,0,31K+540,宜蘭交流道,頭城交流道,0000500103100G,NE,N,3,3
VD-N5-N-32.120-M-LOOP,NFB-PL,0,1,5,1,121.781109,24.814535,000050,國道5號,0,32K+120,宜蘭交流道,頭城交流道,0000500103200G,N,N,3,3
VD-N5-N-32.743-M-LOOP,NFB-PL,0,1,5,1,121.781606,24.809327,000050,國道5號,0,32K+743,宜蘭交流道,頭城交流道,0000500103200G,N,N,3,3
VD-N5-N-33.650-M-LOOP,NFB-PL,0,1,5,1,121.782719,24.801159,000050,國道5號,0,33K+650,宜蘭交流道,頭城交流道,0000500103300G,N,N,3,3
VD-N5-N-34.898-M-LOOP,NFB-PL,0,1,5,1,121.780505,24.790144,000050,國道5號,0,34K+898,宜蘭交流道,頭城交流道,0000500103400G,N,N,3,3
VD-N5-N-36.073-M-LOOP,NFB-PL,0,1,5,1,121.778302,24.779857,000050,國道5號,0,36K+073,宜蘭交流道,頭城交流道,0000500103600G,N,N,2,2
VD-N5-N-37.225-M-LOOP,NFB-PL,0,1,5,1,121.779115,24.769437,000050,國道5號,0,37K+225,宜蘭交流道,頭城交流道,0000500103700G,N,N,2,2
VD-N5-N-38-O-SN-1-LOOP,NFB-PL,0,1,5,2,121.782809,24.732723,000050,國道5號,0,38K+600,羅東交流道,宜蘭交流道,0000500103800G,N,N,1,1
VD-N5-N-38-I-SN-1-LOOP,NFB-PL,0,1,5,2,121.778457,24.782177,000050,國道5號,0,38K+600,羅東交流道,宜蘭交流道,0000501105000G,N,N,1,1
VD-N5-N-39.686-M-IMAGE,NFB-PL,0,3,1,1,121.781194,24.747796,000050,國道5號,0,39K+686,羅東交流道,宜蘭交流道,0000500103900G,N,N,2,2
VD-N5-N-42.359-M-LOOP,NFB-PL,0,1,5,1,121.785551,24.724152,000050,國道5號,0,42K+359,羅東交流道,宜蘭交流道,0000500104200G,N,N,2,2
VD-N5-N-44.252-M-IMAGE,NFB-PL,0,3,1,1,121.790284,24.707701,000050,國道5號,0,44K+252,羅東交流道,宜蘭交流道,0000500104400G,N,N,2,2
VD-N5-N-45.230-M-LOOP,NFB-PL,0,1,5,1,121.790959,24.69885,000050,國道5號,0,45K+230,羅東交流道,宜蘭交流道,0000500104500G,N,N,2,2
VD-N5-N-46-O-SN-1-LOOP,NFB-PL,0,1,5,2,121.795593,24.673071,000050,國道5號,0,46K+700,蘇澳交流道,羅東交流道,0000500104600G,N,N,1,1
VD-N5-N-46-I-SN-1-LOOP,NFB-PL,0,1,5,2,121.791151,24.698759,000050,國道5號,0,46K+700,蘇澳交流道,羅東交流道,0000501106020G,N,N,1,1
VD-N5-N-47.198-M-IMAGE,NFB-PL,0,3,1,1,121.793146,24.681363,000050,國道5號,0,47K+198,蘇澳交流道,羅東交流道,0000500104700G,N,N,2,2
VD-N5-N-49.070-M-LOOP,NFB-PL,0,1,5,1,121.798462,24.665227,000050,國道5號,0,49K+070,蘇澳交流道,羅東交流道,0000500104900G,NW,N,2,2
VD-N5-N-51.095-M-LOOP,NFB-PL,0,1,5,1,121.804792,24.648275,000050,國道5號,0,51K+095,蘇澳交流道,羅東交流道,0000500105100G,N,N,2,2
VD-N5-N-53.065-M-IMAGE,NFB-PL,0,3,1,1,121.807472,24.630722,000050,國道5號,0,53K+065,蘇澳交流道,羅東交流道,0000500105300G,N,N,2,2
VD-N5-N-54-I-蘇澳-匝道-0.5-LOOP,NFB-PL,0,1,5,2,121.816563,24.62241,000050,國道5號,0,54K+300,--交流道,蘇澳交流道,0000501107023G,W,N,2,2
VD-N5-N-54-I-蘇澳-匝道-1-LOOP,NFB-PL,0,1,5,2,121.821227,24.62134,000050,國道5號,0,54K+300,--交流道,蘇澳交流道,0000501107026G,NW,N,2,2
VD-N5-N-54-I-蘇澳-匝道-1.5-LOOP,NFB-PL,0,1,5,2,121.823724,24.619383,000050,國道5號,0,54K+300,--交流道,蘇澳交流道,0000501107026G,NW,N,2,2
VD-N5-N-54-I-SN-1-LOOP,NFB-PL,0,1,5,2,121.809408,24.625507,000050,國道5號,0,54K+300,--交流道,蘇澳交流道,0000500105400G,NW,N,2,2
VD-N5-N-54-R-I-1-蘇澳服務區-LOOP,NFB-PL,0,1,5,2,121.817956,24.622624,000050,國道5號,0,54K+300,--交流道,蘇澳交流道,0000501180000G,W,N,1,1
VD-N5-N-54-R-O-1-蘇澳服務區-LOOP,NFB-PL,0,1,5,2,121.816369,24.622382,000050,國道5號,0,54K+300,--交流道,蘇澳交流道,0000501107030G,W,N,1,1
VD-N1-S-101.510-M-RS,NFB-CR,0,2,1,1,120.97452,24.743088,000010,國道1號,0,101K+510,新竹系統交流道,頭份交流道,0000100010100J,SW,S,3,3
VD-N1-S-102.600-M-RS,NFB-CR,0,2,1,1,120.967924,24.735676,000010,國道1號,0,102K+600,新竹系統交流道,頭份交流道,0000100010200J,SW,S,3,3
VD-N1-S-103.670-M-RS,NFB-CR,0,2,1,1,120.959899,24.72912,000010,國道1號,0,103K+670,新竹系統交流道,頭份交流道,0000100010300J,SW,S,3,3
VD-N1-S-104.890-M-RS,NFB-CR,0,2,1,1,120.94856,24.727081,000010,國道1號,0,104K+890,新竹系統交流道,頭份交流道,0000100010400J,W,S,3,3
VD-N1-S-105.985-M-RS,NFB-CR,0,2,1,1,120.937694,24.725157,000010,國道1號,0,105K+985,新竹系統交流道,頭份交流道,0000100010590O,SW,S,3,3
VD-N1-S-107.220-M-RS,NFB-CR,0,2,1,1,120.930129,24.716787,000010,國道1號,0,107K+220,新竹系統交流道,頭份交流道,0000100010700O,S,S,4,4
VD-N1-S-109.250-M-LOOP,NFB-CR,0,1,5,1,120.92447,24.700066,000010,國道1號,0,109K+250,新竹系統交流道,頭份交流道,0000100010900K,SW,S,3,3
VD-N1-S-110.060-N-LOOP,NFB-CR,0,1,5,1,120.919762,24.69416,000010,國道1號,0,110K+060,新竹系統交流道,頭份交流道,0000100011000K,SW,S,3,3
VD-N1-S-110-O-NW-21X-南下出口-頭份,NFB-CR,0,1,5,2,120.917355,24.692728,000010,國道1號,0,110K+400,頭份交流道,頭屋交流道,0000101031040K,SW,S,2,2
VD-N1-S-110-I-WS-21-南下入口-頭份,NFB-CR,0,1,5,2,120.916154,24.691246,000010,國道1號,0,110K+400,頭份交流道,頭屋交流道,0000101031080K,S,S,1,1
VD-N1-S-110-I-ES-22X-南下入口2-三灣,NFB-CR,0,1,5,2,120.917862,24.692875,000010,國道1號,0,110K+400,頭份交流道,頭屋交流道,0000101031030K,NE,S,1,1
VD-N1-S-110-I-ES-22-南下入口1-三灣,NFB-CR,0,1,5,2,120.917546,24.69048,000010,國道1號,0,110K+400,頭份交流道,頭屋交流道,0000101031040K,SW,S,1,1
VD-N1-S-110-O-NW-21-南下出口-頭份,NFB-CR,0,1,5,2,120.917355,24.692728,000010,國道1號,0,110K+400,頭份交流道,頭屋交流道,0000101031010K,SW,S,2,2
VD-N1-S-110-O-NE-22-南下出口-三灣,NFB-CR,0,1,5,2,120.917567,24.690645,000010,國道1號,0,110K+400,頭份交流道,頭屋交流道,0000101031050K,N,S,1,1
VD-N1-S-111.160-M-LOOP,NFB-CR,0,1,5,1,120.913716,24.685763,000010,國道1號,0,111K+160,頭份交流道,頭屋交流道,0000100011100K,SW,S,3,3
VD-N1-S-112.310-M-RS,NFB-CR,0,2,1,1,120.904802,24.679723,000010,國道1號,0,112K+310,頭份交流道,頭屋交流道,0000100011200K,SW,S,3,3
VD-N1-S-113.460-M-RS,NFB-CR,0,2,1,1,120.896012,24.673059,000010,國道1號,0,113K+460,頭份交流道,頭屋交流道,0000100011300K,W,S,3,3
VD-N1-S-114.630-M-RS,NFB-CR,0,2,1,1,120.88572,24.668774,000010,國道1號,0,114K+630,頭份交流道,頭屋交流道,0000100011400K,SW,S,3,3
VD-N1-S-116.650-M-RS,NFB-CR,0,2,1,1,120.879991,24.651544,000010,國道1號,0,116K+650,頭份交流道,頭屋交流道,0000100011600K,SW,S,3,3
VD-N1-S-117.150-M-造橋南地磅,NFB-CR,0,1,5,2,120.877091,24.64803,000010,國道1號,0,117K+150,頭份交流道,頭屋交流道,0000100011700K,SW,S,1,1
VD-N1-S-118.250-M-RS,NFB-CR,0,2,1,1,120.869534,24.641297,000010,國道1號,0,118K+250,頭份交流道,頭屋交流道,0000100011800K,SW,S,3,3
VD-N1-S-120.300-M-RS,NFB-CR,0,2,1,1,120.866868,24.623709,000010,國道1號,0,120K+300,頭份交流道,頭屋交流道,0000100012000K,S,S,3,3
VD-N1-S-122.090-M-RS,NFB-CR,0,2,1,1,120.865209,24.60844,000010,國道1號,0,122K+090,頭份交流道,頭屋交流道,0000100012200K,S,S,4,4
VD-N1-S-123.530-M-RS,NFB-CR,0,2,1,1,120.86077,24.596207,000010,國道1號,0,123K+530,頭份交流道,頭屋交流道,0000100012300K,S,S,3,3
VD-N1-S-125.030-M-LOOP,NFB-CR,0,1,5,1,120.859592,24.583076,000010,國道1號,0,125K+030,頭份交流道,頭屋交流道,0000100012500K,SW,S,3,3
VD-N1-S-125-I-ES-1-南下入口-頭屋,NFB-CR,0,1,5,2,120.854727,24.57613,000010,國道1號,0,126K+200,頭屋交流道,苗栗交流道,0000101032020K,SW,S,1,1
VD-N1-S-125-O-NW-1-南下出口-頭屋,NFB-CR,0,1,5,2,120.856682,24.579516,000010,國道1號,0,126K+200,頭屋交流道,苗栗交流道,0000101032000K,S,S,1,1
VD-N1-S-126.540-M-RS,NFB-CR,0,2,1,1,120.852894,24.571029,000010,國道1號,0,126K+540,頭屋交流道,苗栗交流道,0000100012610K,SW,S,3,3
VD-N1-S-128.310-M-RS,NFB-CR,0,2,1,1,120.841937,24.558699,000010,國道1號,0,128K+310,頭屋交流道,苗栗交流道,0000100012800K,S,S,3,3
VD-N1-S-130.009-M-RS,NFB-CR,0,2,1,1,120.835102,24.544871,000010,國道1號,0,130K+009,頭屋交流道,苗栗交流道,0000100013000K,SW,S,3,3
VD-N1-S-131.850-M-LOOP,NFB-CR,0,1,5,1,120.826853,24.530391,000010,國道1號,0,131K+850,頭屋交流道,苗栗交流道,0000100013100K,S,S,3,3
VD-N1-S-132.700-N-LOOP,NFB-CR,0,1,5,1,120.821255,24.524851,000010,國道1號,0,132K+700,頭屋交流道,苗栗交流道,0000100013240K,SW,S,3,3
VD-N1-S-132-I-ES-21-南下入口-公館,NFB-CR,0,1,5,2,120.819841,24.524628,000010,國道1號,0,132K+800,苗栗交流道,銅鑼交流道,0000101033040K,SW,S,1,1
VD-N1-S-132-I-WS-22-南下入口-苗栗,NFB-CR,0,1,5,2,120.81975,24.52489,000010,國道1號,0,132K+800,苗栗交流道,銅鑼交流道,0000101033030K,SW,S,1,1
VD-N1-S-132-I-WS-1-南下入口,NFB-CR,0,1,5,2,120.818523,24.523592,000010,國道1號,0,132K+800,苗栗交流道,銅鑼交流道,0000101033050K,SW,S,1,1
VD-N1-S-132-O-NW-1-南下出口,NFB-CR,0,1,5,2,120.821618,24.525489,000010,國道1號,0,132K+800,苗栗交流道,銅鑼交流道,0000101033000K,SW,S,2,2
VD-N1-S-132-O-NW-21-南下出口-苗栗,NFB-CR,0,1,5,2,120.820288,24.525204,000010,國道1號,0,132K+800,苗栗交流道,銅鑼交流道,0000101033010K,W,S,1,1
VD-N1-S-133.590-M-LOOP,NFB-CR,0,1,5,1,120.81445,24.51999,000010,國道1號,0,133K+590,苗栗交流道,銅鑼交流道,0000100013330K,SW,S,3,3
VD-N1-S-134.360-M-RS,NFB-CR,0,2,1,1,120.81034,24.514046,000010,國道1號,0,134K+360,苗栗交流道,銅鑼交流道,0000100013400K,SW,S,3,3
VD-N1-S-135.835-M-RS,NFB-CR,0,2,1,1,120.799789,24.505394,000010,國道1號,0,135K+835,苗栗交流道,銅鑼交流道,0000100013500K,SW,S,3,3
VD-N1-S-137.510-M-RS,NFB-CR,0,2,1,1,120.785484,24.498198,000010,國道1號,0,137K+510,苗栗交流道,銅鑼交流道,0000100013700K,SW,S,4,4
VD-N1-S-139.010-M-LOOP,NFB-CR,0,1,5,1,120.78193,24.48533,000010,國道1號,0,139K+010,苗栗交流道,銅鑼交流道,0000100013900K,S,S,3,3
VD-N1-S-140-I-WS-21-銅鑼科學園區,NFB-CR,0,1,5,2,120.784826,24.47574,000010,國道1號,0,140K+080,銅鑼交流道,三義交流道,0000101034030K,E,S,1,1
VD-N1-S-140-I-WS-1-銅鑼科學園區,NFB-CR,0,1,5,2,120.786312,24.473283,000010,國道1號,0,140K+080,銅鑼交流道,三義交流道,0000101034050K,S,S,1,1
VD-N1-S-139-O-S-1-銅鑼科學園區,NFB-CR,0,1,5,2,120.783448,24.479611,000010,國道1號,0,140K+080,銅鑼交流道,三義交流道,0000101034000K,S,S,1,1
VD-N1-S-139-O-SW-21-銅鑼科學園區,NFB-CR,0,1,5,2,120.784899,24.476164,000010,國道1號,0,140K+080,銅鑼交流道,三義交流道,0000101034010K,SW,S,1,1
VD-N1-S-140.460-N-LOOP,NFB-CR,0,1,5,1,120.784031,24.478586,000010,國道1號,0,140K+460,銅鑼交流道,三義交流道,0000100013940K,S,S,4,4
VD-N1-S-140.580-N-LOOP,NFB-CR,0,1,5,1,120.787021,24.472051,000010,國道1號,0,140K+580,銅鑼交流道,三義交流道,0000100014000K,S,S,4,4
VD-N1-S-141.260-M-RS,NFB-CR,0,2,1,1,120.78834,24.466019,000010,國道1號,0,141K+260,銅鑼交流道,三義交流道,0000100014100K,S,S,4,4
VD-N1-S-141.980-M-RS,NFB-CR,0,2,1,1,120.786987,24.460034,000010,國道1號,0,141K+980,銅鑼交流道,三義交流道,0000100014100K,S,S,4,4
VD-N1-S-143.535-M-RS,NFB-CR,0,2,1,1,120.781903,24.446671,000010,國道1號,0,143K+535,銅鑼交流道,三義交流道,0000100014300K,S,S,4,4
VD-N1-S-144.970-M-RS,NFB-CR,0,2,1,1,120.778113,24.434389,000010,國道1號,0,144K+970,銅鑼交流道,三義交流道,0000100014400K,S,S,3,3
VD-N1-S-146.530-M-LOOP,NFB-CR,0,1,5,1,120.775751,24.420763,000010,國道1號,0,146K+530,銅鑼交流道,三義交流道,0000100014600K,S,S,3,3
VD-N1-S-148.010-M-RS,NFB-CR,0,2,1,1,120.770807,24.4086,000010,國道1號,0,148K+010,銅鑼交流道,三義交流道,0000100014800K,SW,S,4,4
VD-N1-S-149.570-M-LOOP,NFB-CR,0,1,5,1,120.76149,24.39752,000010,國道1號,0,149K+570,銅鑼交流道,三義交流道,0000100014900K,SW,S,4,4
VD-N1-S-150-I-WS-21-南下入口-三義,NFB-CR,0,1,5,2,120.75753,24.393006,000010,國道1號,0,150K+200,三義交流道,泰安服務區,0000101035040K,S,S,1,1
VD-N1-S-150-I-ES-22-南下入口-卓蘭,NFB-CR,0,1,5,2,120.757631,24.39291,000010,國道1號,0,150K+200,三義交流道,泰安服務區,0000101035030K,SW,S,1,1
VD-N1-S-150-I-WS-1-南下入口,NFB-CR,0,1,5,2,120.756878,24.391708,000010,國道1號,0,150K+200,三義交流道,泰安服務區,0000101035050K,SW,S,1,1
VD-N1-S-150-O-NW-1-南下出口,NFB-CR,0,1,5,2,120.758827,24.394377,000010,國道1號,0,150K+200,三義交流道,泰安服務區,0000101035000K,SW,S,2,2
VD-N1-S-150.280-N-LOOP,NFB-CR,0,1,5,1,120.75751,24.391691,000010,國道1號,0,150K+280,三義交流道,泰安服務區,0000100015000K,SW,S,4,4
VD-N1-S-150.990-M-RS,NFB-CR,0,2,1,1,120.754147,24.385875,000010,國道1號,0,150K+990,三義交流道,泰安服務區,0000100015060K,SW,S,4,4
VD-N1-S-151.735-M-RS,NFB-CR,0,2,1,1,120.7513,24.379866,000010,國道1號,0,151K+735,三義交流道,泰安服務區,0000100015100K,SW,S,3,3
VD-N1-S-153.250-M-RS,NFB-CR,0,2,1,1,120.744412,24.367781,000010,國道1號,0,153K+250,三義交流道,泰安服務區,0000100015300K,SW,S,3,3
VD-N1-S-154.825-M-RS,NFB-CR,0,2,1,1,120.734799,24.356657,000010,國道1號,0,154K+825,三義交流道,泰安服務區,0000100015400K,SW,S,3,3
VD-N1-S-156.040-M-RS,NFB-CR,0,2,1,1,120.72732,24.348045,000010,國道1號,0,156K+040,三義交流道,泰安服務區,0000100015600B,SW,S,3,3
VD-N1-S-157.520-M-RS,NFB-CR,0,2,1,1,120.71946,24.336819,000010,國道1號,0,157K+520,三義交流道,泰安服務區,0000100015700B,SW,S,3,3
VD-N1-S-158.860-N-LOOP,NFB-CR,0,1,5,1,120.71212,24.32683,000010,國道1號,0,158K+860,三義交流道,泰安服務區,0000100015880B,SW,S,3,3
VD-N1-S-158-R-NW-1-南下出口,NFB-CR,0,1,5,2,120.712109,24.327385,000010,國道1號,0,159K+500,泰安服務區,后里交流道,0000101082000B,W,S,1,1
VD-N1-S-158-R-WS-1-南下入口,NFB-CR,0,1,5,2,120.71174,24.326992,000010,國道1號,0,159K+500,泰安服務區,后里交流道,0000101082010B,S,S,1,1
VD-N1-S-159.600-M-RS,NFB-CR,0,2,1,1,120.70737,24.321692,000010,國道1號,0,159K+600,泰安服務區,后里交流道,0000100015920B,SW,S,4,4
VD-N1-S-159.701-M-LOOP,NFB-CR,0,1,5,1,120.707307,24.321624,000010,國道1號,0,159K+701,泰安服務區,后里交流道,0000100015920B,SW,S,4,4
VD-N1-S-160-I-WS-12-南下入口2,NFB-CR,0,1,5,2,120.70065,24.313365,000010,國道1號,0,160K+600,后里交流道,台中系統交流道,0000101036060B,S,S,1,1
VD-N1-S-160-I-WS-11-南下入口1,NFB-CR,0,1,5,2,120.701043,24.312872,000010,國道1號,0,160K+600,后里交流道,台中系統交流道,0000101036060B,S,S,1,1
VD-N1-S-160-O-NW-1-南下出口,NFB-CR,0,1,5,2,120.704244,24.318203,000010,國道1號,0,160K+600,后里交流道,台中系統交流道,0000101036000B,SW,S,2,2
VD-N1-S-160.690-N-LOOP,NFB-CR,0,1,5,1,120.70193,24.313274,000010,國道1號,0,160K+690,后里交流道,台中系統交流道,0000100016000B,SW,S,3,3
VD-N1-S-161.490-M-RS,NFB-CR,0,2,1,1,120.69904,24.30655,000010,國道1號,0,161K+490,后里交流道,台中系統交流道,0000100016130B,S,S,3,3
VD-N1-S-162.014-M-后里南地磅,NFB-CR,0,1,5,2,120.697174,24.300794,000010,國道1號,0,162K+014,后里交流道,台中系統交流道,0000100016200B,S,S,1,1
VD-N1-S-163.450-M-RS,NFB-CR,0,2,1,1,120.695038,24.289343,000010,國道1號,0,163K+450,后里交流道,台中系統交流道,0000100016300B,S,S,3,3
VD-N1-S-164.499-M-LOOP,NFB-CR,0,1,5,1,120.693871,24.279861,000010,國道1號,0,164K+499,后里交流道,台中系統交流道,0000100016400B,S,S,4,4
VD-N1-S-165.280-N-LOOP,NFB-CR,0,1,5,1,120.693079,24.272891,000010,國道1號,0,165K+280,后里交流道,台中系統交流道,0000100016500B,S,S,3,3
VD-N1-S-166.360-M-RS,NFB-CR,0,2,1,1,120.691927,24.263153,000010,國道1號,0,166K+360,台中系統交流道,豐原交流道,0000100016610B,S,S,4,4
VD-N1-S-167.270-M-LOOP,NFB-CR,0,1,5,1,120.69092,24.254992,000010,國道1號,0,167K+270,台中系統交流道,豐原交流道,0000100016700B,S,S,3,3
VD-N1-S-167.700-M-LOOP,NFB-CR,0,1,5,1,120.690425,24.251142,000010,國道1號,0,167K+700,台中系統交流道,豐原交流道,0000100016700B,S,S,4,4
VD-N1-S-168-I-ES-1-南下入口,NFB-CR,0,1,5,2,120.689679,24.249837,000010,國道1號,0,168K+100,豐原交流道,大雅系統交流道,0000101038040B,SW,S,1,1
VD-N1-T-168-A-E-1-出口,NFB-CR,0,1,5,2,120.694635,24.248842,000010,國道1號,0,168K+100,豐原交流道,大雅系統交流道,0000101038010B,SE,S,3,3
VD-N1-S-168.120-M-LOOP,NFB-CR,0,1,5,1,120.689974,24.24737,000010,國道1號,0,168K+120,豐原交流道,大雅系統交流道,0000100016820B,S,S,4,4
VD-N1-S-169.990-M-RS,NFB-CR,0,2,1,1,120.686326,24.230926,000010,國道1號,0,169K+990,豐原交流道,大雅系統交流道,0000100016900B,S,S,4,4
VD-N1-S-170.990-M-LOOP,NFB-CR,0,1,5,1,120.68194,24.222857,000010,國道1號,0,170K+990,豐原交流道,大雅系統交流道,0000100017100B,SW,S,3,3
VD-N1-S-171.990-M-LOOP,NFB-CR,0,1,5,1,120.67552,24.216045,000010,國道1號,0,171K+990,豐原交流道,大雅系統交流道,0000100017200B,SW,S,4,4
VD-N1-S-173.055-M-LOOP,NFB-CR,0,1,5,1,0.0,0.0,000010,國道1號,0,173K+055,豐原交流道,大雅系統交流道,0000100017300B,SW,S,4,4
VD-N1-S-173.490-M-LOOP,NFB-CR,0,1,5,1,120.66309,24.208728,000010,國道1號,0,173K+490,大雅系統交流道,大雅交流道,0000100017300B,SW,S,4,4
VD-N1-S-174-N-LOOP,NFB-CR,0,1,5,1,120.658719,24.206742,000010,國道1號,0,174K+000,大雅系統交流道,大雅交流道,0000100017380B,SW,S,3,3
VD-N1-S-174-I-ES-21X-南下入口-台中,NFB-CR,0,1,5,2,120.655075,24.207111,000010,國道1號,0,174K+200,大雅交流道,台中交流道,0000101040020B,SW,S,1,1
VD-N1-S-174-I-ES-22-南下入口1-台中,NFB-CR,0,1,5,2,120.655312,24.205359,000010,國道1號,0,174K+200,大雅交流道,台中交流道,0000101040060B,SW,S,1,1
VD-N1-S-174-I-WS-21X-南下入口2-大雅,NFB-CR,0,1,5,2,120.654808,24.207414,000010,國道1號,0,174K+200,大雅交流道,台中交流道,0000101040070B,S,S,1,1
VD-N1-S-174-I-WS-21-南下入口1-大雅,NFB-CR,0,1,5,2,120.654632,24.205649,000010,國道1號,0,174K+200,大雅交流道,台中交流道,0000101040070B,S,S,1,1
VD-N1-S-174-O-NW-21-南下出口-大雅,NFB-CR,0,1,5,2,120.657449,24.207162,000010,國道1號,0,174K+200,大雅交流道,台中交流道,0000101040010B,W,S,2,2
VD-N1-S-174-O-NE-22-南下出口-台中,NFB-CR,0,1,5,2,120.654969,24.206206,000010,國道1號,0,174K+200,大雅交流道,台中交流道,0000101040050B,NE,S,1,1
VD-N1-S-174-O-NE-22X-南下出口-台中,NFB-CR,0,1,5,2,0.0,0.0,000010,國道1號,0,174K+200,大雅交流道,台中交流道,0000101040010B,W,S,1,1
VD-N1-S-172-O-SE-1-南下出口-大雅系統,NFB-CR,0,1,5,2,120.6689086,24.2119256,000010,國道1號,0,174K+200,大雅交流道,台中交流道,0000100017200B,SW,S,2,2
VD-N1-S-173-O-SE-21-南下出口-大雅系統,NFB-CR,0,1,5,2,120.66831062,24.20080762,607891,國道1號,0,174K+200,大雅交流道,台中交流道,6078910200030B,E,S,1,1
VD-N1-S-173-O-SW-22-南下出口-大雅系統,NFB-CR,0,1,5,2,120.66216,24.2013261,607891,國道1號,0,174K+200,大雅交流道,台中交流道,6078910600010B,W,S,1,1
VD-N1-S-174.500-N-LOOP,NFB-CR,0,1,5,1,120.654341,24.204603,000010,國道1號,0,174K+500,大雅交流道,台中交流道,0000100017400B,SW,S,4,4
VD-N1-S-175.010-M-RS,NFB-CR,0,2,1,1,120.650136,24.202194,000010,國道1號,0,175K+010,大雅交流道,台中交流道,0000100017500B,SW,S,4,4
VD-N1-S-177.980-M-LOOP,NFB-CR,0,1,5,1,120.633923,24.180424,000010,國道1號,0,177K+980,大雅交流道,台中交流道,0000100017700B,S,S,5,5
VD-N1-S-178.490-N-LOOP,NFB-CR,0,1,5,1,120.631724,24.176302,000010,國道1號,0,178K+490,大雅交流道,台中交流道,0000100017830B,SW,S,3,3
VD-N1-S-178-I-WS-21-南下入口1-沙鹿,NFB-CR,0,1,5,2,120.628842,24.175611,000010,國道1號,0,178K+600,台中交流道,南屯交流道,0000101041040B,S,S,1,1
VD-N1-S-178-I-ES-22-南下入口-台中,NFB-CR,0,1,5,2,120.629351,24.17583,000010,國道1號,0,178K+600,台中交流道,南屯交流道,0000101041050B,W,S,1,1
VD-N1-S-178-I-WS-21X-南下入口2-沙鹿,NFB-CR,0,1,5,2,120.62878,24.175896,000010,國道1號,0,178K+600,台中交流道,南屯交流道,0000101041040B,S,S,1,1
VD-N1-S-178-O-NW-21-南下出口-沙鹿,NFB-CR,0,1,5,2,120.630901,24.176691,000010,國道1號,0,178K+600,台中交流道,南屯交流道,0000101041010B,W,S,2,2
VD-N1-S-178-O-NE-22-南下出口1-台中,NFB-CR,0,1,5,2,120.631465,24.17633,000010,國道1號,0,178K+600,台中交流道,南屯交流道,0000101041020B,S,S,1,1
VD-N1-S-178-O-NE-22X-南下出口2-台中,NFB-CR,0,1,5,2,120.630953,24.174057,000010,國道1號,0,178K+600,台中交流道,南屯交流道,0000101041020B,S,S,1,1
VD-N1-S-179.000-M-LOOP,NFB-CR,0,1,5,1,120.628649,24.172689,000010,國道1號,0,179K+000,台中交流道,南屯交流道,0000100017830B,SW,S,4,4
VD-N1-S-179.575-M-RS,NFB-CR,0,2,1,1,120.625062,24.16883,000010,國道1號,0,179K+575,台中交流道,南屯交流道,0000100017920B,SW,S,3,3
VD-N1-S-180.470-M-LOOP,NFB-CR,0,1,5,1,120.62107,24.161491,000010,國道1號,0,180K+470,台中交流道,南屯交流道,0000100018000B,S,S,4,4
VD-N1-S-180.960-N-LOOP,NFB-CR,0,1,5,1,120.620151,24.157147,000010,國道1號,0,180K+960,台中交流道,南屯交流道,0000100018000B,S,S,3,3
VD-N1-S-181-I-WS-21X-南下入口2-龍井,NFB-CR,0,1,5,2,120.618287,24.152917,000010,國道1號,0,181K+400,南屯交流道,王田交流道,0000101042030B,SE,S,1,1
VD-N1-S-181-I-WS-21-南下入口1-龍井,NFB-CR,0,1,5,2,120.619218,24.151642,000010,國道1號,0,181K+400,南屯交流道,王田交流道,0000101042030B,SE,S,1,1
VD-N1-S-181-I-ES-22X-南下入口2-台中,NFB-CR,0,1,5,2,120.618728,24.15394,000010,國道1號,0,181K+400,南屯交流道,王田交流道,0000101042040B,SE,S,2,2
VD-N1-S-181-I-ES-22-南下入口1-台中,NFB-CR,0,1,5,2,120.619665,24.152481,000010,國道1號,0,181K+400,南屯交流道,王田交流道,0000101042050B,S,S,2,2
VD-N1-S-181-O-NW-21-南下出口-龍井,NFB-CR,0,1,5,2,120.619379,24.155047,000010,國道1號,0,181K+400,南屯交流道,王田交流道,0000101042010B,SW,S,1,1
VD-N1-S-181-O-NE-22-南下出口-台中,NFB-CR,0,1,5,2,120.619589,24.154927,000010,國道1號,0,181K+400,南屯交流道,王田交流道,0000101042020B,S,S,1,1
VD-N1-S-181.460-N-LOOP,NFB-CR,0,1,5,1,120.619818,24.152564,000010,國道1號,0,181K+460,南屯交流道,王田交流道,0000100018100B,S,S,3,3
VD-N1-S-181.950-N-LOOP,NFB-CR,0,1,5,1,120.619305,24.148164,000010,國道1號,0,181K+950,南屯交流道,王田交流道,0000100018100B,S,S,3,3
VD-N1-S-182.420-M-RS,NFB-CR,0,2,1,1,120.618597,24.144009,000010,國道1號,0,182K+420,南屯交流道,王田交流道,0000100018240B,S,S,3,3
VD-N1-S-183.350-M-RS,NFB-CR,0,2,1,1,120.61757,24.1357,000010,國道1號,0,183K+350,南屯交流道,王田交流道,0000100018300B,S,S,3,3
VD-N1-S-184.240-M-LOOP,NFB-CR,0,1,5,1,120.61704,24.127682,000010,國道1號,0,184K+240,南屯交流道,王田交流道,0000100018400B,S,S,3,3
VD-N1-S-185.330-M-RS,NFB-CR,0,2,1,1,120.61436,24.118263,000010,國道1號,0,185K+330,南屯交流道,王田交流道,0000100018500B,SW,S,3,3
VD-N1-S-186.375-M-LOOP,NFB-CR,0,1,5,1,120.606667,24.112311,000010,國道1號,0,186K+375,南屯交流道,王田交流道,0000100018600B,W,S,3,3
VD-N1-S-187.399-M-LOOP,NFB-CR,0,1,5,1,120.597195,24.11328,000010,國道1號,0,187K+399,南屯交流道,王田交流道,0000100018700B,NW,S,3,3
VD-N1-S-188.380-M-LOOP,NFB-CR,0,1,5,1,120.5888,24.117699,000010,國道1號,0,188K+380,南屯交流道,王田交流道,0000100018800B,NW,S,3,3
VD-N1-S-188.665-N-LOOP,NFB-CR,0,1,5,1,120.58575,24.118546,000010,國道1號,0,188K+665,南屯交流道,王田交流道,0000100018870B,W,S,3,3
VD-N1-S-189.390-M-RS,NFB-CR,0,2,1,1,120.57897,24.118935,000010,國道1號,0,189K+390,南屯交流道,王田交流道,0000100018920B,W,S,4,4
VD-N1-S-189-O-NW-21-南下出口-大肚,NFB-CR,0,1,5,2,120.583452,24.11939,000010,國道1號,0,189K+400,王田交流道,彰化系統交流道,0000101043010B,W,S,1,1
VD-N1-S-189-I-ES-1-南下入口,NFB-CR,0,1,5,2,120.585155,24.119539,000010,國道1號,0,189K+400,王田交流道,彰化系統交流道,0000101043030B,NE,S,1,1
VD-N1-S-189-O-NE-1-南下出口,NFB-CR,0,1,5,2,120.585921,24.119044,000010,國道1號,0,189K+400,王田交流道,彰化系統交流道,0000101043000B,NW,S,1,1
VD-N1-S-189-O-NE-22-南下出口-烏日,NFB-CR,0,1,5,2,120.583604,24.1193,000010,國道1號,0,189K+400,王田交流道,彰化系統交流道,0000101043020B,SW,S,1,1
VD-N1-T-189-A-E-1-出口-烏日,NFB-CR,0,1,5,2,120.581517,24.116776,000010,國道1號,0,189K+400,王田交流道,彰化系統交流道,0000101043020B,SW,S,1,1
VD-N1-S-189.860-M-LOOP,NFB-CR,0,1,5,1,120.574371,24.117926,000010,國道1號,0,189K+860,王田交流道,彰化系統交流道,0000101043040B,W,S,4,4
VD-N1-S-191.001-M-LOOP,NFB-CR,0,1,5,1,120.566188,24.111332,000010,國道1號,0,191K+001,王田交流道,彰化系統交流道,0000100019100B,SW,S,3,3
VD-N1-S-192.800-N-LOOP,NFB-CR,0,1,5,1,120.554233,24.099511,000010,國道1號,0,192K+801,彰化系統交流道,彰化交流道,0000100019250N,SW,S,3,3
VD-N1-S-193.600-M-RS,NFB-CR,0,2,1,1,120.57897,24.118935,000010,國道1號,0,193K+600,彰化系統交流道,彰化交流道,0000100019360N,W,S,4,4
VD-N1-S-194.560-M-LOOP,NFB-CR,0,1,5,1,120.537704,24.095234,000010,國道1號,0,194K+560,彰化系統交流道,彰化交流道,0000100019400N,SW,S,5,5
VD-N1-S-195.720-M-RS,NFB-CR,0,2,1,1,120.546514,24.097928,000010,國道1號,0,195K+720,彰化系統交流道,彰化交流道,0000100019500N,SW,S,4,4
VD-N1-S-196.520-M-LOOP,NFB-CR,0,1,5,1,120.52551,24.08175,000010,國道1號,0,196K+520,彰化系統交流道,彰化交流道,0000100019600N,SW,S,5,5
VD-N1-S-197.520-M-LOOP,NFB-CR,0,1,5,1,120.522816,24.073107,000010,國道1號,0,197K+520,彰化系統交流道,彰化交流道,0000100019700N,S,S,4,4
VD-N1-S-198-I-ES-22-南下入口-彰化,NFB-CR,0,1,5,2,120.522452,24.063242,000010,國道1號,0,198K+400,彰化交流道,埔鹽系統交流道,0000101045040N,S,S,1,1
VD-N1-S-198-I-WS-21X-南下入口2-鹿港,NFB-CR,0,1,5,2,120.521834,24.063777,000010,國道1號,0,198K+400,彰化交流道,埔鹽系統交流道,0000101045030N,SE,S,1,1
VD-N1-S-198-I-WS-21-南下入口1-鹿港,NFB-CR,0,1,5,2,120.522173,24.063562,000010,國道1號,0,198K+400,彰化交流道,埔鹽系統交流道,0000101045030N,SE,S,1,1
VD-N1-S-198-O-NW-21-南下出口-鹿港,NFB-CR,0,1,5,2,120.522204,24.06667,000010,國道1號,0,198K+400,彰化交流道,埔鹽系統交流道,0000101045010N,S,S,1,1
VD-N1-S-198-O-NE-22-南下出口1-彰化,NFB-CR,0,1,5,2,120.522371,24.066341,000010,國道1號,0,198K+400,彰化交流道,埔鹽系統交流道,0000101045020N,S,S,2,2
VD-N1-S-198-I-ES-22X-南下入口2-彰化,NFB-CR,0,1,5,2,120.522144,24.06555,000010,國道1號,0,198K+400,彰化交流道,埔鹽系統交流道,0000101045040N,S,S,1,1
VD-N1-S-198.560-N-LOOP,NFB-CR,0,1,5,1,120.522784,24.063777,000010,國道1號,0,198K+560,彰化交流道,埔鹽系統交流道,0000100019800N,S,S,3,3
VD-N1-S-199.540-M-RS,NFB-CR,0,2,1,1,120.523674,24.055003,000010,國道1號,0,199K+540,彰化交流道,埔鹽系統交流道,0000100019920N,S,S,4,4
VD-N1-S-200.530-M-RS,NFB-CR,0,2,1,1,120.52351,24.04597,000010,國道1號,0,200K+530,彰化交流道,埔鹽系統交流道,0000100020000N,S,S,4,4
VD-N1-S-201.400-M-RS,NFB-CR,0,2,1,1,120.522183,24.038229,000010,國道1號,0,201K+400,彰化交流道,埔鹽系統交流道,0000100020100N,S,S,4,4
VD-N1-S-202.170-M-RS,NFB-CR,0,2,1,1,120.52012,24.031558,000010,國道1號,0,202K+170,彰化交流道,埔鹽系統交流道,0000100020200N,S,S,4,4
VD-N1-S-203.170-M-LOOP,NFB-CR,0,1,5,1,120.516994,24.023058,000010,國道1號,0,203K+170,彰化交流道,埔鹽系統交流道,0000100020300N,S,S,4,4
VD-N1-S-204.030-M-RS,NFB-CR,0,2,1,1,120.514856,24.015921,000010,國道1號,0,204K+030,彰化交流道,埔鹽系統交流道,0000100020400N,S,S,4,4
VD-N1-S-205.940-M-LOOP,NFB-CR,0,1,5,1,120.510842,23.998718,000010,國道1號,0,205K+940,彰化交流道,埔鹽系統交流道,0000100020500N,S,S,4,4
VD-N1-S-206.780-M-LOOP,NFB-CR,0,1,5,1,120.509136,23.991403,000010,國道1號,0,206K+780,彰化交流道,埔鹽系統交流道,0000100020600N,S,S,4,4
VD-N1-S-207.250-N-LOOP,NFB-CR,0,1,5,1,120.508166,23.987217,000010,國道1號,0,207K+250,彰化交流道,埔鹽系統交流道,0000100020710N,S,S,4,4
VD-N1-S-207-I-ES-1XA-南下入口2-員林,NFB-CR,0,1,5,2,120.508459,23.98365,000010,國道1號,0,207K+700,埔鹽系統交流道,員林交流道,0000101046030N,NW,S,1,1
VD-N1-S-207-I-ES-1A-南下入口1-員林,NFB-CR,0,1,5,2,120.507591,23.986587,000010,國道1號,0,207K+700,埔鹽系統交流道,員林交流道,0000101046030N,NW,S,1,1
VD-N1-T-207-A-W-1-入口-鹿港,NFB-CR,0,1,5,2,120.505012,23.986497,000010,國道1號,0,207K+700,埔鹽系統交流道,員林交流道,0000101046040N,SE,S,1,1
VD-N1-S-207-I-WS-1B-南下入口,NFB-CR,0,1,5,2,120.506676,23.981506,000010,國道1號,0,207K+700,埔鹽系統交流道,員林交流道,0000101046050N,S,S,1,1
VD-N1-S-207-O-NW-21-南下出口-鹿港,NFB-CR,0,1,5,2,120.506133,23.987446,000010,國道1號,0,207K+700,埔鹽系統交流道,員林交流道,0000101046010N,W,S,1,1
VD-N1-S-207-O-NE-22-南下出口-員林,NFB-CR,0,1,5,2,120.506062,23.986542,000010,國道1號,0,207K+700,埔鹽系統交流道,員林交流道,0000101046020N,S,S,1,1
VD-N1-S-207.800-N-LOOP,NFB-CR,0,1,5,1,120.507062,23.982205,000010,國道1號,0,207K+800,埔鹽系統交流道,員林交流道,0000100020760N,S,S,4,4
VD-N1-S-208.770-M-RS,NFB-CR,0,2,1,1,120.506076,23.973465,000010,國道1號,0,208K+780,埔鹽系統交流道,員林交流道,0000100020830N,S,S,4,4
VD-N1-S-209.775-M-LOOP,NFB-CR,0,1,5,1,120.506259,23.964438,000010,國道1號,0,209K+775,埔鹽系統交流道,員林交流道,0000100020900N,S,S,4,4
VD-N1-S-210.220-M-LOOP,NFB-CR,0,1,5,1,120.50645,23.96013,000010,國道1號,0,210K+250,埔鹽系統交流道,員林交流道,0000100021030N,S,S,5,5
VD-N1-S-211-I-ES-22-南下入口-員林,NFB-CR,0,1,5,2,120.504828,23.95312,000010,國道1號,0,211K+000,員林交流道,北斗交流道,0000101047050N,S,S,1,1
VD-N1-S-211-I-WS-21-南下入口-員林,NFB-CR,0,1,5,2,120.504585,23.953072,000010,國道1號,0,211K+000,員林交流道,北斗交流道,0000101047030N,SE,S,1,1
VD-N1-S-211-O-NE-22-南下出口-員林,NFB-CR,0,1,5,2,120.506251,23.954402,000010,國道1號,0,211K+000,員林交流道,北斗交流道,0000101047020N,S,S,1,1
VD-N1-S-211-O-NW-21-南下出口-員林,NFB-CR,0,1,5,2,120.506019,23.955068,000010,國道1號,0,211K+000,員林交流道,北斗交流道,0000101047010N,SW,S,2,2
VD-N1-S-211.300-N-LOOP,NFB-CR,0,1,5,1,120.50604,23.950678,000010,國道1號,0,211K+300,員林交流道,北斗交流道,0000100021100N,S,S,3,3
VD-N1-S-212.305-M-RS,NFB-CR,0,2,1,1,120.504243,23.941803,000010,國道1號,0,212K+305,員林交流道,北斗交流道,0000100021200N,S,S,4,4
VD-N1-S-214.420-M-RS,NFB-CR,0,2,1,1,120.498039,23.924055,000010,國道1號,0,214K+420,員林交流道,北斗交流道,0000100021400N,S,S,4,4
VD-N1-S-216.300-M-RS,NFB-CR,0,2,1,1,120.497908,23.90861,000010,國道1號,0,216K+300,員林交流道,北斗交流道,0000100021600N,S,S,4,4
VD-N1-S-217.526-M-員林南地磅,NFB-CR,0,1,5,2,120.495012,23.894439,000010,國道1號,0,217K+526,員林交流道,北斗交流道,0000100021700N,S,S,1,1
VD-N1-S-217.600-M-LOOP,NFB-CR,0,1,5,1,120.495443,23.8954,000010,國道1號,0,217K+600,員林交流道,北斗交流道,0000100021700N,S,S,3,3
VD-N1-S-219.550-N-LOOP,NFB-CR,0,1,5,1,120.490695,23.878191,000010,國道1號,0,219K+550,員林交流道,北斗交流道,0000100021960N,S,S,3,3
VD-N1-S-220-I-WS-1-南下入口-北斗,NFB-CR,0,1,5,2,120.48948,23.871309,000010,國道1號,0,220K+100,北斗交流道,西螺服務區,0000101048060N,S,S,1,1
VD-N1-S-220-O-NW-1-南下出口-北斗,NFB-CR,0,1,5,2,120.490303,23.877103,000010,國道1號,0,220K+100,北斗交流道,西螺服務區,0000101048000N,S,S,1,1
VD-N1-S-220-O-NW-2-南下出口-北斗,NFB-CR,0,1,5,2,120.489621,23.875769,000010,國道1號,0,220K+100,北斗交流道,西螺服務區,0000101048010N,N,S,1,1
VD-N1-S-220.450-N-LOOP,NFB-CR,0,1,5,1,120.489773,23.870185,000010,國道1號,0,220K+450,北斗交流道,西螺服務區,0000100022000N,S,S,3,3
VD-N1-S-222.350-M-RS,NFB-CR,0,2,1,1,120.485429,23.853347,000010,國道1號,0,222K+400,北斗交流道,西螺服務區,0000100022200N,S,S,4,4
VD-N1-S-224.400-M-RS,NFB-CR,0,2,1,1,120.484474,23.834639,000010,國道1號,0,224K+400,北斗交流道,西螺服務區,0000100022400N,S,S,4,4
VD-N1-S-226.400-M-RS,NFB-CR,0,2,1,1,120.48505,23.816975,000010,國道1號,0,226K+400,北斗交流道,西螺服務區,0000100022600N,S,S,4,4
VD-N1-S-228.704-M-LOOP,NFB-CR,0,1,5,1,120.48128,23.796473,000010,國道1號,0,228K+704,北斗交流道,西螺服務區,0000100022800P,S,S,3,3
VD-N1-S-229-R-NW-2-南下出口-西螺服務區,NFB-CR,0,1,5,2,120.478482,23.789772,000010,國道1號,0,228K+800,西螺服務區,西螺交流道,0000101049000P,S,S,2,2
VD-N1-S-229-R-WS-2-南下入口-西螺服務區,NFB-CR,0,1,5,2,120.477372,23.786955,000010,國道1號,0,228K+800,西螺服務區,西螺交流道,0000101083010P,S,S,1,1
VD-N1-S-229-R-WS-3-南下入口-西螺服務區,NFB-CR,0,1,5,2,120.473413,23.777864,000010,國道1號,0,228K+800,西螺服務區,西螺交流道,0000101049040P,S,S,1,1
VD-N1-S-229.450-N-LOOP,NFB-CR,0,1,5,1,120.478811,23.78977,000010,國道1號,0,229K+450,西螺服務區,西螺交流道,0000100022920P,S,S,3,3
VD-N1-S-230.920-N-LOOP,NFB-CR,0,1,5,1,120.473547,23.777874,000010,國道1號,0,230K+450,西螺服務區,西螺交流道,0000100023100P,S,S,3,3
VD-N1-S-230-I-WS-31-南下入口-西螺,NFB-CR,0,1,5,2,120.474276,23.782617,000010,國道1號,0,230K+500,西螺交流道,虎尾交流道,0000101049070P,SW,S,1,1
VD-N1-S-230-I-ES-32-南下入口-西螺,NFB-CR,0,1,5,2,120.474404,23.782527,000010,國道1號,0,230K+500,西螺交流道,虎尾交流道,0000101049080P,SW,S,1,1
VD-N1-S-230-O-NE-3-南下出口-西螺,NFB-CR,0,1,5,2,120.474615,23.782345,000010,國道1號,0,230K+500,西螺交流道,虎尾交流道,0000101049050P,E,S,1,1
VD-N1-S-230-O-NE-2-南下出口-西螺,NFB-CR,0,1,5,2,120.473278,23.779086,000010,國道1號,0,230K+500,西螺交流道,虎尾交流道,0000101049030P,N,S,1,1
VD-N1-S-232.400-M-RS,NFB-CR,0,2,1,1,120.46951,23.767103,000010,國道1號,0,232K+400,西螺交流道,虎尾交流道,0000100023200P,S,S,3,3
VD-N1-S-233.600-M-RS,NFB-CR,0,2,1,1,120.467408,23.754304,000010,國道1號,0,233K+600,西螺交流道,虎尾交流道,0000100023300P,S,S,3,3
VD-N1-S-235.050-M-LOOP,NFB-CR,0,1,5,1,120.46866,23.741395,000010,國道1號,0,235K+050,西螺交流道,虎尾交流道,0000100023500P,S,S,4,4
VD-N1-S-235.920-N-LOOP,NFB-CR,0,1,5,1,120.470956,23.733964,000010,國道1號,0,235K+920,西螺交流道,虎尾交流道,0000100023600P,S,S,3,3
VD-N1-S-236-I-ES-1-南下入口-斗六,NFB-CR,0,1,5,2,120.470039,23.734342,000010,國道1號,0,236K+000,虎尾交流道,斗南交流道,0000101050050P,SE,S,1,1
VD-N1-S-236-I-WS-21-南下入口-虎尾,NFB-CR,0,1,5,2,120.468943,23.735618,000010,國道1號,0,236K+000,虎尾交流道,斗南交流道,0000101050030P,SE,S,1,1
VD-N1-S-236-O-NE-1-南下出口-斗六,NFB-CR,0,1,5,2,120.468548,23.735976,000010,國道1號,0,236K+000,虎尾交流道,斗南交流道,0000101050010P,SW,S,1,1
VD-N1-S-236-O-NW-21-南下出口-虎尾,NFB-CR,0,1,5,2,120.469091,23.738855,000010,國道1號,0,236K+000,虎尾交流道,斗南交流道,0000101050000P,S,S,2,2
VD-N1-S-236.760-M-LOOP,NFB-CR,0,1,5,1,120.47371,23.726683,000010,國道1號,0,236K+760,虎尾交流道,斗南交流道,0000100023700P,S,S,3,3
VD-N1-S-238.400-M-RS,NFB-CR,0,2,1,1,120.47608,23.71213,000010,國道1號,0,238K+400,虎尾交流道,斗南交流道,0000100023800P,S,S,3,3
VD-N1-S-239.450-M-LOOP,NFB-CR,0,1,5,1,120.474905,23.702903,000010,國道1號,0,239K+450,虎尾交流道,斗南交流道,0000100023900P,S,S,3,3
VD-N1-S-240-I-ES-1A-南下入口-斗南,NFB-CR,0,1,5,2,120.47081,23.693485,000010,國道1號,0,240K+600,斗南交流道,雲林系統交流道,0000101051040P,SW,S,1,1
VD-N1-S-240-I-WS-1B-南下入口-斗南,NFB-CR,0,1,5,2,120.470458,23.69276,000010,國道1號,0,240K+600,斗南交流道,雲林系統交流道,0000101051030P,S,S,1,1
VD-N1-S-240-O-NW-1-南下出口-斗南,NFB-CR,0,1,5,2,120.471012,23.694642,000010,國道1號,0,240K+600,斗南交流道,雲林系統交流道,0000101051000P,SW,S,2,2
VD-N1-S-240-O-NW-2-南下出口-斗南,NFB-CR,0,1,5,2,120.470123,23.694033,000010,國道1號,0,240K+600,斗南交流道,雲林系統交流道,0000101051010P,W,S,1,1
VD-N1-S-240.816-N-LOOP,NFB-CR,0,1,5,1,120.470582,23.69128,000010,國道1號,0,240K+816,斗南交流道,雲林系統交流道,0000100024040P,S,S,3,3
VD-N1-S-242.300-M-RS,NFB-CR,0,2,1,1,120.463455,23.679419,000010,國道1號,0,242K+300,斗南交流道,雲林系統交流道,0000100024200P,SW,S,4,4
VD-N1-S-242.800-M-LOOP,NFB-CR,0,1,5,1,120.461023,23.675546,000010,國道1號,0,242K+800,斗南交流道,雲林系統交流道,0000100024300P,SW,S,4,4
VD-N1-S-243.360-N-LOOP,NFB-CR,0,1,5,1,120.458317,23.671255,000010,國道1號,0,243K+360,斗南交流道,雲林系統交流道,0000100024350P,SW,S,3,3
VD-N1-S-243-I-ES-22-南下入口-雲林,NFB-CR,0,1,5,2,120.455759,23.667439,000010,國道1號,0,243K+800,雲林系統交流道,大林交流道,0000101052110P,SW,S,1,1
VD-N1-S-243-I-WS-21-南下入口-雲林,NFB-CR,0,1,5,2,120.453881,23.669866,000010,國道1號,0,243K+800,雲林系統交流道,大林交流道,0000101052130P,S,S,1,1
VD-N1-S-244.200-N-LOOP,NFB-CR,0,1,5,1,120.454272,23.664653,000010,國道1號,0,244K+200,雲林系統交流道,大林交流道,0000100024400P,SW,S,3,3
VD-N1-S-246.150-M-RS,NFB-CR,0,2,1,1,120.446455,23.648918,000010,國道1號,0,246K+150,雲林系統交流道,大林交流道,0000100024600P,S,S,4,4
VD-N1-S-250-I-WS-21-南下入口-大林,NFB-CR,0,1,5,2,120.436193,23.612226,000010,國道1號,0,250K+300,大林交流道,民雄交流道,0000101053030Q,SE,S,1,1
VD-N1-S-250-I-ES-22-南下入口-大林,NFB-CR,0,1,5,2,120.436462,23.612046,000010,國道1號,0,250K+300,大林交流道,民雄交流道,0000101053040Q,S,S,1,1
VD-N1-S-250-O-NW-1-南下出口-大林,NFB-CR,0,1,5,2,120.436921,23.613709,000010,國道1號,0,250K+300,大林交流道,民雄交流道,0000101053000Q,S,S,2,2
VD-N1-S-250-O-NW-2-南下出口-大林,NFB-CR,0,1,5,2,120.436274,23.612706,000010,國道1號,0,250K+300,大林交流道,民雄交流道,0000101053010Q,SW,S,1,1
VD-N1-S-250.516-N-LOOP,NFB-CR,0,1,5,1,120.436741,23.610267,000010,國道1號,0,250K+516,大林交流道,民雄交流道,0000100025020Q,S,S,3,3
VD-N1-N-101.510-M-LOOP,NFB-CR,0,1,5,1,120.974662,24.74303,000010,國道1號,0,101K+510,頭份交流道,新竹系統交流道,0000100110100J,NE,N,4,4
VD-N1-N-102.590-M-LOOP,NFB-CR,0,1,5,1,120.968059,24.7356,000010,國道1號,0,102K+590,頭份交流道,新竹系統交流道,0000100110200J,NE,N,4,4
VD-N1-N-103.880-M-RS,NFB-CR,0,2,1,1,120.958356,24.728231,000010,國道1號,0,103K+880,頭份交流道,新竹系統交流道,0000100110300J,NE,N,4,4
VD-N1-N-105.160-M-LOOP,NFB-CR,0,1,5,1,120.945892,24.726889,000010,國道1號,0,105K+160,頭份交流道,新竹系統交流道,0000100110500J,E,N,3,3
VD-N1-N-106.280-M-RS,NFB-CR,0,2,1,1,120.935565,24.723714,000010,國道1號,0,106K+280,頭份交流道,新竹系統交流道,0000100110600O,NE,N,4,4
VD-N1-N-107.505-M-RS,NFB-CR,0,2,1,1,120.929672,24.714461,000010,國道1號,0,107K+505,頭份交流道,新竹系統交流道,0000100110730K,N,N,4,4
VD-N1-N-109.470-M-RS,NFB-CR,0,2,1,1,120.923054,24.698372,000010,國道1號,0,109K+470,頭份交流道,新竹系統交流道,0000100110900K,NE,N,4,4
VD-N1-N-110-I-WN-22X-北上入口2-頭份,NFB-CR,0,1,5,2,120.916295,24.691344,000010,國道1號,0,110K+400,頭屋交流道,頭份交流道,0000101131040K,NE,N,1,1
VD-N1-N-110-I-EN-21X-北上入口2-三灣,NFB-CR,0,1,5,2,120.920738,24.691718,000010,國道1號,0,110K+400,頭屋交流道,頭份交流道,0000101131030K,NW,N,1,1
VD-N1-N-110-I-EN-21-北上入口1-三灣,NFB-CR,0,1,5,2,120.920003,24.692476,000010,國道1號,0,110K+400,頭屋交流道,頭份交流道,0000101131030K,NW,N,1,1
VD-N1-N-110-O-SW-1-北上出口,NFB-CR,0,1,5,2,120.917551,24.689488,000010,國道1號,0,110K+400,頭屋交流道,頭份交流道,0000101131000K,NE,N,2,2
VD-N1-N-110-O-SW-21-北上出口-頭份,NFB-CR,0,1,5,2,120.918287,24.690908,000010,國道1號,0,110K+400,頭屋交流道,頭份交流道,0000101131020K,NE,N,1,1
VD-N1-N-110.450-N-LOOP,NFB-CR,0,1,5,1,120.918024,24.690789,000010,國道1號,0,110K+450,頭屋交流道,頭份交流道,0000100111000K,NE,N,3,3
VD-N1-N-112.280-M-LOOP,NFB-CR,0,1,5,1,120.90501,24.679699,000010,國道1號,0,112K+280,頭屋交流道,頭份交流道,0000100111200K,NE,N,3,3
VD-N1-N-113.450-M-LOOP,NFB-CR,0,1,5,1,120.896278,24.672971,000010,國道1號,0,113K+450,頭屋交流道,頭份交流道,0000100111300K,E,N,3,3
VD-N1-N-114.610-M-RS,NFB-CR,0,2,1,1,120.88602,24.668919,000010,國道1號,0,114K+610,頭屋交流道,頭份交流道,0000100111400K,NE,N,4,4
VD-N1-N-115.700-M-LOOP,NFB-CR,0,1,5,1,120.882701,24.659622,000010,國道1號,0,115K+700,頭屋交流道,頭份交流道,0000100111500K,N,N,3,3
VD-N1-N-116.950-M-RS,NFB-CR,0,2,1,1,120.878517,24.649259,000010,國道1號,0,116K+950,頭屋交流道,頭份交流道,0000100111600K,NE,N,4,4
VD-N1-N-118.085-M-造橋北地磅,NFB-CR,0,1,5,2,120.870804,24.642162,000010,國道1號,0,118K+085,頭屋交流道,頭份交流道,0000100111800K,NE,N,1,1
VD-N1-N-118.250-M-RS,NFB-CR,0,2,1,1,120.86944,24.641003,000010,國道1號,0,118K+250,頭屋交流道,頭份交流道,0000100111800K,NE,N,4,4
VD-N1-N-120.230-M-RS,NFB-CR,0,2,1,1,120.866856,24.623627,000010,國道1號,0,120K+230,頭屋交流道,頭份交流道,0000100112000K,N,N,4,4
VD-N1-N-122.260-M-RS,NFB-CR,0,2,1,1,120.865399,24.606773,000010,國道1號,0,122K+260,頭屋交流道,頭份交流道,0000100112200K,N,N,4,4
VD-N1-N-123.880-M-RS,NFB-CR,0,2,1,1,120.860772,24.596262,000010,國道1號,0,123K+880,頭屋交流道,頭份交流道,0000100112300K,N,N,4,4
VD-N1-N-125-I-EN-1-北上入口-頭屋,NFB-CR,0,1,5,2,120.858572,24.578757,000010,國道1號,0,126K+200,苗栗交流道,頭屋交流道,0000101132010K,NW,N,1,1
VD-N1-N-125-O-SE-1-北上出口-頭屋,NFB-CR,0,1,5,2,120.855307,24.576196,000010,國道1號,0,126K+200,苗栗交流道,頭屋交流道,0000101132000K,NE,N,1,1
VD-N1-N-128.179-M-RS,NFB-CR,0,2,1,1,120.842655,24.5597,000010,國道1號,0,128K+179,苗栗交流道,頭屋交流道,0000100112800K,N,N,4,4
VD-N1-N-129.899-M-LOOP,NFB-CR,0,1,5,1,120.835915,24.545564,000010,國道1號,0,129K+899,苗栗交流道,頭屋交流道,0000100112900K,NE,N,4,4
VD-N1-N-131.410-M-RS,NFB-CR,0,2,1,1,120.828355,24.533983,000010,國道1號,0,131K+410,苗栗交流道,頭屋交流道,0000100113100K,N,N,4,4
VD-N1-N-132.150-M-RS,NFB-CR,0,2,1,1,120.82525,24.527819,000010,國道1號,0,132K+150,苗栗交流道,頭屋交流道,0000100113200K,NE,N,4,4
VD-N1-N-132-I-EN-11B-北上入口-公館,NFB-CR,0,1,5,2,120.821297,24.52419,000010,國道1號,0,132K+800,銅鑼交流道,苗栗交流道,0000101133040K,NE,N,1,1
VD-N1-N-132-I-WN-11A-北上入口-苗栗,NFB-CR,0,1,5,2,120.819675,24.522608,000010,國道1號,0,132K+800,銅鑼交流道,苗栗交流道,0000101133030K,W,N,1,1
VD-N1-N-132-I-EN-12B-北上入口-公館,NFB-CR,0,1,5,2,120.820911,24.522999,000010,國道1號,0,132K+800,銅鑼交流道,苗栗交流道,0000101133040K,NE,N,1,1
VD-N1-N-132-I-WN-12A-北上入口-苗栗,NFB-CR,0,1,5,2,120.82035,24.522815,000010,國道1號,0,132K+800,銅鑼交流道,苗栗交流道,0000101133030K,W,N,1,1
VD-N1-N-132-O-SE-1-北上出口,NFB-CR,0,1,5,2,120.818547,24.522544,000010,國道1號,0,132K+800,銅鑼交流道,苗栗交流道,0000101133000K,E,N,2,2
VD-N1-N-132-O-SE-21-北上出口-公館,NFB-CR,0,1,5,2,120.820386,24.522424,000010,國道1號,0,132K+800,銅鑼交流道,苗栗交流道,0000101133010K,SE,N,1,1
VD-N1-N-132.970-N-LOOP,NFB-CR,0,1,5,1,120.819079,24.523327,000010,國道1號,0,132K+970,銅鑼交流道,苗栗交流道,0000100113290K,NE,N,3,3
VD-N1-N-134.490-M-LOOP,NFB-CR,0,1,5,1,120.809806,24.51275,000010,國道1號,0,134K+490,銅鑼交流道,苗栗交流道,0000100113400K,NE,N,3,3
VD-N1-N-135.835-M-RS,NFB-CR,0,2,1,1,120.79985,24.505253,000010,國道1號,0,135K+835,銅鑼交流道,苗栗交流道,0000100113500K,NE,N,3,3
VD-N1-N-137.425-M-RS,NFB-CR,0,2,1,1,120.786083,24.498611,000010,國道1號,0,137K+425,銅鑼交流道,苗栗交流道,0000100113700K,NE,N,3,3
VD-N1-N-138.990-M-RS,NFB-CR,0,2,1,1,120.782083,24.485472,000010,國道1號,0,138K+990,銅鑼交流道,苗栗交流道,0000100113800K,N,N,3,3
VD-N1-N-139.820-N-LOOP,NFB-CR,0,1,5,1,120.78424,24.47845,000010,國道1號,0,139K+820,銅鑼交流道,苗栗交流道,0000100113930K,N,N,3,3
VD-N1-N-139-I-WN-1-銅鑼科學園區,NFB-CR,0,1,5,2,120.785571,24.47649,000010,國道1號,0,140K+080,三義交流道,銅鑼交流道,0000101134050K,NW,N,1,1
VD-N1-N-139-I-N-1-銅鑼,NFB-CR,0,1,5,2,120.784661,24.478056,000010,國道1號,0,140K+080,三義交流道,銅鑼交流道,0000101134070K,N,N,1,1
VD-N1-N-140-O-N-1-銅鑼,NFB-CR,0,1,5,2,120.786522,24.474115,000010,國道1號,0,140K+080,三義交流道,銅鑼交流道,0000101134000K,N,N,1,1
VD-N1-N-140-O-NE-21-銅鑼科學園區,NFB-CR,0,1,5,2,120.785933,24.47624,000010,國道1號,0,140K+080,三義交流道,銅鑼交流道,0000101134010K,N,N,1,1
VD-N1-N-140.780-M-LOOP,NFB-CR,0,1,5,1,120.786955,24.472216,000010,國道1號,0,140K+780,三義交流道,銅鑼交流道,0000100114000K,N,N,3,3
VD-N1-N-142.200-M-RS,NFB-CR,0,2,1,1,120.785899,24.457896,000010,國道1號,0,142K+200,三義交流道,銅鑼交流道,0000100114200K,NE,N,3,3
VD-N1-N-143.720-M-RS,NFB-CR,0,2,1,1,120.781615,24.444743,000010,國道1號,0,143K+720,三義交流道,銅鑼交流道,0000100114300K,N,N,3,3
VD-N1-N-145.170-M-RS,NFB-CR,0,2,1,1,120.778269,24.432256,000010,國道1號,0,145K+170,三義交流道,銅鑼交流道,0000100114500K,N,N,3,3
VD-N1-N-146.740-M-RS,NFB-CR,0,2,1,1,120.775318,24.418492,000010,國道1號,0,146K+740,三義交流道,銅鑼交流道,0000100114600K,N,N,3,3
VD-N1-N-148.260-M-LOOP,NFB-CR,0,1,5,1,120.769011,24.406686,000010,國道1號,0,148K+260,三義交流道,銅鑼交流道,0000100114800K,NE,N,3,3
VD-N1-N-150-N-LOOP,NFB-CR,0,1,5,1,120.758816,24.393291,000010,國道1號,0,150K+000,三義交流道,銅鑼交流道,0000100115000K,NE,N,3,3
VD-N1-N-150-I-EN-21-北上入口-卓蘭,NFB-CR,0,1,5,2,120.759386,24.391839,000010,國道1號,0,150K+200,泰安服務區,三義交流道,0000101135030K,N,N,1,1
VD-N1-N-150-I-EN-1-北上入口,NFB-CR,0,1,5,2,120.759581,24.393671,000010,國道1號,0,150K+200,泰安服務區,三義交流道,0000101135050K,N,N,1,1
VD-N1-N-150-I-WN-22-北上入口-三義,NFB-CR,0,1,5,2,120.759387,24.391709,000010,國道1號,0,150K+200,泰安服務區,三義交流道,0000101135030K,N,N,1,1
VD-N1-N-150-O-SW-1-北上出口,NFB-CR,0,1,5,2,120.759524,24.392829,000010,國道1號,0,150K+200,泰安服務區,三義交流道,0000101135020K,E,N,2,2
VD-N1-N-150-O-SW-21-北上出口-三義,NFB-CR,0,1,5,2,120.758894,24.392251,000010,國道1號,0,150K+200,泰安服務區,三義交流道,0000101135010K,W,N,1,1
VD-N1-N-150.410-M-LOOP,NFB-CR,0,1,5,1,120.756992,24.390583,000010,國道1號,0,150K+410,泰安服務區,三義交流道,0000100115020K,NE,N,4,4
VD-N1-N-151.990-M-RS,NFB-CR,0,2,1,1,120.750491,24.377653,000010,國道1號,0,151K+990,泰安服務區,三義交流道,0000100115100K,NE,N,4,4
VD-N1-N-153.480-M-RS,NFB-CR,0,2,1,1,120.743244,24.36593,000010,國道1號,0,153K+480,泰安服務區,三義交流道,0000100115300K,NE,N,4,4
VD-N1-N-154.980-M-RS,NFB-CR,0,2,1,1,120.733957,24.355307,000010,國道1號,0,154K+980,泰安服務區,三義交流道,0000100115400K,NE,N,3,3
VD-N1-N-156.010-M-RS,NFB-CR,0,2,1,1,120.727637,24.348092,000010,國道1號,0,156K+010,泰安服務區,三義交流道,0000100115600B,NE,N,3,3
VD-N1-N-157.300-M-RS,NFB-CR,0,2,1,1,120.720514,24.338378,000010,國道1號,0,157K+300,泰安服務區,三義交流道,0000100115700B,NE,N,3,3
VD-N1-N-158.763-N-LOOP,NFB-CR,0,1,5,1,120.713737,24.328309,000010,國道1號,0,158K+763,泰安服務區,三義交流道,0000100115820B,NE,N,3,3
VD-N1-N-159.270-N-RS,NFB-CR,0,2,1,1,120.709635,24.323772,000010,國道1號,0,159K+200,泰安服務區,三義交流道,0000100115900B,NE,N,3,3
VD-N1-N-158-R-SE-1-北上出口,NFB-CR,0,1,5,2,120.71372,24.327448,605133,國道1號,0,159K+500,后里交流道,泰安服務區,6051330500000B,SW,N,1,1
VD-N1-N-158-R-EN-1-北上入口,NFB-CR,0,1,5,2,120.714616,24.328525,000010,國道1號,0,159K+500,后里交流道,泰安服務區,0000101182000B,N,N,1,1
VD-N1-N-160.010-N-LOOP,NFB-CR,0,1,5,1,120.705195,24.31855,000010,國道1號,0,160K+010,后里交流道,泰安服務區,0000100116000B,NE,N,3,3
VD-N1-N-160.410-M-LOOP,NFB-CR,0,1,5,1,120.70327,24.31549,000010,國道1號,0,160K+410,后里交流道,泰安服務區,0000100116040B,NE,N,3,3
VD-N1-N-160-O-S-1-北上出口,NFB-CR,0,1,5,2,120.69967,24.30787,000010,國道1號,0,160K+600,台中系統交流道,后里交流道,0000101136000B,NE,N,2,2
VD-N1-N-160-I-WN-12-北上入口2,NFB-CR,0,1,5,2,120.703183,24.316538,000010,國道1號,0,160K+600,台中系統交流道,后里交流道,0000101136030B,NE,N,2,2
VD-N1-N-160-I-WN-11-北上入口1,NFB-CR,0,1,5,2,120.706439,24.319636,000010,國道1號,0,160K+600,台中系統交流道,后里交流道,0000101136040B,N,N,1,1
VD-N1-N-160-O-SE-21-北上出口-后里,NFB-CR,0,1,5,2,120.702659,24.310479,000010,國道1號,0,160K+600,台中系統交流道,后里交流道,0000101136010B,NE,N,2,2
VD-N1-N-160-O-SW-22-北上出口-外埔,NFB-CR,0,1,5,2,120.703152,24.310845,000010,國道1號,0,160K+600,台中系統交流道,后里交流道,0000101136020B,NW,N,2,2
VD-N1-N-160.855-N-LOOP,NFB-CR,0,1,5,1,120.701387,24.311793,000010,國道1號,0,160K+855,台中系統交流道,后里交流道,0000100116040B,NE,N,3,3
VD-N1-N-163.209-M-后里北地磅,NFB-CR,0,1,5,2,120.695519,24.291747,000010,國道1號,0,163K+209,台中系統交流道,后里交流道,0000100116300B,N,N,1,1
VD-N1-N-163.450-M-RS,NFB-CR,0,2,1,1,120.695187,24.289304,000010,國道1號,0,163K+450,台中系統交流道,后里交流道,0000100116300B,N,N,3,3
VD-N1-N-165.430-N-LOOP,NFB-CR,0,1,5,1,120.693067,24.27135,000010,國道1號,0,165K+430,台中系統交流道,后里交流道,0000100116520B,N,N,3,3
VD-N1-N-165.840-N-LOOP,NFB-CR,0,1,5,1,120.692634,24.26774,000010,國道1號,0,165K+840,豐原交流道,台中系統交流道,0000100116520B,N,N,3,3
VD-N1-N-166.520-M-LOOP,NFB-CR,0,1,5,1,120.691905,24.261448,000010,國道1號,0,166K+520,豐原交流道,台中系統交流道,0000100116620B,N,N,4,4
VD-N1-N-167.250-M-RS,NFB-CR,0,2,1,1,120.691116,24.254996,000010,國道1號,0,167K+250,豐原交流道,台中系統交流道,0000100116700B,N,N,4,4
VD-N1-N-167.720-N-LOOP,NFB-CR,0,1,5,1,120.690588,24.250861,000010,國道1號,0,167K+720,豐原交流道,台中系統交流道,0000100116750B,N,N,3,3
VD-N1-T-168-A-E-1-入口,NFB-CR,0,1,5,2,120.691733,24.251424,000010,國道1號,0,168K+100,大雅系統交流道,豐原交流道,0000101038000B,E,N,2,2
VD-N1-N-168-I-EN-1-北上入口,NFB-CR,0,1,5,2,120.691149,24.252415,000010,國道1號,0,168K+100,大雅系統交流道,豐原交流道,0000101138060B,N,N,1,1
VD-N1-N-168-O-SE-21-北上出口-豐原,NFB-CR,0,1,5,2,120.690868,24.247618,000010,國道1號,0,168K+100,大雅系統交流道,豐原交流道,0000101138010B,NE,N,1,1
VD-N1-N-168-O-SW-22-北上出口-神岡,NFB-CR,0,1,5,2,120.691184,24.250349,000010,國道1號,0,168K+100,大雅系統交流道,豐原交流道,0000101138020B,NE,N,1,1
VD-N1-N-168.180-N-LOOP,NFB-CR,0,1,5,1,120.69008,24.246819,000010,國道1號,0,168K+180,大雅系統交流道,豐原交流道,0000100116800B,N,N,3,3
VD-N1-N-169.120-M-LOOP,NFB-CR,0,1,5,1,120.688721,24.238423,000010,國道1號,0,169K+120,大雅系統交流道,豐原交流道,0000100116900B,N,N,4,4
VD-N1-N-170.025-M-LOOP,NFB-CR,0,1,5,1,120.686289,24.230833,000010,國道1號,0,170K+025,大雅系統交流道,豐原交流道,0000100117000B,NE,N,4,4
VD-N1-N-171.010-M-RS,NFB-CR,0,2,1,1,120.68198,24.222626,000010,國道1號,0,171K+010,大雅系統交流道,豐原交流道,0000100117100B,NE,N,4,4
VD-N1-N-171.990-M-LOOP,NFB-CR,0,1,5,1,120.675668,24.215966,000010,國道1號,0,171K+990,大雅系統交流道,豐原交流道,0000100117200B,NE,N,4,4
VD-N1-N-172.740-M-RS,NFB-CR,0,2,1,1,120.669695213876,24.211742355885,000010,國道1號,0,172K+740,大雅系統交流道,豐原交流道,0000100117200B,NE,N,4,4
VD-N1-N-173.000-N-LOOP,NFB-CR,0,1,5,1,120.66746472,24.21064643,000010,國道1號,0,173K+000,大雅系統交流道,豐原交流道,0000100117300B,NE,N,3,3
VD-N1-N-173-I-N-21-北上入口-大雅系統,NFB-CR,0,1,5,2,120.66495499,24.20935258,000010,國道1號,0,173K+200,大雅交流道,大雅系統交流道,0000100117300B,NE,N,1,1
VD-N1-N-173-I-WN-31-北上入口-大雅系統,NFB-CR,0,1,5,2,120.669514,24.201216,607891,國道1號,0,173K+200,大雅交流道,大雅系統交流道,6078910600040B,W,N,1,1
VD-N1-N-174.050-N-LOOP,NFB-CR,0,1,5,1,120.658172,24.20633,000010,國道1號,0,174K+050,大雅交流道,大雅系統交流道,0000100117400B,NE,N,4,4
VD-N1-N-174-I-WN-22X-北上入口2-大雅,NFB-CR,0,1,5,2,120.656066,24.204158,000010,國道1號,0,174K+200,台中交流道,大雅交流道,0000101140030B,W,N,1,1
VD-N1-N-174-I-EN-21X-北上入口2-台中,NFB-CR,0,1,5,2,120.657344,24.203546,000010,國道1號,0,174K+200,台中交流道,大雅交流道,0000101140070B,NE,N,2,2
VD-N1-N-174-I-EN-21-北上入口1-台中,NFB-CR,0,1,5,2,120.658215,24.205079,000010,國道1號,0,174K+200,台中交流道,大雅交流道,0000101140070B,NE,N,2,2
VD-N1-N-174-I-WN-22-北上入口1-大雅,NFB-CR,0,1,5,2,120.657631,24.205846,000010,國道1號,0,174K+200,台中交流道,大雅交流道,0000101140060B,NE,N,1,1
VD-N1-N-174-O-SE-21-北上出口-台中,NFB-CR,0,1,5,2,120.655846,24.20411,000010,國道1號,0,174K+200,台中交流道,大雅交流道,0000101140010B,SE,N,2,2
VD-N1-N-174-O-SW-22-北上出口-大雅,NFB-CR,0,1,5,2,120.658079,24.205163,000010,國道1號,0,174K+200,台中交流道,大雅交流道,0000101140050B,SW,N,1,1
VD-N1-N-173-I-EN-22-北上入口-大雅系統,NFB-CR,0,1,5,2,120.665554,24.209497,605786,國道1號,0,174K+200,台中交流道,大雅交流道,6057860400000B,N,N,1,1
VD-N1-N-173-I-EN-32-北上入口-大雅系統,NFB-CR,0,1,5,2,120.6617532,24.200931,100740,國道1號,0,174K+200,台中交流道,大雅交流道,1007400001440B,E,N,1,1
VD-N1-N-174.520-N-LOOP,NFB-CR,0,1,5,1,120.65421,24.204396,000010,國道1號,0,174K+520,台中交流道,大雅交流道,0000100117400B,NE,N,3,3
VD-N1-N-176.090-M-LOOP,NFB-CR,0,1,5,1,120.642292,24.195441,000010,國道1號,0,176K+090,台中交流道,大雅交流道,0000100117600B,NE,N,4,4
VD-N1-N-177.060-M-RS,NFB-CR,0,2,1,1,120.637268,24.188043,000010,國道1號,0,177K+060,台中交流道,大雅交流道,0000100117700B,N,N,3,3
VD-N1-N-177.990-M-LOOP,NFB-CR,0,1,5,1,120.633997,24.180115,000010,國道1號,0,177K+990,台中交流道,大雅交流道,0000100117800B,NE,N,3,3
VD-N1-N-178.450-N-LOOP,NFB-CR,0,1,5,1,120.63173,24.176073,000010,國道1號,0,178K+450,台中交流道,大雅交流道,0000100117830B,NE,N,3,3
VD-N1-N-178-O-SW-22X-北上出口2-沙鹿,NFB-CR,0,1,5,2,120.631101,24.176124,000010,國道1號,0,178K+600,南屯交流道,台中交流道,0000101141020B,N,N,1,1
VD-N1-N-178-I-WN-22X-北上入口2-沙鹿,NFB-CR,0,1,5,2,120.632824,24.174969,000010,國道1號,0,178K+600,南屯交流道,台中交流道,0000101141070B,E,N,1,1
VD-N1-N-178-I-WN-22-北上入口1-沙鹿,NFB-CR,0,1,5,2,120.632761,24.174772,000010,國道1號,0,178K+600,南屯交流道,台中交流道,0000101141070B,E,N,1,1
VD-N1-N-178-I-EN-21X-北上入口2-台中,NFB-CR,0,1,5,2,120.633033,24.174354,000010,國道1號,0,178K+600,南屯交流道,台中交流道,0000101141060B,N,N,1,1
VD-N1-N-178-I-EN-21-北上入口1-台中,NFB-CR,0,1,5,2,120.633022,24.174833,000010,國道1號,0,178K+600,南屯交流道,台中交流道,0000101141060B,N,N,1,1
VD-N1-N-178-O-SE-21-北上出口-台中,NFB-CR,0,1,5,2,120.630669,24.173547,000010,國道1號,0,178K+600,南屯交流道,台中交流道,0000101141010B,E,N,2,2
VD-N1-N-178-O-SW-22-北上出口1-沙鹿,NFB-CR,0,1,5,2,120.630344,24.173929,000010,國道1號,0,178K+600,南屯交流道,台中交流道,0000101141020B,N,N,1,1
VD-N1-N-178.990-N-LOOP,NFB-CR,0,1,5,1,120.629154,24.17295,000010,國道1號,0,178K+990,南屯交流道,台中交流道,0000100117830B,NE,N,3,3
VD-N1-N-179.605-M-LOOP,NFB-CR,0,1,5,1,120.624795,24.168249,000010,國道1號,0,179K+605,南屯交流道,台中交流道,0000100117930B,NE,N,4,4
VD-N1-N-180.025-M-RS,NFB-CR,0,2,1,1,120.622717,24.165068,000010,國道1號,0,180K+025,南屯交流道,台中交流道,0000100118000B,N,N,3,3
VD-N1-N-181.100-N-LOOP,NFB-CR,0,1,5,1,120.620299,24.156666,000010,國道1號,0,181K+100,南屯交流道,台中交流道,0000100118100B,N,N,3,3
VD-N1-N-181.400-N-LOOP,NFB-CR,0,1,5,1,120.620147,24.153103,000010,國道1號,0,181K+399,南屯交流道,台中交流道,0000100118100B,N,N,3,3
VD-N1-N-181-I-WN-22-北上入口1-龍井,NFB-CR,0,1,5,2,120.62017,24.153304,000010,國道1號,0,181K+400,王田交流道,南屯交流道,0000101142020B,N,N,1,1
VD-N1-N-181-I-EN-21-北上入口-台中,NFB-CR,0,1,5,2,120.620418,24.152687,000010,國道1號,0,181K+400,王田交流道,南屯交流道,0000101142010B,N,N,1,1
VD-N1-N-181-I-WN-22X-北上入口2-龍井,NFB-CR,0,1,5,2,120.621966,24.150238,000010,國道1號,0,181K+400,王田交流道,南屯交流道,0000101142020B,N,N,1,1
VD-N1-N-181-O-SE-1-北上出口,NFB-CR,0,1,5,2,120.619724,24.148717,000010,國道1號,0,181K+400,王田交流道,南屯交流道,0000101142000B,NE,N,2,2
VD-N1-N-181.880-N-LOOP,NFB-CR,0,1,5,1,120.619477,24.14828,000010,國道1號,0,181K+880,王田交流道,南屯交流道,0000100118100B,N,N,3,3
VD-N1-N-183.740-M-LOOP,NFB-CR,0,1,5,1,120.617465,24.131992,000010,國道1號,0,183K+740,王田交流道,南屯交流道,0000100118300B,N,N,4,4
VD-N1-N-184.690-M-RS,NFB-CR,0,2,1,1,120.616798,24.124524,000010,國道1號,0,184K+690,王田交流道,南屯交流道,0000100118400B,N,N,4,4
VD-N1-N-185.530-M-LOOP,NFB-CR,0,1,5,1,120.613214,24.116475,000010,國道1號,0,185K+530,王田交流道,南屯交流道,0000100118500B,NE,N,4,4
VD-N1-N-186.150-M-RS,NFB-CR,0,2,1,1,120.608721,24.11301,000010,國道1號,0,186K+150,王田交流道,南屯交流道,0000100118600B,E,N,3,3
VD-N1-N-187.340-M-RS,NFB-CR,0,2,1,1,120.59763,24.112901,000010,國道1號,0,187K+340,王田交流道,南屯交流道,0000100118700B,SE,N,4,4
VD-N1-N-188.390-N-LOOP,NFB-CR,0,1,5,1,120.588436,24.117689,000010,國道1號,0,188K+390,王田交流道,南屯交流道,0000100118800B,SE,N,3,3
VD-N1-N-188.940-N-LOOP,NFB-CR,0,1,5,1,120.583405,24.118748,000010,國道1號,0,188K+940,王田交流道,南屯交流道,0000100118900B,E,N,3,3
VD-N1-N-189-I-EN-1-北上入口-烏日,NFB-CR,0,1,5,2,120.584074,24.118387,000010,國道1號,0,189K+400,彰化系統交流道,王田交流道,0000101143110B,E,N,1,1
VD-N1-N-189-I-EN-1X-北上入口-烏日,NFB-CR,0,1,5,2,120.583468,24.118405,000010,國道1號,0,189K+400,彰化系統交流道,王田交流道,0000101143110B,E,N,1,1
VD-N1-T-189-A-W-1-出口-大肚,NFB-CR,0,1,5,2,120.58112,24.117401,000010,國道1號,0,189K+400,彰化系統交流道,王田交流道,0000101143010B,SE,N,1,1
VD-N1-N-189-O-SE-1-北上出口,NFB-CR,0,1,5,2,120.581976,24.118412,000010,國道1號,0,189K+400,彰化系統交流道,王田交流道,0000101143010B,SE,N,1,1
VD-N1-N-190.490-M-LOOP,NFB-CR,0,1,5,1,120.569466,24.11469,000010,國道1號,0,190K+490,彰化系統交流道,王田交流道,0000100119050B,NE,N,4,4
VD-N1-N-191.447-M-RS,NFB-CR,0,2,1,1,120.563545,24.107994,000010,國道1號,0,191K+447,彰化系統交流道,王田交流道,0000100119130N,NE,N,3,3
VD-N1-N-192-O-SW-1-北上出口,NFB-CR,0,1,5,2,120.552234,24.098324,000010,國道1號,0,191K+600,彰化系統交流道,王田交流道,0000101144000N,NE,N,2,2
VD-N1-N-192.560-N-LOOP,NFB-CR,0,1,5,1,120.55628,24.100485,000010,國道1號,0,192K+560,彰化系統交流道,王田交流道,0000100119220N,NE,N,3,3
VD-N1-N-194.550-M-RS,NFB-CR,0,2,1,1,120.53787,24.095171,000010,國道1號,0,194K+550,彰化交流道,彰化系統交流道,0000100119400N,NE,N,4,4
VD-N1-N-195.570-M-RS,NFB-CR,0,2,1,1,120.53059,24.088943,000010,國道1號,0,195K+570,彰化交流道,彰化系統交流道,0000100119500N,NE,N,4,4
VD-N1-N-196.630-M-RS,NFB-CR,0,2,1,1,120.525276,24.080772,000010,國道1號,0,196K+630,彰化交流道,彰化系統交流道,0000100119600N,NE,N,4,4
VD-N1-N-192-I-WN-1X-北上入口2,NFB-CR,0,1,5,2,120.554359,24.099963,000010,國道1號,0,196K+800,彰化交流道,彰化系統交流道,0000101144040N,E,N,1,1
VD-N1-N-192-I-WN-1-北上入口1,NFB-CR,0,1,5,2,120.55798,24.101461,000010,國道1號,0,196K+800,彰化交流道,彰化系統交流道,0000101144040N,E,N,1,1
VD-N1-N-197.470-M-RS,NFB-CR,0,2,1,1,120.523075,24.073735,000010,國道1號,0,197K+470,彰化交流道,彰化系統交流道,0000100119700N,N,N,4,4
VD-N1-N-198.085-N-LOOP,NFB-CR,0,1,5,1,120.52266,24.06799,000010,國道1號,0,198K+085,彰化交流道,彰化系統交流道,0000100119800N,N,N,3,3
VD-N1-N-198-I-WN-22X-北上入口2-鹿港,NFB-CR,0,1,5,2,120.523198,24.064566,000010,國道1號,0,198K+400,埔鹽系統交流道,彰化交流道,0000101145040N,N,N,1,1
VD-N1-N-198-I-EN-21X-北上入口2-彰化,NFB-CR,0,1,5,2,120.523253,24.066274,000010,國道1號,0,198K+400,埔鹽系統交流道,彰化交流道,0000101145030N,N,N,1,1
VD-N1-N-198-I-WN-22-北上入口1-鹿港,NFB-CR,0,1,5,2,120.522818,24.06764,000010,國道1號,0,198K+400,埔鹽系統交流道,彰化交流道,0000101145040N,N,N,1,1
VD-N1-N-198-I-EN-21-北上入口1-彰化,NFB-CR,0,1,5,2,120.522917,24.06775,000010,國道1號,0,198K+400,埔鹽系統交流道,彰化交流道,0000101145030N,N,N,1,1
VD-N1-N-198-O-SW-22-北上出口-鹿港,NFB-CR,0,1,5,2,120.52335,24.063578,000010,國道1號,0,198K+400,埔鹽系統交流道,彰化交流道,0000101145020N,N,N,1,1
VD-N1-N-198-O-SE-21-北上出口-彰化,NFB-CR,0,1,5,2,120.523527,24.063663,000010,國道1號,0,198K+400,埔鹽系統交流道,彰化交流道,0000101145010N,N,N,1,1
VD-N1-N-198.610-N-LOOP,NFB-CR,0,1,5,1,120.52302,24.063267,000010,國道1號,0,198K+610,埔鹽系統交流道,彰化交流道,0000100119800N,N,N,3,3
VD-N1-N-199.120-M-LOOP,NFB-CR,0,1,5,1,120.52349,24.058683,000010,國道1號,0,199K+120,埔鹽系統交流道,彰化交流道,0000100119920N,N,N,4,4
VD-N1-N-200.120-M-LOOP,NFB-CR,0,1,5,1,120.52393,24.049662,000010,國道1號,0,200K+120,埔鹽系統交流道,彰化交流道,0000100120000N,N,N,4,4
VD-N1-N-201.050-M-LOOP,NFB-CR,0,1,5,1,120.523026,24.041302,000010,國道1號,0,201K+050,埔鹽系統交流道,彰化交流道,0000100120100N,N,N,4,4
VD-N1-N-201.970-M-RS,NFB-CR,0,2,1,1,120.52088,24.033232,000010,國道1號,0,201K+970,埔鹽系統交流道,彰化交流道,0000100120100N,N,N,4,4
VD-N1-N-202.800-M-LOOP,NFB-CR,0,1,5,1,120.51827,24.026129,000010,國道1號,0,202K+800,埔鹽系統交流道,彰化交流道,0000100120200N,N,N,4,4
VD-N1-N-203.650-M-RS,NFB-CR,0,2,1,1,120.515699,24.018475,000010,國道1號,0,203K+650,埔鹽系統交流道,彰化交流道,0000100120300N,N,N,4,4
VD-N1-N-204.530-M-LOOP,NFB-CR,0,1,5,1,120.51389,24.01106,000010,國道1號,0,204K+530,埔鹽系統交流道,彰化交流道,0000100120400N,N,N,4,4
VD-N1-N-205.480-M-LOOP,NFB-CR,0,1,5,1,120.51195,24.002672,000010,國道1號,0,205K+480,埔鹽系統交流道,彰化交流道,0000100120500N,N,N,4,4
VD-N1-N-206.410-M-LOOP,NFB-CR,0,1,5,1,120.510001,23.994323,000010,國道1號,0,206K+410,埔鹽系統交流道,彰化交流道,0000100120600N,N,N,4,4
VD-N1-N-207.350-N-LOOP,NFB-CR,0,1,5,1,120.50808,23.986166,000010,國道1號,0,207K+350,埔鹽系統交流道,彰化交流道,0000100120700N,N,N,4,4
VD-N1-N-207-I-WN-22X-北上入口2-鹿港,NFB-CR,0,1,5,2,120.50636,23.983947,000010,國道1號,0,207K+700,員林交流道,埔鹽系統交流道,0000101146050N,SE,N,1,1
VD-N1-N-207-I-WN-22-北上入口1-鹿港,NFB-CR,0,1,5,2,120.507332,23.980856,000010,國道1號,0,207K+700,員林交流道,埔鹽系統交流道,0000101146060N,N,N,1,1
VD-N1-N-207-I-EN-21-北上入口1-員林,NFB-CR,0,1,5,2,120.508839,23.983386,000010,國道1號,0,207K+700,員林交流道,埔鹽系統交流道,0000101146040N,N,N,1,1
VD-N1-N-207-I-EN-21X-北上入口2-員林,NFB-CR,0,1,5,2,120.508336,23.985212,000010,國道1號,0,207K+700,員林交流道,埔鹽系統交流道,0000101146040N,N,N,1,1
VD-N1-N-207-O-SW-22-北上出口-鹿港,NFB-CR,0,1,5,2,120.508541,23.980606,000010,國道1號,0,207K+700,員林交流道,埔鹽系統交流道,0000101146020N,N,N,1,1
VD-N1-N-207-O-SE-21-北上出口-員林,NFB-CR,0,1,5,2,120.508795,23.980157,000010,國道1號,0,207K+700,員林交流道,埔鹽系統交流道,0000101146010N,E,N,1,1
VD-N1-N-207.790-N-LOOP,NFB-CR,0,1,5,1,120.507225,23.982277,000010,國道1號,0,207K+790,員林交流道,埔鹽系統交流道,0000100120700N,N,N,4,4
VD-N1-N-208.260-M-LOOP,NFB-CR,0,1,5,1,120.5066,23.978079,000010,國道1號,0,208K+260,員林交流道,埔鹽系統交流道,0000100120800N,N,N,5,5
VD-N1-N-210.180-M-RS,NFB-CR,0,2,1,1,120.506584,23.960773,000010,國道1號,0,210K+180,員林交流道,埔鹽系統交流道,0000100121000N,N,N,4,4
VD-N1-N-210.660-N-LOOP,NFB-CR,0,1,5,1,120.506619,23.956242,000010,國道1號,0,210K+660,員林交流道,埔鹽系統交流道,0000100121040N,N,N,3,3
VD-N1-N-211-I-EN-21-北上入口-員林,NFB-CR,0,1,5,2,120.508501,23.953462,000010,國道1號,0,211K+000,北斗交流道,員林交流道,0000101147040N,NW,N,1,1
VD-N1-N-211-I-WN-22-北上入口-員林,NFB-CR,0,1,5,2,120.507622,23.95286,000010,國道1號,0,211K+000,北斗交流道,員林交流道,0000101147050N,N,N,1,1
VD-N1-N-211-O-SE-2-北上出口-員林,NFB-CR,0,1,5,2,120.508363,23.953113,000010,國道1號,0,211K+000,北斗交流道,員林交流道,0000101147010N,NE,N,1,1
VD-N1-N-211-O-SE-1-北上出口-員林,NFB-CR,0,1,5,2,120.507144,23.951761,000010,國道1號,0,211K+000,北斗交流道,員林交流道,0000101147000N,NE,N,2,2
VD-N1-N-211.640-M-LOOP,NFB-CR,0,1,5,1,120.50576,23.94762,000010,國道1號,0,211K+640,北斗交流道,員林交流道,0000100121160N,N,N,3,3
VD-N1-N-212.590-M-LOOP,NFB-CR,0,1,5,1,120.50357,23.93914,000010,國道1號,0,212K+590,北斗交流道,員林交流道,0000100121200N,N,N,3,3
VD-N1-N-214.411-M-LOOP,NFB-CR,0,1,5,1,120.498085,23.923664,000010,國道1號,0,214K+411,北斗交流道,員林交流道,0000100121400N,N,N,4,4
VD-N1-N-216.600-M-RS,NFB-CR,0,2,1,1,120.497858,23.904048,000010,國道1號,0,216K+400,北斗交流道,員林交流道,0000100121600N,N,N,4,4
VD-N1-N-217.650-M-LOOP,NFB-CR,0,1,5,1,120.49065,23.876385,000010,國道1號,0,217K+650,北斗交流道,員林交流道,0000100121700N,N,N,3,3
VD-N1-N-218.699-M-員林北地磅,NFB-CR,0,1,5,2,120.492358,23.886018,000010,國道1號,0,218K+699,北斗交流道,員林交流道,0000100121800N,N,N,1,1
VD-N1-N-218.790-M-RS,NFB-CR,0,2,1,1,120.495334,23.89472,000010,國道1號,0,218K+790,北斗交流道,員林交流道,0000100121800N,N,N,4,4
VD-N1-N-219.750-N-LOOP,NFB-CR,0,1,5,1,120.49065,23.876385,000010,國道1號,0,219K+750,北斗交流道,員林交流道,0000100121960N,N,N,3,3
VD-N1-N-220-I-EN-1-北上入口-北斗,NFB-CR,0,1,5,2,120.491469,23.875084,000010,國道1號,0,220K+100,西螺服務區,北斗交流道,0000101148050N,SW,N,1,1
VD-N1-N-220-C-N-1-北上入口-北斗,NFB-CR,0,1,5,2,120.49097,23.874475,000010,國道1號,0,220K+100,西螺服務區,北斗交流道,0000101148040N,N,N,1,1
VD-N1-N-220-O-SE-1-北上出口-北斗,NFB-CR,0,1,5,2,120.490119,23.869827,000010,國道1號,0,220K+100,西螺服務區,北斗交流道,0000101148000N,N,N,1,1
VD-N1-N-220.740-M-LOOP,NFB-CR,0,1,5,1,120.48953,23.867867,000010,國道1號,0,220K+700,西螺服務區,北斗交流道,0000100122000N,N,N,3,3
VD-N1-N-222.540-M-LOOP,NFB-CR,0,1,5,1,120.485283,23.851838,000010,國道1號,0,222K+540,西螺服務區,北斗交流道,0000100122200N,N,N,3,3
VD-N1-N-224.539-M-LOOP,NFB-CR,0,1,5,1,120.48468,23.833763,000010,國道1號,0,224K+539,西螺服務區,北斗交流道,0000100122400N,N,N,4,4
VD-N1-N-226.640-M-RS,NFB-CR,0,2,1,1,120.485064,23.814679,000010,國道1號,0,226K+640,西螺服務區,北斗交流道,0000100122670N,N,N,4,4
VD-N1-N-228.634-M-LOOP,NFB-CR,0,1,5,1,120.481636,23.7971,000010,國道1號,0,228K+634,西螺服務區,北斗交流道,0000100122800P,N,N,4,4
VD-N1-N-229-R-EN-1-北上入口,NFB-CR,0,1,5,2,120.479638,23.790998,000010,國道1號,0,228K+800,西螺交流道,西螺服務區,0000101183000P,N,N,1,1
VD-N1-N-229.600-N-LOOP,NFB-CR,0,1,5,1,120.478427,23.788374,000010,國道1號,0,229K+600,西螺交流道,西螺服務區,0000100122940P,N,N,3,3
VD-N1-N-230.255-N-LOOP,NFB-CR,0,1,5,1,120.47607,23.783007,000010,國道1號,0,230K+295,西螺交流道,西螺服務區,0000100123030P,NE,N,3,3
VD-N1-N-230-I-WN-22-北上入口-西螺,NFB-CR,0,1,5,2,120.476498,23.779899,000010,國道1號,0,230K+500,虎尾交流道,西螺交流道,0000101149060P,NE,N,1,1
VD-N1-N-230-R-EN-2-北上出口,NFB-CR,0,1,5,2,120.476537,23.782761,000010,國道1號,0,230K+500,虎尾交流道,西螺交流道,0000101149080P,N,N,1,1
VD-N1-N-230-R-SE-2-北上出口,NFB-CR,0,1,5,2,120.473703,23.777339,000010,國道1號,0,230K+500,虎尾交流道,西螺交流道,0000101149020P,NE,N,1,1
VD-N1-N-230-I-EN-1-北上入口-西螺,NFB-CR,0,1,5,2,120.476465,23.78325,000010,國道1號,0,230K+500,虎尾交流道,西螺交流道,0000101149090P,N,N,1,1
VD-N1-N-230-I-EN-21-北上入口-西螺,NFB-CR,0,1,5,2,120.476634,23.779814,000010,國道1號,0,230K+500,虎尾交流道,西螺交流道,0000101149050P,N,N,1,1
VD-N1-N-230-R-EN-2-北上出口-西螺,NFB-CR,0,1,5,2,120.476374,23.779149,000010,國道1號,0,230K+500,虎尾交流道,西螺交流道,0000101149030P,NE,N,1,1
VD-N1-N-230-O-SE-2-北上出口-西螺,NFB-CR,0,1,5,2,120.474896,23.777611,000010,國道1號,0,230K+500,虎尾交流道,西螺交流道,0000101149010P,NE,N,1,1
VD-N1-N-231.850-M-LOOP,NFB-CR,0,1,5,1,120.470514,23.769713,000010,國道1號,0,231K+850,虎尾交流道,西螺交流道,0000100123150P,N,N,3,3
VD-N1-N-233.200-M-RS,NFB-CR,0,2,1,1,120.485064,23.814679,000010,國道1號,0,233K+200,虎尾交流道,西螺交流道,0000100122670N,N,N,3,3
VD-N1-N-234.550-M-LOOP,NFB-CR,0,1,5,1,120.467986,23.745927,000010,國道1號,0,234K+550,虎尾交流道,西螺交流道,0000100123400P,N,N,3,3
VD-N1-N-236-I-EN-21-北上入口-斗六,NFB-CR,0,1,5,2,120.471696,23.736031,000010,國道1號,0,236K+000,斗南交流道,虎尾交流道,0000101150030P,NW,N,1,1
VD-N1-N-236-I-WN-1-北上入口-虎尾,NFB-CR,0,1,5,2,120.470943,23.736787,000010,國道1號,0,236K+000,斗南交流道,虎尾交流道,0000101150040P,NW,N,1,1
VD-N1-N-236-O-SE-21-北上出口-斗六,NFB-CR,0,1,5,2,120.472292,23.735608,000010,國道1號,0,236K+000,斗南交流道,虎尾交流道,0000101150010P,NE,N,1,1
VD-N1-N-236-O-SW-1-北上出口-虎尾,NFB-CR,0,1,5,2,120.471676,23.73324,000010,國道1號,0,236K+000,斗南交流道,虎尾交流道,0000101150000P,N,N,2,2
VD-N1-N-236.020-N-LOOP,NFB-CR,0,1,5,1,120.471407,23.733223,000010,國道1號,0,236K+020,斗南交流道,虎尾交流道,0000100123600P,N,N,3,3
VD-N1-N-237.010-M-LOOP,NFB-CR,0,1,5,1,120.474563,23.724571,000010,國道1號,0,237K+010,斗南交流道,虎尾交流道,0000100123700P,N,N,3,3
VD-N1-N-238.500-M-RS,NFB-CR,0,2,1,1,120.4762,23.710971,000010,國道1號,0,238K+500,斗南交流道,虎尾交流道,0000100123800P,N,N,3,3
VD-N1-N-239.500-M-RS,NFB-CR,0,2,1,1,120.474868,23.702155,000010,國道1號,0,239K+500,斗南交流道,虎尾交流道,0000100123900P,N,N,3,3
VD-N1-N-240.450-N-LOOP,NFB-CR,0,1,5,1,120.472069,23.69412,000010,國道1號,0,240K+450,斗南交流道,虎尾交流道,0000100124030P,N,N,3,3
VD-N1-N-240-I-WN-1A-北上入口-斗南,NFB-CR,0,1,5,2,120.472431,23.692615,000010,國道1號,0,240K+600,雲林系統交流道,斗南交流道,0000101151040P,N,N,1,1
VD-N1-N-240-I-EN-1B-北上入口-斗南,NFB-CR,0,1,5,2,120.473193,23.693117,000010,國道1號,0,240K+600,雲林系統交流道,斗南交流道,0000101151030P,N,N,1,1
VD-N1-N-240-O-SE-1-北上出口-斗南,NFB-CR,0,1,5,2,120.47156,23.69136,000010,國道1號,0,240K+600,雲林系統交流道,斗南交流道,0000101151000P,NE,N,2,2
VD-N1-N-240-O-SE-2-北上出口-斗南,NFB-CR,0,1,5,2,120.473392,23.692617,000010,國道1號,0,240K+600,雲林系統交流道,斗南交流道,0000101151010P,NE,N,1,1
VD-N1-N-241.377-M-RS,NFB-CR,0,2,1,1,120.474868,23.702155,000010,國道1號,0,241K+377,雲林系統交流道,斗南交流道,0000100124120P,NE,N,4,4
VD-N1-N-242.300-M-RS,NFB-CR,0,2,1,1,120.468216,23.686703,000010,國道1號,0,242K+300,雲林系統交流道,斗南交流道,0000100124200P,NE,N,4,4
VD-N1-N-243.300-N-LOOP,NFB-CR,0,1,5,1,120.458435,23.671154,000010,國道1號,0,243K+350,雲林系統交流道,斗南交流道,0000100124320P,NE,N,3,3
VD-N1-N-243-I-EN-21-北上入口-雲林,NFB-CR,0,1,5,2,120.458475,23.667696,000010,國道1號,0,243K+800,大林交流道,雲林系統交流道,0000101152120P,N,N,1,1
VD-N1-N-243-I-WN-22-北上入口-雲林,NFB-CR,0,1,5,2,120.456216,23.66731,000010,國道1號,0,243K+800,大林交流道,雲林系統交流道,0000101152080P,NE,N,1,1
VD-N1-N-244.780-M-LOOP,NFB-CR,0,1,5,1,120.451802,23.65982,000010,國道1號,0,244K+780,大林交流道,雲林系統交流道,0000100124500P,NE,N,4,4
VD-N1-N-246.350-M-RS,NFB-CR,0,2,1,1,120.44575,23.646795,000010,國道1號,0,246K+350,大林交流道,雲林系統交流道,0000100124600P,N,N,4,4
VD-N1-N-247.091-M-斗南北地磅,NFB-CR,0,1,5,2,120.443395,23.640236,000010,國道1號,0,247K+091,大林交流道,雲林系統交流道,0000100124700P,N,N,1,1
VD-N1-N-247.700-M-RS,NFB-CR,0,2,1,1,120.441835,23.634964,000010,國道1號,0,247K+700,大林交流道,雲林系統交流道,0000100124700P,N,N,3,3
VD-N1-N-249.250-M-RS,NFB-CR,0,2,1,1,120.438781,23.621204,000010,國道1號,0,249K+250,大林交流道,雲林系統交流道,0000100124900Q,N,N,3,3
VD-N1-N-250.102-N-LOOP,NFB-CR,0,1,5,1,120.437446,23.61367,000010,國道1號,0,250K+102,大林交流道,雲林系統交流道,0000100125010Q,N,N,3,3
VD-N1-N-250-I-EN-21-北上入口-大林,NFB-CR,0,1,5,2,120.438049,23.61197,000010,國道1號,0,250K+300,民雄交流道,大林交流道,0000101153030Q,NW,N,1,1
VD-N1-N-250-I-WN-22-北上入口-大林,NFB-CR,0,1,5,2,120.437794,23.612088,000010,國道1號,0,250K+300,民雄交流道,大林交流道,0000101153040Q,N,N,1,1
VD-N1-N-250-O-SE-2-北上出口-大林,NFB-CR,0,1,5,2,120.437979,23.61155,000010,國道1號,0,250K+300,民雄交流道,大林交流道,0000101153050Q,N,N,1,1
VD-N1-N-250-O-SE-1-北上出口-大林,NFB-CR,0,1,5,2,120.437355,23.610504,000010,國道1號,0,250K+300,民雄交流道,大林交流道,0000101153000Q,N,N,2,2
VD-N3-S-111.746-M-RS,NFB-CR,0,2,1,1,120.89701,24.718681,000030,國道3號,0,111K+746,香山交流道,西濱交流道,0000300011100K,SW,S,4,4
VD-N3-S-113.519-M-LOOP,NFB-CR,0,1,5,1,120.883868,24.708385,000030,國道3號,0,113K+519,香山交流道,西濱交流道,0000300011300K,SW,S,3,3
VD-N3-S-115-O-NE-1-南下出口,NFB-CR,0,1,5,2,120.865852,24.701055,000030,國道3號,0,115K+000,西濱交流道,竹南交流道,0000301026000K,SW,S,1,1
VD-N3-S-116.400-M-RS,NFB-CR,0,2,1,1,120.85844,24.696908,000030,國道3號,0,116K+400,西濱交流道,竹南交流道,0000300011600K,SW,S,3,3
VD-N3-S-117.349-M-LOOP,NFB-CR,0,1,5,1,120.852098,24.690538,000030,國道3號,0,117K+349,西濱交流道,竹南交流道,0000300011700K,SW,S,3,3
VD-N3-S-119-I-WS-1-南下入口1,NFB-CR,0,1,5,2,120.847039,24.674184,000030,國道3號,0,119K+100,竹南交流道,大山交流道,0000301027050K,S,S,2,2
VD-N3-S-119-I-WS-1X-南下入口2,NFB-CR,0,1,5,2,120.846888,24.67515,000030,國道3號,0,119K+100,竹南交流道,大山交流道,0000301027050K,S,S,2,2
VD-N3-S-119-I-WS-21-南下入口-通霄,NFB-CR,0,1,5,2,120.84669,24.675755,000030,國道3號,0,119K+100,竹南交流道,大山交流道,0000301027030K,SE,S,1,1
VD-N3-S-119-O-NW-1-南下出口,NFB-CR,0,1,5,2,120.846836,24.677937,000030,國道3號,0,119K+100,竹南交流道,大山交流道,0000301027000K,S,S,1,1
VD-N3-S-119-O-NW-21-南下出口-通霄,NFB-CR,0,1,5,2,120.846787,24.676566,000030,國道3號,0,119K+100,竹南交流道,大山交流道,0000301027000K,S,S,1,1
VD-N3-S-120.963-M-RS,NFB-CR,0,2,1,1,120.84221,24.660127,000030,國道3號,0,120K+963,竹南交流道,大山交流道,0000300012000K,SW,S,3,3
VD-N3-S-121.728-M-RS,NFB-CR,0,2,1,1,120.837258,24.655129,000030,國道3號,0,121K+728,竹南交流道,大山交流道,0000300012100K,SW,S,3,3
VD-N3-S-121.896-M-後龍南地磅,NFB-CR,0,1,5,2,120.827463,24.645888,000030,國道3號,0,121K+896,竹南交流道,大山交流道,0000300112300K,NE,S,1,1
VD-N3-S-123.203-M-LOOP,NFB-CR,0,1,5,1,120.82694,24.645578,000030,國道3號,0,123K+203,竹南交流道,大山交流道,0000300012300K,SW,S,3,3
VD-N3-S-124.423-N-LOOP,NFB-CR,0,1,5,1,120.818645,24.63748,000030,國道3號,0,124K+423,竹南交流道,大山交流道,0000300012410K,SW,S,4,4
VD-N3-S-124-I-WS-21-南下入口-通霄,NFB-CR,0,1,5,2,120.81733,24.636737,000030,國道3號,0,124K+500,大山交流道,後龍交流道,0000301028030K,S,S,1,1
VD-N3-S-124-I-WS-1X-南下入口2,NFB-CR,0,1,5,2,120.816529,24.634814,000030,國道3號,0,124K+500,大山交流道,後龍交流道,0000301028050K,SW,S,1,1
VD-N3-S-124-I-WS-1-南下入口1,NFB-CR,0,1,5,2,120.816178,24.634154,000030,國道3號,0,124K+500,大山交流道,後龍交流道,0000301028050K,SW,S,1,1
VD-N3-S-124-O-NW-1-南下出口,NFB-CR,0,1,5,2,120.819101,24.63842,000030,國道3號,0,124K+500,大山交流道,後龍交流道,0000301028000K,SW,S,1,1
VD-N3-S-124-O-NW-21-南下出口-通霄,NFB-CR,0,1,5,2,120.817746,24.636857,000030,國道3號,0,124K+500,大山交流道,後龍交流道,0000301028010K,W,S,1,1
VD-N3-S-125.633-M-RS,NFB-CR,0,2,1,1,120.814053,24.627673,000030,國道3號,0,125K+633,大山交流道,後龍交流道,0000300012520K,S,S,3,3
VD-N3-S-127.696-M-LOOP,NFB-CR,0,1,5,1,120.805385,24.611347,000030,國道3號,0,127K+696,大山交流道,後龍交流道,0000300012700K,SW,S,3,3
VD-N3-S-129.653-N-LOOP,NFB-CR,0,1,5,1,120.789269,24.602004,000030,國道3號,0,129K+653,大山交流道,後龍交流道,0000300012960K,SW,S,3,3
VD-N3-S-129.913-N-LOOP,NFB-CR,0,1,5,1,120.787562,24.600042,000030,國道3號,0,129K+912,大山交流道,後龍交流道,0000300012960K,SW,S,3,3
VD-N3-S-130-I-WS-21-南下入口-後龍通霄,NFB-CR,0,1,5,2,120.785223,24.598026,000030,國道3號,0,130K+200,後龍交流道,西湖服務區,0000301029030K,S,S,1,1
VD-N3-S-130-I-WS-1X-南下入口2,NFB-CR,0,1,5,2,120.784899,24.597308,000030,國道3號,0,130K+200,後龍交流道,西湖服務區,0000301029050K,SW,S,2,2
VD-N3-S-130-I-WS-1-南下入口1,NFB-CR,0,1,5,2,120.783998,24.596048,000030,國道3號,0,130K+200,後龍交流道,西湖服務區,0000301029050K,SW,S,2,2
VD-N3-S-130-O-NW-1-南下出口,NFB-CR,0,1,5,2,120.787533,24.600459,000030,國道3號,0,130K+200,後龍交流道,西湖服務區,0000301029000K,SW,S,1,1
VD-N3-S-130-O-NW-21-南下出口-後龍通霄,NFB-CR,0,1,5,2,120.785596,24.598362,000030,國道3號,0,130K+200,後龍交流道,西湖服務區,0000301029010K,W,S,1,1
VD-N3-S-131.953-M-LOOP,NFB-CR,0,1,5,1,120.772793,24.587892,000030,國道3號,0,131K+953,後龍交流道,西湖服務區,0000300013100K,SW,S,4,4
VD-N3-S-133.806-M-RS,NFB-CR,0,2,1,1,120.762528,24.574556,000030,國道3號,0,133K+806,後龍交流道,西湖服務區,0000300013300K,S,S,3,3
VD-N3-S-134-R-WS-21-平面南下入口,NFB-CR,0,1,5,2,120.758396,24.564517,000030,國道3號,0,134K+800,西湖服務區,通霄交流道,0000301083010K,SW,S,1,1
VD-N3-S-134-R-NW-1-南下出口,NFB-CR,0,1,5,2,120.760539,24.567479,000030,國道3號,0,134K+800,西湖服務區,通霄交流道,0000301083000K,S,S,1,1
VD-N3-S-134-R-WS-1-南下入口,NFB-CR,0,1,5,2,120.758592,24.563466,000030,國道3號,0,134K+800,西湖服務區,通霄交流道,0000301083010K,SW,S,1,1
VD-N3-S-135.002-N-LOOP,NFB-CR,0,1,5,1,120.759255,24.564152,000030,國道3號,0,135K+002,西湖服務區,通霄交流道,0000300013500K,SW,S,3,3
VD-N3-S-136.231-M-RS,NFB-CR,0,2,1,1,120.751817,24.555425,000030,國道3號,0,136K+231,西湖服務區,通霄交流道,0000300013600K,SW,S,3,3
VD-N3-S-138.721-M-RS,NFB-CR,0,2,1,1,120.73833,24.53676,000030,國道3號,0,138K+721,西湖服務區,通霄交流道,0000300013800K,SW,S,3,3
VD-N3-S-139.941-M-RS,NFB-CR,0,2,1,1,120.730399,24.528602,000030,國道3號,0,139K+941,西湖服務區,通霄交流道,0000300013900K,SW,S,3,3
VD-N3-S-141.256-M-RS,NFB-CR,0,2,1,1,120.723048,24.518918,000030,國道3號,0,141K+256,西湖服務區,通霄交流道,0000300014100K,SW,S,3,3
VD-N3-S-142.353-M-RS,NFB-CR,0,2,1,1,120.716967,24.51066,000030,國道3號,0,142K+353,西湖服務區,通霄交流道,0000300014200K,SW,S,3,3
VD-N3-S-143.471-M-LOOP,NFB-CR,0,1,5,1,120.709086,24.503664,000030,國道3號,0,143K+471,西湖服務區,通霄交流道,0000300014300K,SW,S,3,3
VD-N3-S-144-I-WS-1-南下入口1,NFB-CR,0,1,5,2,120.70411,24.493682,000030,國道3號,0,144K+300,通霄交流道,苑裡交流道,0000301030050K,S,S,2,2
VD-N3-S-144-I-WS-1X-南下入口2,NFB-CR,0,1,5,2,120.704456,24.495785,000030,國道3號,0,144K+300,通霄交流道,苑裡交流道,0000301030050K,S,S,2,2
VD-N3-S-144-I-WS-21-南下入口-通霄,NFB-CR,0,1,5,2,120.704403,24.496869,000030,國道3號,0,144K+300,通霄交流道,苑裡交流道,0000301030030K,SE,S,1,1
VD-N3-S-144-O-NW-1-南下出口,NFB-CR,0,1,5,2,120.705994,24.499873,000030,國道3號,0,144K+300,通霄交流道,苑裡交流道,0000301030000K,SW,S,1,1
VD-N3-S-144-O-NW-21-南下出口-通霄,NFB-CR,0,1,5,2,120.704698,24.497359,000030,國道3號,0,144K+300,通霄交流道,苑裡交流道,0000301030010K,SW,S,1,1
VD-N3-S-144.612-N-LOOP,NFB-CR,0,1,5,1,120.704505,24.494529,000030,國道3號,0,144K+611,通霄交流道,苑裡交流道,0000300014400K,S,S,3,3
VD-N3-S-145.594-M-RS,NFB-CR,0,2,1,1,120.701722,24.485967,000030,國道3號,0,145K+594,通霄交流道,苑裡交流道,0000300014510K,SW,S,3,3
VD-N3-S-146.784-M-RS,NFB-CR,0,2,1,1,120.693457,24.478579,000030,國道3號,0,146K+784,通霄交流道,苑裡交流道,0000300014600K,SW,S,3,3
VD-N3-S-148.738-M-LOOP,NFB-CR,0,1,5,1,120.680428,24.465922,000030,國道3號,0,148K+738,通霄交流道,苑裡交流道,0000300014800K,SW,S,3,3
VD-N3-S-150.456-M-RS,NFB-CR,0,2,1,1,120.678651,24.450645,000030,國道3號,0,150K+456,通霄交流道,苑裡交流道,0000300015000K,S,S,3,3
VD-N3-S-151.801-M-RS,NFB-CR,0,2,1,1,120.681998,24.438809,000030,國道3號,0,151K+801,通霄交流道,苑裡交流道,0000300015100K,S,S,3,3
VD-N3-S-152.800-M-RS,NFB-CR,0,2,1,1,120.68311,24.430224,000030,國道3號,0,152K+800,通霄交流道,苑裡交流道,0000300015200K,S,S,3,3
VD-N3-S-154.097-M-RS,NFB-CR,0,2,1,1,120.678296,24.419281,000030,國道3號,0,154K+097,通霄交流道,苑裡交流道,0000300015400K,SW,S,3,3
VD-N3-S-155.277-M-LOOP,NFB-CR,0,1,5,1,120.672762,24.409852,000030,國道3號,0,155K+277,通霄交流道,苑裡交流道,0000300015500K,S,S,3,3
VD-N3-S-156.535-N-LOOP,NFB-CR,0,1,5,1,120.669649,24.398866,000030,國道3號,0,156K+535,通霄交流道,苑裡交流道,0000300015620K,S,S,3,3
VD-N3-S-156-I-WS-1X-南下入口2,NFB-CR,0,1,5,2,120.668557,24.395318,000030,國道3號,0,156K+800,苑裡交流道,大甲交流道,0000301031050K,S,S,2,2
VD-N3-S-156-I-WS-1-南下入口1,NFB-CR,0,1,5,2,120.668453,24.393247,000030,國道3號,0,156K+800,苑裡交流道,大甲交流道,0000301031060B,S,S,2,2
VD-N3-S-156-I-WS-21-南下入口-苑裡,NFB-CR,0,1,5,2,120.668583,24.397004,000030,國道3號,0,156K+800,苑裡交流道,大甲交流道,0000301031030K,S,S,1,1
VD-N3-S-156-O-NW-1-南下出口,NFB-CR,0,1,5,2,120.669588,24.399353,000030,國道3號,0,156K+800,苑裡交流道,大甲交流道,0000301031000K,S,S,1,1
VD-N3-S-156-O-NW-21-南下出口-苑裡,NFB-CR,0,1,5,2,120.668744,24.39766,000030,國道3號,0,156K+800,苑裡交流道,大甲交流道,0000301031010K,W,S,1,1
VD-N3-S-157.761-M-RS,NFB-CR,0,2,1,1,120.667607,24.388002,000030,國道3號,0,157K+761,苑裡交流道,大甲交流道,0000300015750B,S,S,3,3
VD-N3-S-158.020-M-大甲南地磅,NFB-CR,0,1,5,2,120.667031,24.385632,000030,國道3號,0,158K+020,苑裡交流道,大甲交流道,0000300015800B,S,S,1,1
VD-N3-S-161.105-M-LOOP,NFB-CR,0,1,5,1,120.661492,24.358338,000030,國道3號,0,161K+105,苑裡交流道,大甲交流道,0000300016100B,S,S,3,3
VD-N3-S-162.640-M-RS,NFB-CR,0,2,1,1,120.655989,24.345658,000030,國道3號,0,162K+640,苑裡交流道,大甲交流道,0000300016200B,SW,S,3,3
VD-N3-S-163.511-M-LOOP,NFB-CR,0,1,5,1,120.649907,24.340081,000030,國道3號,0,163K+511,苑裡交流道,大甲交流道,0000300016300B,SW,S,3,3
VD-N3-S-164-I-WS-1-南下入口1,NFB-CR,0,1,5,2,120.639815,24.336369,000030,國道3號,0,164K+200,大甲交流道,中港系統交流道,0000301032050B,W,S,2,2
VD-N3-S-164-I-WS-1X-南下入口2,NFB-CR,0,1,5,2,120.641362,24.336985,000030,國道3號,0,164K+200,大甲交流道,中港系統交流道,0000301032050B,W,S,2,2
VD-N3-S-164-I-WS-21-南下入口-大甲,NFB-CR,0,1,5,2,120.642018,24.337643,000030,國道3號,0,164K+200,大甲交流道,中港系統交流道,0000301032030B,S,S,1,1
VD-N3-S-164-O-NE-22-南下出口-外埔,NFB-CR,0,1,5,2,120.643972,24.337804,000030,國道3號,0,164K+200,大甲交流道,中港系統交流道,0000301032020B,SW,S,1,1
VD-N3-S-164-O-NW-21-南下出口-大甲,NFB-CR,0,1,5,2,120.644053,24.337976,000030,國道3號,0,164K+200,大甲交流道,中港系統交流道,0000301032010B,W,S,1,1
VD-N3-S-164.611-N-LOOP,NFB-CR,0,1,5,1,120.640005,24.336231,000030,國道3號,0,164K+611,大甲交流道,中港系統交流道,0000300016400B,W,S,3,3
VD-N3-S-166.681-M-RS,NFB-CR,0,2,1,1,120.623839,24.325453,000030,國道3號,0,166K+681,大甲交流道,中港系統交流道,0000300016600B,SW,S,3,3
VD-N3-S-167.600-M-LOOP,NFB-CR,0,1,5,1,120.620161,24.317782,000030,國道3號,0,167K+600,大甲交流道,中港系統交流道,0000300016700B,S,S,4,4
VD-N3-S-168.540-N-LOOP,NFB-CR,0,1,5,1,120.616022,24.310283,000030,國道3號,0,168K+540,大甲交流道,中港系統交流道,0000300016830B,SW,S,3,3
VD-N3-S-169.420-N-LOOP,NFB-CR,0,1,5,1,120.610555,24.305281,000030,國道3號,0,169K+420,中港系統交流道,清水服務區,0000300016900B,SW,S,3,3
VD-N3-S-170.478-M-RS,NFB-CR,0,2,1,1,120.603113,24.297752,000030,國道3號,0,170K+478,中港系統交流道,清水服務區,0000300017000B,SW,S,4,4
VD-N3-S-171.470-M-RS,NFB-CR,0,2,1,1,120.60147,24.288973,000030,國道3號,0,171K+470,中港系統交流道,清水服務區,0000300017100B,S,S,4,4
VD-N3-S-172.270-N-LOOP,NFB-CR,0,1,5,1,120.599489,24.282529,000030,國道3號,0,172K+270,中港系統交流道,清水服務區,0000300017200B,SW,S,4,4
VD-N3-S-172-R-ES-1-南下入口,NFB-CR,0,1,5,2,120.598095,24.281966,000030,國道3號,0,172K+400,清水服務區,沙鹿交流道,0000301084010B,NW,S,1,1
VD-N3-S-172-R-EN-1-南下出口,NFB-CR,0,1,5,2,120.599378,24.283203,000030,國道3號,0,172K+400,清水服務區,沙鹿交流道,0000301084000B,S,S,1,1
VD-N3-S-172.710-M-RS,NFB-CR,0,2,1,1,120.59673,24.278813,000030,國道3號,0,172K+710,清水服務區,沙鹿交流道,0000300017260B,SW,S,5,5
VD-N3-S-173.834-M-RS,NFB-CR,0,2,1,1,120.590997,24.270033,000030,國道3號,0,173K+834,清水服務區,沙鹿交流道,0000300017300B,SW,S,3,3
VD-N3-S-174.997-M-LOOP,NFB-CR,0,1,5,1,120.588516,24.25998,000030,國道3號,0,174K+997,清水服務區,沙鹿交流道,0000300017500B,S,S,3,3
VD-N3-S-176.027-N-LOOP,NFB-CR,0,1,5,1,120.590069,24.250778,000030,國道3號,0,176K+027,清水服務區,沙鹿交流道,0000300017600B,S,S,3,3
VD-N3-S-176-I-WS-21-南下入口-沙鹿,NFB-CR,0,1,5,2,120.589368,24.249642,000030,國道3號,0,176K+100,沙鹿交流道,龍井交流道,0000301034050B,E,S,1,1
VD-N3-S-176-I-WS-1X-南下入口2,NFB-CR,0,1,5,2,120.591077,24.247365,000030,國道3號,0,176K+100,沙鹿交流道,龍井交流道,0000301034060B,SE,S,2,2
VD-N3-S-176-I-WS-1-南下入口1,NFB-CR,0,1,5,2,120.591664,24.24647,000030,國道3號,0,176K+100,沙鹿交流道,龍井交流道,0000301034060B,SE,S,2,2
VD-N3-S-176-O-NW-1-南下出口,NFB-CR,0,1,5,2,120.588895,24.252899,000030,國道3號,0,176K+100,沙鹿交流道,龍井交流道,0000301034000B,S,S,1,1
VD-N3-S-176-O-NW-21-南下出口-沙鹿,NFB-CR,0,1,5,2,120.5887,24.250532,000030,國道3號,0,176K+100,沙鹿交流道,龍井交流道,0000301034010B,SW,S,1,1
VD-N3-S-177.160-M-RS,NFB-CR,0,2,1,1,120.593688,24.241239,000030,國道3號,0,177K+160,沙鹿交流道,龍井交流道,0000300017700B,S,S,5,5
VD-N3-S-178.320-M-RS,NFB-CR,0,2,1,1,120.591802,24.231034,000030,國道3號,0,178K+320,沙鹿交流道,龍井交流道,0000300017800B,SW,S,4,4
VD-N3-S-179.372-M-RS,NFB-CR,0,2,1,1,120.5869,24.222713,000030,國道3號,0,179K+372,沙鹿交流道,龍井交流道,0000300017900B,S,S,3,3
VD-N3-S-180.417-M-LOOP,NFB-CR,0,1,5,1,120.583936,24.213652,000030,國道3號,0,180K+417,沙鹿交流道,龍井交流道,0000300018000B,S,S,3,3
VD-N3-S-182.647-N-LOOP,NFB-CR,0,1,5,1,120.57334,24.196231,000030,國道3號,0,182K+647,沙鹿交流道,龍井交流道,0000300018240B,SW,S,3,3
VD-N3-S-182-I-WS-21X-南下入口2-龍井,NFB-CR,0,1,5,2,120.571208,24.196537,000030,國道3號,0,182K+800,龍井交流道,和美交流道,0000301035070B,S,S,1,1
VD-N3-S-182-I-ES-22X-南下入口2-台中,NFB-CR,0,1,5,2,120.572135,24.197037,000030,國道3號,0,182K+800,龍井交流道,和美交流道,0000301035030B,E,S,1,1
VD-N3-S-182-I-ES-22-南下入口1-台中,NFB-CR,0,1,5,2,120.57294,24.19723,000030,國道3號,0,182K+800,龍井交流道,和美交流道,0000301035030B,E,S,1,1
VD-N3-S-182-O-NW-21-南下出口-龍井,NFB-CR,0,1,5,2,120.573039,24.197374,000030,國道3號,0,182K+800,龍井交流道,和美交流道,0000301035010B,W,S,1,1
VD-N3-S-182-I-WS-21-南下入口1-龍井,NFB-CR,0,1,5,2,120.570392,24.194903,000030,國道3號,0,182K+800,龍井交流道,和美交流道,0000301035070B,S,S,1,1
VD-N3-S-182-O-NE-22-南下出口-台中,NFB-CR,0,1,5,2,120.570562,24.195497,000030,國道3號,0,182K+800,龍井交流道,和美交流道,0000301035050B,NE,S,1,1
VD-N3-S-183.832-M-RS,NFB-CR,0,2,1,1,120.563331,24.191268,000030,國道3號,0,183K+832,龍井交流道,和美交流道,0000300018370B,W,S,3,3
VD-N3-S-184.846-M-RS,NFB-CR,0,2,1,1,120.554337,24.187491,000030,國道3號,0,184K+846,龍井交流道,和美交流道,0000300018400B,SW,S,3,3
VD-N3-S-185.960-M-RS,NFB-CR,0,2,1,1,120.548655,24.178608,000030,國道3號,0,185K+960,龍井交流道,和美交流道,0000300018500B,SW,S,3,3
VD-N3-S-187.112-M-RS,NFB-CR,0,2,1,1,120.540508,24.172228,000030,國道3號,0,187K+112,龍井交流道,和美交流道,0000300018700B,SW,S,3,3
VD-N3-S-188.515-M-RS,NFB-CR,0,2,1,1,120.530515,24.163639,000030,國道3號,0,188K+515,龍井交流道,和美交流道,0000300018800B,SW,S,3,3
VD-N3-S-189.722-M-RS,NFB-CR,0,2,1,1,120.522304,24.155849,000030,國道3號,0,189K+722,龍井交流道,和美交流道,0000300018900B,SW,S,3,3
VD-N3-S-190.877-M-LOOP,NFB-CR,0,1,5,1,120.519153,24.146515,000030,國道3號,0,190K+877,龍井交流道,和美交流道,0000300019000N,S,S,4,4
VD-N3-S-191-I-ES-21X-南下入口2-和美,NFB-CR,0,1,5,2,120.5219,24.137623,000030,國道3號,0,191K+600,和美交流道,彰化系統交流道,0000301036090N,NW,S,1,1
VD-N3-S-191-I-WS-22-南下入口1-龍井,NFB-CR,0,1,5,2,120.51801,24.14035,000030,國道3號,0,191K+600,和美交流道,彰化系統交流道,0000301036070N,SE,S,1,1
VD-N3-S-191-I-WS-22-南下入口-龍井,NFB-CR,0,1,5,2,120.520534,24.138292,000030,國道3號,0,191K+600,和美交流道,彰化系統交流道,0000301036070N,SE,S,1,1
VD-N3-S-191-I-ES-21-南下入口1-和美,NFB-CR,0,1,5,2,120.520435,24.137947,000030,國道3號,0,191K+600,和美交流道,彰化系統交流道,0000301036090N,NW,S,1,1
VD-N3-S-191-O-NW-22-南下出口-龍井,NFB-CR,0,1,5,2,120.519558,24.140521,000030,國道3號,0,191K+600,和美交流道,彰化系統交流道,0000301036010N,N,S,1,1
VD-N3-S-191-O-NE-21-南下出口-和美,NFB-CR,0,1,5,2,120.520496,24.140365,000030,國道3號,0,191K+600,和美交流道,彰化系統交流道,0000301036020N,SE,S,1,1
VD-N1-S-192-O-NW-1-南下出口,NFB-CR,0,1,5,2,120.555451,24.101007,000010,國道3號,0,191K+600,和美交流道,彰化系統交流道,0000101044000N,W,S,1,1
VD-N3-S-191.982-N-LOOP,NFB-CR,0,1,5,1,120.52277,24.136659,000030,國道3號,0,191K+982,和美交流道,彰化系統交流道,0000300019200N,SE,S,3,3
VD-N3-S-193.092-M-RS,NFB-CR,0,2,1,1,120.527844,24.127788,000030,國道3號,0,193K+092,和美交流道,彰化系統交流道,0000300019300N,SE,S,3,3
VD-N3-S-194.330-M-RS,NFB-CR,0,2,1,1,120.535955,24.119485,000030,國道3號,0,194K+330,和美交流道,彰化系統交流道,0000300019400N,SE,S,3,3
VD-N3-S-196.620-N-LOOP,NFB-CR,0,1,5,1,120.55362,24.10726,000030,國道3號,0,196K+620,和美交流道,彰化系統交流道,0000300019640N,E,S,3,3
VD-N1-S-192-I-ES-1X-南下入口2,NFB-CR,0,1,5,2,120.553442,24.100765,000010,國道3號,0,196K+800,彰化系統交流道,快官交流道,0000101044040N,SW,S,2,2
VD-N3-S-196-I-NS-1-南下入口-快官,NFB-CR,0,1,5,2,120.55483,24.105785,000030,國道3號,0,196K+800,彰化系統交流道,快官交流道,0000301037070N,E,S,2,2
VD-N1-S-192-I-ES-1-南下入口1,NFB-CR,0,1,5,2,120.551051,24.098769,000010,國道3號,0,196K+800,彰化系統交流道,快官交流道,0000101044040N,SW,S,2,2
VD-N3-S-196-I-WS-1X-南下入口2,NFB-CR,0,1,5,2,120.557822,24.105957,000030,國道3號,0,196K+800,彰化系統交流道,快官交流道,0000301037070N,E,S,2,2
VD-N3-S-196-O-NW-1-南下出口,NFB-CR,0,1,5,2,120.552653,24.107396,000030,國道3號,0,196K+800,彰化系統交流道,快官交流道,0000301037000N,SE,S,2,2
VD-N1-S-192-C-S-1-入口-集散道,NFB-CR,0,1,5,2,120.553847,24.103029,000010,國道3號,0,196K+800,彰化系統交流道,快官交流道,0000101044010N,N,S,3,3
VD-N3-S-197.742-M-RS,NFB-CR,0,2,1,1,120.564701,24.105305,000030,國道3號,0,197K+742,彰化系統交流道,快官交流道,0000300019760N,E,S,4,4
VD-N3-S-198.710-M-LOOP,NFB-CR,0,1,5,1,120.573988,24.103978,000030,國道3號,0,198K+710,彰化系統交流道,快官交流道,0000300019800N,E,S,3,3
VD-N3-S-199.662-M-LOOP,NFB-CR,0,1,5,1,120.582582,24.100729,000030,國道3號,0,199K+662,彰化系統交流道,快官交流道,0000300019900N,SE,S,3,3
VD-N3-S-200.582-M-LOOP,NFB-CR,0,1,5,1,120.591004,24.098622,000030,國道3號,0,200K+582,彰化系統交流道,快官交流道,0000300020000N,E,S,4,4
VD-N3-S-201.532-N-LOOP,NFB-CR,0,1,5,1,120.599861,24.095208,000030,國道3號,0,201K+532,彰化系統交流道,快官交流道,0000300020120N,SE,S,3,3
VD-N3-S-201.972-N-LOOP,NFB-CR,0,1,5,1,120.603145,24.092571,000030,國道3號,0,201K+972,彰化系統交流道,快官交流道,0000300020200N,SE,S,3,3
VD-N3-S-202-I-ES-21-南下入口1-台中,NFB-CR,0,1,5,2,120.604701,24.090383,000030,國道3號,0,202K+100,快官交流道,烏日交流道,0000301038070N,SE,S,1,1
VD-N3-S-202-I-WS-22-南下入口1-彰化,NFB-CR,0,1,5,2,120.605231,24.090513,000030,國道3號,0,202K+100,快官交流道,烏日交流道,0000301038100N,E,S,1,1
VD-N3-S-202-I-WS-22X-南下入口2-彰化,NFB-CR,0,1,5,2,120.603685,24.090975,000030,國道3號,0,202K+100,快官交流道,烏日交流道,0000301038100N,E,S,1,1
VD-N3-S-202-I-ES-21X-南下入口2-台中,NFB-CR,0,1,5,2,120.60231,24.091694,000030,國道3號,0,202K+100,快官交流道,烏日交流道,0000301038070N,SE,S,1,1
VD-N3-S-202-O-EW-0-南下出口-彰化,NFB-CR,0,1,5,2,120.605076,24.09018,000030,國道3號,0,202K+100,快官交流道,烏日交流道,0000301038070N,SE,S,1,1
VD-N3-S-202-O-NW-22-南下出口-彰化,NFB-CR,0,1,5,2,120.601587,24.093737,000030,國道3號,0,202K+100,快官交流道,烏日交流道,0000301038020N,SE,S,1,1
VD-N3-S-202-O-NE-21-南下出口-台中,NFB-CR,0,1,5,2,120.601333,24.093513,000030,國道3號,0,202K+100,快官交流道,烏日交流道,0000301038010N,SE,S,2,2
VD-N3-S-202-O-WE-0-南下出口-彰化,NFB-CR,0,1,5,2,120.601782,24.092126,000030,國道3號,0,202K+100,快官交流道,烏日交流道,0000301038060N,S,S,1,1
VD-N3-S-202.472-N-LOOP,NFB-CR,0,1,5,1,120.60678,24.089415,000030,國道3號,0,202K+472,快官交流道,烏日交流道,0000300020200N,SE,S,3,3
VD-N3-S-203.669-M-RS,NFB-CR,0,2,1,1,120.616315,24.083502,000030,國道3號,0,203K+669,快官交流道,烏日交流道,0000300020330N,SE,S,3,3
VD-N3-S-204.581-M-LOOP,NFB-CR,0,1,5,1,120.625144,24.082338,000030,國道3號,0,204K+581,快官交流道,烏日交流道,0000300020400B,E,S,3,3
VD-N3-S-206.591-M-LOOP,NFB-CR,0,1,5,1,120.639473,24.070389,000030,國道3號,0,206K+591,快官交流道,烏日交流道,0000300020600B,SE,S,3,3
VD-N3-S-207.051-N-LOOP,NFB-CR,0,1,5,1,120.64365,24.068709,000030,國道3號,0,207K+051,快官交流道,烏日交流道,0000300020700B,E,S,3,3
VD-N3-S-207-I-WS-31-南下入口2-縣道127,NFB-CR,0,1,5,2,120.646395,24.066663,000030,國道3號,0,207K+300,烏日交流道,中投交流道,0000301039030B,NE,S,1,1
VD-N3-S-207-I-WS-22-南下入口-烏日,NFB-CR,0,1,5,2,120.646902,24.067307,000030,國道3號,0,207K+300,烏日交流道,中投交流道,0000301039030B,NE,S,1,1
VD-N3-S-207-I-ES-21X-南下入口2-台中,NFB-CR,0,1,5,2,120.644833,24.068969,000030,國道3號,0,207K+300,烏日交流道,中投交流道,0000301039040B,SE,S,2,2
VD-N3-S-207-I-ES-21-南下入口1-台中,NFB-CR,0,1,5,2,120.646734,24.067532,000030,國道3號,0,207K+300,烏日交流道,中投交流道,0000301039040B,SE,S,2,2
VD-N3-S-207-O-NW-1-南下出口,NFB-CR,0,1,5,2,120.643428,24.068364,000030,國道3號,0,207K+300,烏日交流道,中投交流道,0000301039000B,SE,S,1,1
VD-N3-S-207-O-NW-21-南下出口-烏日,NFB-CR,0,1,5,2,120.645766,24.067101,000030,國道3號,0,207K+300,烏日交流道,中投交流道,0000301039010B,SE,S,1,1
VD-N3-S-207.541-N-LOOP,NFB-CR,0,1,5,1,120.64833,24.068018,000030,國道3號,0,207K+541,烏日交流道,中投交流道,0000300020700B,E,S,3,3
VD-N3-S-207.902-M-RS,NFB-CR,0,2,1,1,120.652003,24.067756,000030,國道3號,0,207K+902,烏日交流道,中投交流道,0000301039050B,E,S,4,4
VD-N3-S-207.992-M-LOOP,NFB-CR,0,1,5,1,120.652226,24.067742,000030,國道3號,0,207K+992,烏日交流道,中投交流道,0000300020800B,E,S,4,4
VD-N3-S-208.691-N-LOOP,NFB-CR,0,1,5,1,120.659549,24.066355,000030,國道3號,0,208K+691,烏日交流道,中投交流道,0000300020850B,E,S,3,3
VD-N3-S-209-I-WS-1X-南下入口2,NFB-CR,0,1,5,2,120.663448,24.064202,000030,國道3號,0,209K+000,中投交流道,霧峰交流道,0000301040010B,E,S,2,2
VD-N3-S-209-I-WS-1-南下入口1,NFB-CR,0,1,5,2,120.666292,24.063499,000030,國道3號,0,209K+000,中投交流道,霧峰交流道,0000301040010B,E,S,2,2
VD-N3-S-209-O-NW-1-南下出口,NFB-CR,0,1,5,2,120.658572,24.066547,000030,國道3號,0,209K+000,中投交流道,霧峰交流道,0000301040000B,E,S,1,1
VD-N3-S-209.101-N-LOOP,NFB-CR,0,1,5,1,120.662512,24.065368,000030,國道3號,0,209K+101,中投交流道,霧峰交流道,0000300020900B,SE,S,3,3
VD-N3-S-209.809-M-LOOP,NFB-CR,0,1,5,1,120.669337,24.061853,000030,國道3號,0,209K+809,中投交流道,霧峰交流道,0000300021000B,SE,S,4,4
VD-N3-S-210.254-M-LOOP,NFB-CR,0,1,5,1,120.672618,24.059382,000030,國道3號,0,210K+254,中投交流道,霧峰交流道,0000300021000B,SE,S,3,3
VD-N3-S-211-I-ES-1-南下入口,NFB-CR,0,1,5,2,120.678546,24.04892,000030,國道3號,0,211K+300,霧峰交流道,霧峰系統交流道,0000301041040B,SW,S,1,1
VD-N3-S-211-I-ES-1-南向入口-霧峰交流道,NFB-CR,0,1,5,2,120.681255,24.051714,000030,國道3號,0,211K+300,霧峰交流道,霧峰系統交流道,0000301041040B,SW,S,1,1
VD-N3-S-211-O-NE-1-南下出口,NFB-CR,0,1,5,2,120.676152,24.055158,000030,國道3號,0,211K+300,霧峰交流道,霧峰系統交流道,0000301041000B,SE,S,2,2
VD-N3-S-211.391-N-LOOP,NFB-CR,0,1,5,1,120.678458,24.050861,000030,國道3號,0,211K+391,霧峰交流道,霧峰系統交流道,0000300021100B,S,S,3,3
VD-N3-S-211.590-N-LOOP,NFB-CR,0,1,5,1,120.67885,24.049082,000030,國道3號,0,211K+590,霧峰交流道,霧峰系統交流道,0000300021100B,S,S,3,3
VD-N3-S-212.151-N-LOOP,NFB-CR,0,1,5,1,120.678756,24.044013,000030,國道3號,0,212K+151,霧峰交流道,霧峰系統交流道,0000300021200B,S,S,3,3
VD-N3-S-212.864-M-RS,NFB-CR,0,2,1,1,120.676295,24.038035,000030,國道3號,0,212K+864,霧峰交流道,霧峰系統交流道,0000300021250B,S,S,5,5
VD-N3-S-213.576-M-LOOP,NFB-CR,0,1,5,1,120.672571,24.032674,000030,國道3號,0,213K+576,霧峰交流道,霧峰系統交流道,0000300021300B,SW,S,5,5
VD-N3-S-214.314-N-LOOP,NFB-CR,0,1,5,1,120.668509,24.027166,000030,國道3號,0,214K+314,霧峰系統交流道,草屯交流道,0000300021410B,SW,S,4,4
VD-N3-S-215.081-M-RS,NFB-CR,0,2,1,1,120.664182,24.021384,000030,國道3號,0,215K+081,霧峰系統交流道,草屯交流道,0000300021510N,SW,S,4,4
VD-N3-S-216.471-M-LOOP,NFB-CR,0,1,5,1,120.657139,24.010709,000030,國道3號,0,216K+471,霧峰系統交流道,草屯交流道,0000300021600N,SW,S,5,5
VD-N3-S-216.951-N-LOOP,NFB-CR,0,1,5,1,120.653987,24.007669,000030,國道3號,0,216K+951,霧峰系統交流道,草屯交流道,0000300021680N,SW,S,4,4
VD-N3-S-217-I-WS-1-南下入口1,NFB-CR,0,1,5,2,120.651084,24.004589,000030,國道3號,0,217K+200,草屯交流道,中興系統交流道,0000301043070M,S,S,1,1
VD-N3-S-217-I-WS-1X-南下入口2,NFB-CR,0,1,5,2,120.650813,24.005538,000030,國道3號,0,217K+200,草屯交流道,中興系統交流道,0000301043070M,S,S,2,2
VD-N3-S-217-I-WS-21-南下入口-芬園,NFB-CR,0,1,5,2,120.650767,24.006764,000030,國道3號,0,217K+200,草屯交流道,中興系統交流道,0000301043040M,S,S,1,1
VD-N3-S-217-O-NE-21-南下出口-草屯,NFB-CR,0,1,5,2,120.652329,24.006976,000030,國道3號,0,217K+200,草屯交流道,中興系統交流道,0000301043030M,S,S,2,2
VD-N3-S-217-O-NW-22-南下出口-芬園,NFB-CR,0,1,5,2,120.652332,24.007154,000030,國道3號,0,217K+200,草屯交流道,中興系統交流道,0000301043020M,W,S,1,1
VD-N3-S-217.431-N-LOOP,NFB-CR,0,1,5,1,120.651347,24.003929,000030,國道3號,0,217K+431,草屯交流道,中興系統交流道,0000300021700M,SW,S,4,4
VD-N3-S-219.011-M-RS,NFB-CR,0,2,1,1,120.652092,23.990111,000030,國道3號,0,219K+011,草屯交流道,中興系統交流道,0000300021900M,S,S,4,4
VD-N3-S-220.101-M-RS,NFB-CR,0,2,1,1,120.651948,23.980348,000030,國道3號,0,220K+101,草屯交流道,中興系統交流道,0000300022000M,S,S,4,4
VD-N3-S-221.531-M-LOOP,NFB-CR,0,1,5,1,120.6486,23.967944,000030,國道3號,0,221K+531,草屯交流道,中興系統交流道,0000300022100M,S,S,4,4
VD-N3-S-222.491-N-LOOP,NFB-CR,0,1,5,1,120.652144,23.960575,000030,國道3號,0,222K+491,草屯交流道,中興系統交流道,0000300022260M,SE,S,4,4
VD-N3-S-222-I-WS-1-南下入口,NFB-CR,0,1,5,2,120.657367,23.956966,000030,國道3號,0,222K+500,中興系統交流道,中興交流道,0000301044010M,NE,S,1,1
VD-N3-S-222-O-NW-1-南下出口,NFB-CR,0,1,5,2,120.652254,23.960328,000030,國道3號,0,222K+500,中興系統交流道,中興交流道,0000301044000M,S,S,1,1
VD-N3-S-223-I-ES-南下入口-中興系統,NFB-CR,0,1,5,2,120.65562272,23.95744106,000030,國道3號,0,222K+500,中興系統交流道,中興交流道,0000301044020M,E,S,1,1
VD-N3-S-222.991-N-LOOP,NFB-CR,0,1,5,1,120.656492,23.957461,000030,國道3號,0,222K+991,中興系統交流道,中興交流道,0000300022300M,SE,S,4,4
VD-N3-S-223.140-M-LOOP,NFB-CR,0,1,5,1,120.66113,23.955514,000030,國道3號,0,223K+140,中興系統交流道,中興交流道,0000300022340M,SE,S,5,5
VD-N3-S-223.511-M-RS,NFB-CR,0,2,1,1,120.661155,23.955501,000030,國道3號,0,223K+511,中興系統交流道,中興交流道,0000300022340M,SE,S,4,4
VD-N3-S-224.191-N-LOOP,NFB-CR,0,1,5,1,120.666575,23.952028,000030,國道3號,0,224K+191,中興系統交流道,中興交流道,0000300022400M,SE,S,3,3
VD-N3-S-224-I-WS-21-南下入口-南投,NFB-CR,0,1,5,2,120.66894,23.946814,000030,國道3號,0,224K+700,中興交流道,南投交流道,0000301045080M,SE,S,1,1
VD-N3-S-224-I-ES-22-南下入口-中興,NFB-CR,0,1,5,2,120.667136,23.949973,000030,國道3號,0,224K+700,中興交流道,南投交流道,0000301045030M,NE,S,1,1
VD-N3-S-224-O-NW-21-南下出口-南投,NFB-CR,0,1,5,2,120.666914,23.950361,000030,國道3號,0,224K+700,中興交流道,南投交流道,0000301045010M,SW,S,1,1
VD-N3-S-224-O-NE-22-南下出口-中興,NFB-CR,0,1,5,2,120.668646,23.947279,000030,國道3號,0,224K+700,中興交流道,南投交流道,0000301045050M,NW,S,1,1
VD-N3-S-224.871-N-LOOP,NFB-CR,0,1,5,1,120.670027,23.946778,000030,國道3號,0,224K+871,中興交流道,南投交流道,0000300022500M,SE,S,3,3
VD-N3-S-226.399-M-LOOP,NFB-CR,0,1,5,1,120.678631,23.935718,000030,國道3號,0,226K+399,中興交流道,南投交流道,0000300022600M,SE,S,3,3
VD-N3-S-228.002-N-LOOP,NFB-CR,0,1,5,1,120.684176,23.922394,000030,國道3號,0,228K+002,中興交流道,南投交流道,0000300022800M,SE,S,3,3
VD-N3-S-228-I-WS-1-南下入口-南投,NFB-CR,0,1,5,2,120.68478,23.92161,000030,國道3號,0,228K+600,南投交流道,南投服務區,0000301046010M,SE,S,1,1
VD-N3-S-228-O-NS-1-南下出口-南投,NFB-CR,0,1,5,2,120.681037,23.927353,000030,國道3號,0,228K+600,南投交流道,南投服務區,0000301046000M,S,S,1,1
VD-N3-S-229.483-M-RS,NFB-CR,0,2,1,1,120.694497,23.91311,000030,國道3號,0,229K+483,南投交流道,南投服務區,0000300022920M,SE,S,3,3
VD-N3-S-231.136-N-LOOP,NFB-CR,0,1,5,1,120.705199,23.902584,000030,國道3號,0,231K+136,南投交流道,南投服務區,0000300023120M,SE,S,3,3
VD-N3-S-231-R-ES-1-南下入口,NFB-CR,0,1,5,2,120.707716,23.899694,000030,國道3號,0,231K+400,南投服務區,名間交流道,0000301085010M,SE,S,1,1
VD-N3-S-231-R-NE-1-南下出口,NFB-CR,0,1,5,2,120.708296,23.900868,000030,國道3號,0,231K+400,南投服務區,名間交流道,0000301085000M,SE,S,1,1
VD-N3-S-231.645-N-LOOP,NFB-CR,0,1,5,1,120.708566,23.899567,000030,國道3號,0,231K+645,南投服務區,名間交流道,0000300023120M,SE,S,3,3
VD-N3-S-233.201-M-RS,NFB-CR,0,2,1,1,120.709768,23.886004,000030,國道3號,0,233K+201,南投服務區,名間交流道,0000300023300M,S,S,3,3
VD-N3-S-234.891-M-RS,NFB-CR,0,2,1,1,120.705362,23.871247,000030,國道3號,0,234K+891,南投服務區,名間交流道,0000300023400M,S,S,4,4
VD-N3-S-235.741-M-LOOP,NFB-CR,0,1,5,1,120.702903,23.863926,000030,國道3號,0,235K+741,南投服務區,名間交流道,0000300023500M,S,S,4,4
VD-N3-S-237-I-WS-1X-南下入口2,NFB-CR,0,1,5,2,120.701219,23.851245,000030,國道3號,0,236K+800,名間交流道,竹山交流道,0000301047050M,SE,S,1,1
VD-N3-S-237-I-WS-1-南下入口1,NFB-CR,0,1,5,2,120.703117,23.849618,000030,國道3號,0,236K+800,名間交流道,竹山交流道,0000301047050M,SE,S,1,1
VD-N3-S-237-O-NW-1-南下出口,NFB-CR,0,1,5,2,120.701753,23.853246,000030,國道3號,0,236K+800,名間交流道,竹山交流道,0000301047000M,S,S,1,1
VD-N3-S-236.916-N-LOOP,NFB-CR,0,1,5,1,120.702192,23.853402,000030,國道3號,0,236K+916,名間交流道,竹山交流道,0000300023700M,S,S,4,4
VD-N3-S-238.001-M-RS,NFB-CR,0,2,1,1,120.70476,23.844019,000030,國道3號,0,238K+001,名間交流道,竹山交流道,0000300023800M,S,S,4,4
VD-N3-S-239.094-M-RS,NFB-CR,0,2,1,1,120.707817,23.83457,000030,國道3號,0,239K+094,名間交流道,竹山交流道,0000300023900M,S,S,3,3
VD-N3-S-240.251-M-RS,NFB-CR,0,2,1,1,120.707272,23.824289,000030,國道3號,0,240K+251,名間交流道,竹山交流道,0000300024000M,S,S,3,3
VD-N3-S-241.341-M-RS,NFB-CR,0,2,1,1,120.701361,23.816204,000030,國道3號,0,241K+341,名間交流道,竹山交流道,0000300024100M,SW,S,4,4
VD-N3-S-242.321-M-LOOP,NFB-CR,0,1,5,1,120.697304,23.808339,000030,國道3號,0,242K+321,名間交流道,竹山交流道,0000300024200M,S,S,4,4
VD-N3-S-243.451-N-LOOP,NFB-CR,0,1,5,1,120.700458,23.798716,000030,國道3號,0,243K+451,名間交流道,竹山交流道,0000300024360M,SE,S,3,3
VD-N3-S-243-I-ES-1X-南下入口2,NFB-CR,0,1,5,2,120.703289,23.796188,000030,國道3號,0,243K+700,竹山交流道,南雲交流道,0000301048010M,W,S,1,1
VD-N3-S-243-I-ES-1-南下入口1,NFB-CR,0,1,5,2,120.700187,23.797377,000030,國道3號,0,243K+700,竹山交流道,南雲交流道,0000301048010M,W,S,1,1
VD-N3-S-243-O-NE-1-南下出口,NFB-CR,0,1,5,2,120.70017,23.797852,000030,國道3號,0,243K+700,竹山交流道,南雲交流道,0000301048000M,SE,S,1,1
VD-N3-S-245.251-M-LOOP,NFB-CR,0,1,5,1,120.703259,23.783248,000030,國道3號,0,245K+251,竹山交流道,南雲交流道,0000300024500M,SW,S,3,3
VD-N3-S-246.241-M-LOOP,NFB-CR,0,1,5,1,120.696267,23.777729,000030,國道3號,0,246K+241,竹山交流道,南雲交流道,0000300024600M,W,S,3,3
VD-N3-S-247.831-M-RS,NFB-CR,0,2,1,1,120.680957,23.778439,000030,國道3號,0,247K+831,竹山交流道,南雲交流道,0000300024700M,W,S,3,3
VD-N3-S-248.861-M-LOOP,NFB-CR,0,1,5,1,120.670983,23.777356,000030,國道3號,0,248K+861,竹山交流道,南雲交流道,0000300024800M,W,S,3,3
VD-N3-S-249.835-N-LOOP,NFB-CR,0,1,5,1,120.661856,23.774622,000030,國道3號,0,249K+835,竹山交流道,南雲交流道,0000300024900M,W,S,3,3
VD-N3-S-250-I-ES-21-南下入口-南雲交流道,NFB-CR,0,1,5,2,120.658856,23.774838,000030,國道3號,0,250K+100,南雲交流道,斗六交流道,0000301049040M,SE,S,1,1
VD-N3-S-250.966-M-RS,NFB-CR,0,2,1,1,120.650755,23.774453,000030,國道3號,0,250K+966,南雲交流道,斗六交流道,0000300025090M,W,S,3,3
VD-N3-S-252.091-M-RS,NFB-CR,0,2,1,1,120.639641,23.774231,000030,國道3號,0,252K+091,南雲交流道,斗六交流道,0000300025200P,W,S,3,3
VD-N3-S-253.250-M-RS,NFB-CR,0,2,1,1,120.630317,23.774525,000030,國道3號,0,253K+250,南雲交流道,斗六交流道,0000300025300P,W,S,3,3
VD-N3-S-255.230-M-RS,NFB-CR,0,2,1,1,120.610301,23.772308,000030,國道3號,0,255K+230,南雲交流道,斗六交流道,0000300025500P,SW,S,3,3
VD-N3-S-256.334-M-RS,NFB-CR,0,2,1,1,120.605782,23.763537,000030,國道3號,0,256K+334,南雲交流道,斗六交流道,0000300025600P,S,S,3,3
VD-N3-S-257.424-M-RS,NFB-CR,0,2,1,1,120.600443,23.755094,000030,國道3號,0,257K+424,南雲交流道,斗六交流道,0000300025700P,SW,S,3,3
VD-N3-S-259.350-M-LOOP,NFB-CR,0,1,5,1,120.591771,23.74066,000030,國道3號,0,259K+350,南雲交流道,斗六交流道,0000300025900P,S,S,3,3
VD-N3-S-260-I-WS-1-南下入口,NFB-CR,0,1,5,2,120.596577,23.730945,000030,國道3號,0,260K+300,斗六交流道,古坑(北)交流道,0000301050070P,SE,S,1,1
VD-N3-S-260-I-WS-21-南下入口-斗六,NFB-CR,0,1,5,2,120.595153,23.732502,000030,國道3號,0,260K+300,斗六交流道,古坑(北)交流道,0000301050050P,E,S,1,1
VD-N3-S-260-O-NW-1-南下出口,NFB-CR,0,1,5,2,120.593945,23.734425,000030,國道3號,0,260K+300,斗六交流道,古坑(北)交流道,0000301050000P,SE,S,1,1
VD-N3-S-260.499-N-LOOP,NFB-CR,0,1,5,1,120.596476,23.731424,000030,國道3號,0,260K+499,斗六交流道,古坑(北)交流道,0000300026000P,SE,S,3,3
VD-N3-S-261.584-M-RS,NFB-CR,0,2,1,1,120.602363,23.723161,000030,國道3號,0,261K+584,斗六交流道,古坑(北)交流道,0000300026120P,SE,S,3,3
VD-N3-S-262.595-M-RS,NFB-CR,0,2,1,1,120.603046,23.714188,000030,國道3號,0,262K+595,斗六交流道,古坑(北)交流道,0000300026200P,S,S,3,3
VD-N3-S-263.665-M-RS,NFB-CR,0,2,1,1,120.603267,23.70462,000030,國道3號,0,263K+665,斗六交流道,古坑(北)交流道,0000300026300P,S,S,3,3
VD-N3-S-264.745-M-RS,NFB-CR,0,2,1,1,120.600507,23.695376,000030,國道3號,0,264K+745,斗六交流道,古坑(北)交流道,0000300026400P,S,S,3,3
VD-N3-S-265.815-M-RS,NFB-CR,0,2,1,1,120.594118,23.687728,000030,國道3號,0,265K+815,斗六交流道,古坑(北)交流道,0000300026600P,SW,S,3,3
VD-N3-S-266.885-M-LOOP,NFB-CR,0,1,5,1,120.589513,23.679054,000030,國道3號,0,266K+885,斗六交流道,古坑(北)交流道,0000300026700P,SW,S,3,3
VD-N3-S-268-O-NE-33,NFB-CR,0,1,5,2,120.577964,23.670861,000030,國道3號,0,268K+232,古坑(北)交流道,古坑系統交流道,0000301052030P,SW,S,1,1
VD-N3-S-268-O-NS-1,NFB-CR,0,1,5,2,120.582488,23.673733,000030,國道3號,0,268K+232,古坑(北)交流道,古坑系統交流道,0000301052000P,SW,S,1,1
VD-N3-S-268-O-NW-21,NFB-CR,0,1,5,2,120.579089,23.671483,000030,國道3號,0,268K+232,古坑(北)交流道,古坑系統交流道,0000301051000P,SW,S,1,1
VD-N3-S-268-O-NW-34,NFB-CR,0,1,5,2,120.577858,23.671047,000030,國道3號,0,268K+232,古坑(北)交流道,古坑系統交流道,0000301052020P,W,S,1,1
VD-N3-S-267.945-N-LOOP,NFB-CR,0,1,5,1,120.5813,23.672836,000030,國道3號,0,268K+300,古坑(北)交流道,古坑系統交流道,0000300026800P,SW,S,3,3
VD-N3-N-111.636-M-RS,NFB-CR,0,2,1,1,120.897683,24.719343,000030,國道3號,0,111K+636,西濱交流道,香山交流道,0000300111100K,NE,N,4,4
VD-N3-N-113.538-M-RS,NFB-CR,0,2,1,1,120.883757,24.70816,000030,國道3號,0,113K+538,西濱交流道,香山交流道,0000300111300K,NE,N,3,3
VD-N3-N-115-I-EN-1-北上入口,NFB-CR,0,1,5,2,120.865934,24.699877,000030,國道3號,0,115K+000,竹南交流道,西濱交流道,0000301126000K,NE,N,1,1
VD-N3-N-115.380-N-Loop,NFB-CR,0,1,5,1,120.866915,24.701508,000030,國道3號,0,115K+379,竹南交流道,西濱交流道,0000300111500K,NE,N,3,3
VD-N3-N-117.043-M-LOOP,NFB-CR,0,1,5,1,120.854055,24.69255,000030,國道3號,0,117K+043,竹南交流道,西濱交流道,0000300111700K,NE,N,3,3
VD-N3-N-117.950-M-RS,NFB-CR,0,2,1,1,120.854056,24.69255,000030,國道3號,0,117K+950,竹南交流道,西濱交流道,0000300111700K,NE,N,3,3
VD-N3-N-119.029-N-LOOP,NFB-CR,0,1,5,1,120.847324,24.676373,000030,國道3號,0,119K+029,竹南交流道,西濱交流道,0000300111900K,N,N,3,3
VD-N3-N-119-I-EN-21-北上入口-竹南頭份,NFB-CR,0,1,5,2,120.847944,24.675696,000030,國道3號,0,119K+100,大山交流道,竹南交流道,0000301127030K,NW,N,1,1
VD-N3-N-119-I-EN-1-北上入口1,NFB-CR,0,1,5,2,120.84755,24.677247,000030,國道3號,0,119K+100,大山交流道,竹南交流道,0000301127050K,N,N,2,2
VD-N3-N-119-I-EN-1X-北上入口2,NFB-CR,0,1,5,2,120.847575,24.677072,000030,國道3號,0,119K+100,大山交流道,竹南交流道,0000301127050K,N,N,2,2
VD-N3-N-119-O-SE-21-北上出口-竹南頭份,NFB-CR,0,1,5,2,120.847888,24.675105,000030,國道3號,0,119K+100,大山交流道,竹南交流道,0000301127010K,NE,N,1,1
VD-N3-N-119-O-SE-1-北上出口,NFB-CR,0,1,5,2,120.847698,24.674213,000030,國道3號,0,119K+100,大山交流道,竹南交流道,0000301127000K,N,N,1,1
VD-N3-N-120.973-M-LOOP,NFB-CR,0,1,5,1,120.842077,24.659724,000030,國道3號,0,120K+973,大山交流道,竹南交流道,0000300112000K,NE,N,3,3
VD-N3-N-121.826-M-RS,NFB-CR,0,2,1,1,120.836682,24.654414,000030,國道3號,0,121K+826,大山交流道,竹南交流道,0000300112100K,NE,N,3,3
VD-N3-N-123.130-M-後龍北地磅,NFB-CR,0,1,5,2,120.827463,24.645888,000030,國道3號,0,123K+130,大山交流道,竹南交流道,0000300112300K,NE,N,1,1
VD-N3-N-123.373-M-RS,NFB-CR,0,2,1,1,120.825738,24.64434,000030,國道3號,0,123K+373,大山交流道,竹南交流道,0000300112300K,NE,N,3,3
VD-N3-N-124.453-N-LOOP,NFB-CR,0,1,5,1,120.818487,24.637036,000030,國道3號,0,124K+453,大山交流道,竹南交流道,0000300112410K,NE,N,3,3
VD-N3-N-124-I-EN-1-北上入口1,NFB-CR,0,1,5,2,120.819595,24.638178,000030,國道3號,0,124K+500,後龍交流道,大山交流道,0000301128050K,NE,N,1,1
VD-N3-N-124-I-EN-1X-北上入口2,NFB-CR,0,1,5,2,120.818575,24.636795,000030,國道3號,0,124K+500,後龍交流道,大山交流道,0000301128050K,NE,N,2,2
VD-N3-N-124-I-EN-21-北上入口-造橋,NFB-CR,0,1,5,2,120.818457,24.636437,000030,國道3號,0,124K+500,後龍交流道,大山交流道,0000301128030K,N,N,1,1
VD-N3-N-124-O-SE-21-北上出口-造橋,NFB-CR,0,1,5,2,120.818249,24.636131,000030,國道3號,0,124K+500,後龍交流道,大山交流道,0000301128010K,E,N,1,1
VD-N3-N-124-O-SE-1-北上出口,NFB-CR,0,1,5,2,120.816921,24.634249,000030,國道3號,0,124K+500,後龍交流道,大山交流道,0000301128000K,NE,N,1,1
VD-N3-N-125.573-M-LOOP,NFB-CR,0,1,5,1,120.81425,24.627959,000030,國道3號,0,125K+573,後龍交流道,大山交流道,0000300112520K,N,N,3,3
VD-N3-N-127.400-M-LOOP,NFB-CR,0,1,5,1,120.807628,24.612934,000030,國道3號,0,127K+746,後龍交流道,大山交流道,0000300112700K,NE,N,3,3
VD-N3-N-129.623-N-LOOP,NFB-CR,0,1,5,1,120.789441,24.601925,000030,國道3號,0,129K+623,後龍交流道,大山交流道,0000300112960K,NE,N,3,3
VD-N3-N-129.897-N-LOOP,NFB-CR,0,1,5,1,120.787712,24.599955,000030,國道3號,0,129K+897,後龍交流道,大山交流道,0000300112960K,NE,N,3,3
VD-N3-N-130-I-EN-21-北上入口-苗栗,NFB-CR,0,1,5,2,120.786702,24.59776,000030,國道3號,0,130K+200,西湖服務區,後龍交流道,0000301129030K,N,N,1,1
VD-N3-N-130-I-EN-1-北上入口1,NFB-CR,0,1,5,2,120.788617,24.60087,000030,國道3號,0,130K+200,西湖服務區,後龍交流道,0000301129050K,NE,N,2,2
VD-N3-N-130-I-EN-1X-北上入口2,NFB-CR,0,1,5,2,120.787499,24.59916,000030,國道3號,0,130K+200,西湖服務區,後龍交流道,0000301129050K,NE,N,2,2
VD-N3-N-130-O-SE-1-北上出口,NFB-CR,0,1,5,2,120.784707,24.595847,000030,國道3號,0,130K+200,西湖服務區,後龍交流道,0000301129000K,NE,N,1,1
VD-N3-N-130-O-SE-21-北上出口-苗栗,NFB-CR,0,1,5,2,120.786461,24.597482,000030,國道3號,0,130K+200,西湖服務區,後龍交流道,0000301129010K,E,N,1,1
VD-N3-N-131.896-M-LOOP,NFB-CR,0,1,5,1,120.773238,24.587985,000030,國道3號,0,131K+896,西湖服務區,後龍交流道,0000300113100K,NE,N,3,3
VD-N3-N-133.863-M-RS,NFB-CR,0,2,1,1,120.762525,24.573952,000030,國道3號,0,133K+863,西湖服務區,後龍交流道,0000300113300K,N,N,3,3
VD-N3-N-134-R-SE-21-平面北上出口,NFB-CR,0,1,5,2,120.761109,24.567004,000030,國道3號,0,134K+800,通霄交流道,西湖服務區,0000301183000K,N,N,1,1
VD-N3-N-134-R-SE-1-北上出口,NFB-CR,0,1,5,2,120.759337,24.563279,000030,國道3號,0,134K+800,通霄交流道,西湖服務區,0000301183010K,NE,N,1,1
VD-N3-N-134-R-EN-1-北上入口,NFB-CR,0,1,5,2,120.761272,24.56754,000030,國道3號,0,134K+800,通霄交流道,西湖服務區,0000301183000K,N,N,1,1
VD-N3-N-135.002-N-LOOP,NFB-CR,0,1,5,1,120.759286,24.563934,000030,國道3號,0,135K+002,通霄交流道,西湖服務區,0000300113430K,N,N,3,3
VD-N3-N-136.296-M-RS,NFB-CR,0,2,1,1,120.751602,24.555022,000030,國道3號,0,136K+296,通霄交流道,西湖服務區,0000300113600K,NE,N,4,4
VD-N3-N-137.816-M-LOOP,NFB-CR,0,1,5,1,120.742972,24.543757,000030,國道3號,0,137K+816,通霄交流道,西湖服務區,0000300113700K,NE,N,3,3
VD-N3-N-139.931-M-RS,NFB-CR,0,2,1,1,120.730579,24.528578,000030,國道3號,0,139K+931,通霄交流道,西湖服務區,0000300113900K,NE,N,4,4
VD-N3-N-141.251-M-RS,NFB-CR,0,2,1,1,120.723179,24.518881,000030,國道3號,0,141K+251,通霄交流道,西湖服務區,0000300114100K,NE,N,4,4
VD-N3-N-143.471-M-RS,NFB-CR,0,2,1,1,120.709233,24.503608,000030,國道3號,0,143K+471,通霄交流道,西湖服務區,0000300114300K,NE,N,4,4
VD-N3-N-144-I-WN-1Y-北上入口3,NFB-CR,0,1,5,2,120.706489,24.496122,000030,國道3號,0,144K+300,苑裡交流道,通霄交流道,0000301130050K,N,N,2,2
VD-N3-N-144-I-WN-1X-北上入口2,NFB-CR,0,1,5,2,120.7066,24.496919,000030,國道3號,0,144K+300,苑裡交流道,通霄交流道,0000301130030K,SE,N,1,1
VD-N3-N-144-I-WN-1-北上入口1,NFB-CR,0,1,5,2,120.705439,24.496707,000030,國道3號,0,144K+300,苑裡交流道,通霄交流道,0000301130050K,N,N,2,2
VD-N3-N-144-O-SE-1-北上出口,NFB-CR,0,1,5,2,120.705472,24.495139,000030,國道3號,0,144K+300,苑裡交流道,通霄交流道,0000301130000K,NE,N,1,1
VD-N3-N-144-O-SE-21-北上出口-銅鑼,NFB-CR,0,1,5,2,120.707141,24.497123,000030,國道3號,0,144K+300,苑裡交流道,通霄交流道,0000301130010K,NE,N,1,1
VD-N3-N-144.585-N-LOOP,NFB-CR,0,1,5,1,120.704685,24.494594,000030,國道3號,0,144K+585,苑裡交流道,通霄交流道,0000300114400K,N,N,3,3
VD-N3-N-145.634-M-LOOP,NFB-CR,0,1,5,1,120.70165,24.485612,000030,國道3號,0,145K+634,苑裡交流道,通霄交流道,0000300114500K,NE,N,3,3
VD-N3-N-146.782-M-RS,NFB-CR,0,2,1,1,120.693536,24.478476,000030,國道3號,0,146K+782,苑裡交流道,通霄交流道,0000300114600K,NE,N,3,3
VD-N3-N-148.001-M-RS,NFB-CR,0,2,1,1,120.684302,24.471593,000030,國道3號,0,148K+001,苑裡交流道,通霄交流道,0000300114800K,NE,N,3,3
VD-N3-N-149.149-M-RS,NFB-CR,0,2,1,1,120.679313,24.462403,000030,國道3號,0,149K+149,苑裡交流道,通霄交流道,0000300114900K,N,N,3,3
VD-N3-N-150.358-M-RS,NFB-CR,0,2,1,1,120.678689,24.451446,000030,國道3號,0,150K+358,苑裡交流道,通霄交流道,0000300115000K,N,N,3,3
VD-N3-N-151.610-M-RS,NFB-CR,0,2,1,1,120.681534,24.440623,000030,國道3號,0,151K+610,苑裡交流道,通霄交流道,0000300115100K,N,N,3,3
VD-N3-N-152.790-M-RS,NFB-CR,0,2,1,1,120.683227,24.430053,000030,國道3號,0,152K+790,苑裡交流道,通霄交流道,0000300115200K,N,N,3,3
VD-N3-N-154.051-M-LOOP,NFB-CR,0,1,5,1,120.67892,24.42003,000030,國道3號,0,154K+051,苑裡交流道,通霄交流道,0000300115400K,NE,N,3,3
VD-N3-N-155.231-M-RS,NFB-CR,0,2,1,1,120.673098,24.410303,000030,國道3號,0,155K+231,苑裡交流道,通霄交流道,0000300115500K,N,N,3,3
VD-N3-N-156.436-N-LOOP,NFB-CR,0,1,5,1,120.670074,24.399817,000030,國道3號,0,156K+436,苑裡交流道,通霄交流道,0000300115610K,N,N,3,3
VD-N3-N-156-I-EN-21-北上入口-三義,NFB-CR,0,1,5,2,120.670159,24.396213,000030,國道3號,0,156K+800,大甲交流道,苑裡交流道,0000301131040K,N,N,1,1
VD-N3-N-156-I-EN-1X-北上入口2,NFB-CR,0,1,5,2,120.670168,24.398036,000030,國道3號,0,156K+800,大甲交流道,苑裡交流道,0000301131060K,N,N,2,2
VD-N3-N-156-I-EN-1-北上入口1,NFB-CR,0,1,5,2,120.670209,24.399704,000030,國道3號,0,156K+800,大甲交流道,苑裡交流道,0000301131060K,N,N,2,2
VD-N3-N-156-O-SE-1-北上出口,NFB-CR,0,1,5,2,120.669008,24.393552,000030,國道3號,0,156K+800,大甲交流道,苑裡交流道,0000301131000B,N,N,1,1
VD-N3-N-156-O-SE-21-北上出口-三義,NFB-CR,0,1,5,2,120.669008,24.395518,000030,國道3號,0,156K+800,大甲交流道,苑裡交流道,0000301131020K,E,N,1,1
VD-N3-N-157.600-M-LOOP,NFB-CR,0,1,5,1,120.668037,24.389401,000030,國道3號,0,157K+600,大甲交流道,苑裡交流道,0000300115750B,N,N,3,3
VD-N3-N-159.275-M-大甲北地磅,NFB-CR,0,1,5,2,120.665096,24.374506,000030,國道3號,0,159K+275,大甲交流道,苑裡交流道,0000300115900B,N,N,1,1
VD-N3-N-159.490-M-RS,NFB-CR,0,2,1,1,120.66461,24.372579,000030,國道3號,0,159K+490,大甲交流道,苑裡交流道,0000300115900B,N,N,3,3
VD-N3-N-161.621-M-LOOP,NFB-CR,0,1,5,1,120.660344,24.353879,000030,國道3號,0,161K+621,大甲交流道,苑裡交流道,0000300116100B,N,N,3,3
VD-N3-N-162.721-M-RS,NFB-CR,0,2,1,1,120.655581,24.344919,000030,國道3號,0,162K+721,大甲交流道,苑裡交流道,0000300116200B,NE,N,3,3
VD-N3-N-164-I-EN-21-北上入口-外埔,NFB-CR,0,1,5,2,120.644146,24.33636,000030,國道3號,0,164K+200,中港系統交流道,大甲交流道,0000301132040B,N,N,1,1
VD-N3-N-164-I-EN-1-北上入口,NFB-CR,0,1,5,2,120.645799,24.337699,000030,國道3號,0,164K+200,中港系統交流道,大甲交流道,0000301132060B,NE,N,2,2
VD-N3-N-164-O-SW-22-北上出口-大甲,NFB-CR,0,1,5,2,120.63887,24.33547,000030,國道3號,0,164K+200,中港系統交流道,大甲交流道,0000301132000B,E,N,1,1
VD-N3-N-164-O-SE-21-北上出口-外埔,NFB-CR,0,1,5,2,120.642498,24.336229,000030,國道3號,0,164K+200,中港系統交流道,大甲交流道,0000301132010B,E,N,1,1
VD-N3-N-164.751-N-LOOP,NFB-CR,0,1,5,1,120.638736,24.33572,000030,國道3號,0,164K+751,中港系統交流道,大甲交流道,0000300116400B,E,N,3,3
VD-N3-N-165.671-M-LOOP,NFB-CR,0,1,5,1,120.630725,24.331992,000030,國道3號,0,165K+671,中港系統交流道,大甲交流道,0000300116520B,NE,N,4,4
VD-N3-N-166.688-M-RS,NFB-CR,0,2,1,1,120.623961,24.325351,000030,國道3號,0,166K+688,中港系統交流道,大甲交流道,0000300116600B,NE,N,4,4
VD-N3-N-168.504-N-LOOP,NFB-CR,0,1,5,1,120.616442,24.310581,000030,國道3號,0,168K+503,中港系統交流道,大甲交流道,0000300116850B,NE,N,3,3
VD-N3-N-171.472-M-RS,NFB-CR,0,2,1,1,120.60162,24.288896,000030,國道3號,0,171K+472,清水服務區,中港系統交流道,0000300117100B,N,N,3,3
VD-N3-N-172-R-EN-1-北上入口,NFB-CR,0,1,5,2,120.59829,24.27949,000030,國道3號,0,172K+400,沙鹿交流道,清水服務區,0000301184010B,N,N,1,1
VD-N3-N-172-R-SE-1-北上出口,NFB-CR,0,1,5,2,120.59753,24.278366,000030,國道3號,0,172K+400,沙鹿交流道,清水服務區,0000301184000B,E,N,1,1
VD-N3-N-172.712-N-LOOP,NFB-CR,0,1,5,1,120.59688,24.278761,000030,國道3號,0,172K+712,沙鹿交流道,清水服務區,0000300117240B,NE,N,3,3
VD-N3-N-173.832-M-RS,NFB-CR,0,2,1,1,120.591243,24.270183,000030,國道3號,0,173K+832,沙鹿交流道,清水服務區,0000300117310B,NE,N,3,3
VD-N3-N-174.992-M-RS,NFB-CR,0,2,1,1,120.588654,24.260096,000030,國道3號,0,174K+992,沙鹿交流道,清水服務區,0000300117400B,N,N,3,3
VD-N3-N-176.027-N-LOOP,NFB-CR,0,1,5,1,120.590238,24.250766,000030,國道3號,0,176K+027,沙鹿交流道,清水服務區,0000300117600B,N,N,3,3
VD-N3-N-176-I-WN-22X-北上入口2-沙鹿,NFB-CR,0,1,5,2,120.592431,24.248956,000030,國道3號,0,176K+100,龍井交流道,沙鹿交流道,0000301134030B,S,N,1,1
VD-N3-N-176-I-EN-21X-北上入口2-台中,NFB-CR,0,1,5,2,120.59194,24.251,000030,國道3號,0,176K+100,龍井交流道,沙鹿交流道,0000301134070B,NW,N,1,1
VD-N3-N-176-I-EN-21-北上入口1-台中,NFB-CR,0,1,5,2,120.591342,24.251844,000030,國道3號,0,176K+100,龍井交流道,沙鹿交流道,0000301134070B,NW,N,1,1
VD-N3-N-176-I-WN-22Y-北上入口3-沙鹿,NFB-CR,0,1,5,2,120.59248,24.249414,000030,國道3號,0,176K+100,龍井交流道,沙鹿交流道,0000301134030B,S,N,1,1
VD-N3-N-176-I-EN-22-北上入口1-沙鹿,NFB-CR,0,1,5,2,120.590389,24.251347,000030,國道3號,0,176K+100,龍井交流道,沙鹿交流道,0000301134060B,N,N,1,1
VD-N3-N-176-O-SE-21-北上出口-台中,NFB-CR,0,1,5,2,120.592273,24.248445,000030,國道3號,0,176K+100,龍井交流道,沙鹿交流道,0000301134010B,NE,N,1,1
VD-N3-N-176-O-SW-22-北上出口-沙鹿,NFB-CR,0,1,5,2,120.591287,24.251492,000030,國道3號,0,176K+100,龍井交流道,沙鹿交流道,0000301134050B,SE,N,1,1
VD-N3-N-177.162-M-LOOP,NFB-CR,0,1,5,1,120.593852,24.241143,000030,國道3號,0,177K+162,龍井交流道,沙鹿交流道,0000300117700B,N,N,3,3
VD-N3-N-178.322-M-RS,NFB-CR,0,2,1,1,120.591983,24.231001,000030,國道3號,0,178K+322,龍井交流道,沙鹿交流道,0000300117800B,NE,N,3,3
VD-N3-N-179.422-M-RS,NFB-CR,0,2,1,1,120.586869,24.22229,000030,國道3號,0,179K+422,龍井交流道,沙鹿交流道,0000300117900B,N,N,3,3
VD-N3-N-180.462-M-RS,NFB-CR,0,2,1,1,120.583946,24.213266,000030,國道3號,0,180K+462,龍井交流道,沙鹿交流道,0000300118000B,N,N,3,3
VD-N3-N-182.712-N-LOOP,NFB-CR,0,1,5,1,120.573044,24.195773,000030,國道3號,0,182K+712,龍井交流道,沙鹿交流道,0000300118230B,NE,N,4,4
VD-N3-N-182-I-EN-21X-北上入口2-台中,NFB-CR,0,1,5,2,120.576096,24.198722,000030,國道3號,0,182K+800,和美交流道,龍井交流道,0000301135070B,N,N,1,1
VD-N3-N-182-I-EN-21-北上入口1-台中,NFB-CR,0,1,5,2,120.573547,24.193816,000030,國道3號,0,182K+800,和美交流道,龍井交流道,0000301135070B,N,N,1,1
VD-N3-N-182-I-WN-22Y-北上入口3-龍井,NFB-CR,0,1,5,2,120.572055,24.193358,000030,國道3號,0,182K+800,和美交流道,龍井交流道,0000301135030B,W,N,1,1
VD-N3-N-182-I-WN-22-北上入口1-龍井,NFB-CR,0,1,5,2,120.573072,24.195535,000030,國道3號,0,182K+800,和美交流道,龍井交流道,0000301135060B,NE,N,1,1
VD-N3-N-182-O-SE-21-北上出口-台中,NFB-CR,0,1,5,2,120.570976,24.193248,000030,國道3號,0,182K+800,和美交流道,龍井交流道,0000301135010B,SE,N,1,1
VD-N3-N-182-O-SW-22-北上出口-龍井,NFB-CR,0,1,5,2,120.573526,24.1949,000030,國道3號,0,182K+800,和美交流道,龍井交流道,0000301135050B,SW,N,1,1
VD-N3-N-182-I-WN-22X-北上入口2-龍井,NFB-CR,0,1,5,2,120.571321,24.193208,000030,國道3號,0,182K+800,和美交流道,龍井交流道,0000301135030B,W,N,1,1
VD-N3-N-183.822-M-LOOP,NFB-CR,0,1,5,1,120.563504,24.191171,000030,國道3號,0,183K+822,和美交流道,龍井交流道,0000300118360B,E,N,4,4
VD-N3-N-184.942-M-RS,NFB-CR,0,2,1,1,120.553781,24.18677,000030,國道3號,0,184K+942,和美交流道,龍井交流道,0000300118400B,NE,N,4,4
VD-N3-N-186.072-M-RS,NFB-CR,0,2,1,1,120.548394,24.177967,000030,國道3號,0,186K+072,和美交流道,龍井交流道,0000300118600B,NE,N,3,3
VD-N3-N-187.422-M-RS,NFB-CR,0,2,1,1,120.53783,24.170785,000030,國道3號,0,187K+422,和美交流道,龍井交流道,0000300118700B,NE,N,3,3
VD-N3-N-188.533-M-RS,NFB-CR,0,2,1,1,120.530539,24.163451,000030,國道3號,0,188K+533,和美交流道,龍井交流道,0000300118800B,NE,N,3,3
VD-N3-N-189.737-M-RS,NFB-CR,0,2,1,1,120.522294,24.155588,000030,國道3號,0,189K+737,和美交流道,龍井交流道,0000300118900B,NE,N,3,3
VD-N3-N-190.847-M-RS,NFB-CR,0,2,1,1,120.519298,24.146365,000030,國道3號,0,190K+847,和美交流道,龍井交流道,0000300119000N,N,N,4,4
VD-N3-N-191-I-EN-21-北上入口1-和美,NFB-CR,0,1,5,2,120.520974,24.141363,000030,國道3號,0,191K+600,彰化系統交流道,和美交流道,0000301136080N,N,N,1,1
VD-N3-N-191-I-WN-22X-北上入口2-龍井,NFB-CR,0,1,5,2,120.519047,24.13986,000030,國道3號,0,191K+600,彰化系統交流道,和美交流道,0000301136090N,E,N,1,1
VD-N3-N-191-I-EN-21X-北上入口2-和美,NFB-CR,0,1,5,2,120.521315,24.139874,000030,國道3號,0,191K+600,彰化系統交流道,和美交流道,0000301136080N,N,N,1,1
VD-N3-N-191-O-SE-22-北上出口-和美,NFB-CR,0,1,5,2,120.520511,24.139875,000030,國道3號,0,191K+600,彰化系統交流道,和美交流道,0000301136020N,W,N,1,1
VD-N3-N-191-O-NE-1-北上出口,NFB-CR,0,1,5,2,120.523348,24.136503,000030,國道3號,0,191K+600,彰化系統交流道,和美交流道,0000301136000N,NW,N,1,1
VD-N3-N-191-O-SW-21-北上出口-龍井,NFB-CR,0,1,5,2,120.521605,24.140374,000030,國道3號,0,191K+600,彰化系統交流道,和美交流道,0000301136010N,N,N,1,1
VD-N3-N-191.992-N-LOOP,NFB-CR,0,1,5,1,120.522921,24.136671,000030,國道3號,0,191K+992,彰化系統交流道,和美交流道,0000300119200N,NW,N,3,3
VD-N3-N-193.088-M-LOOP,NFB-CR,0,1,5,1,120.527905,24.127964,000030,國道3號,0,193K+088,彰化系統交流道,和美交流道,0000300119300N,NW,N,3,3
VD-N3-N-194.293-M-RS,NFB-CR,0,2,1,1,120.535782,24.119788,000030,國道3號,0,194K+293,彰化系統交流道,和美交流道,0000300119400N,NW,N,3,3
VD-N3-N-196.332-N-LOOP,NFB-CR,0,1,5,1,120.551274,24.108263,000030,國道3號,0,196K+332,彰化系統交流道,和美交流道,0000300119640N,W,N,3,3
VD-N3-N-196-I-WN-1-北上入口,NFB-CR,0,1,5,2,120.552138,24.108368,000030,國道3號,0,196K+800,快官交流道,彰化系統交流道,0000301137010N,NW,N,2,2
VD-N3-N-196-I-WN-1X-北上入口2,NFB-CR,0,1,5,2,120.554736,24.10618,000030,國道3號,0,196K+800,快官交流道,彰化系統交流道,0000301137010N,NW,N,2,2
VD-N3-N-196-O-SW-1-北上出口,NFB-CR,0,1,5,2,120.558527,24.106549,000030,國道3號,0,196K+800,快官交流道,彰化系統交流道,0000301137000N,W,N,2,2
VD-N3-N-198.152-M-RS,NFB-CR,0,2,1,1,120.567993,24.105124,000030,國道3號,0,198K+152,快官交流道,彰化系統交流道,0000300119800N,W,N,3,3
VD-N3-N-200.098-M-RS,NFB-CR,0,2,1,1,120.58612,24.099733,000030,國道3號,0,200K+098,快官交流道,彰化系統交流道,0000300120000N,W,N,3,3
VD-N3-N-201.072-M-RS,NFB-CR,0,2,1,1,120.59541,24.097616,000030,國道3號,0,201K+072,快官交流道,彰化系統交流道,0000300120100N,W,N,4,4
VD-N3-N-201.512-N-LOOP,NFB-CR,0,1,5,1,120.595985,24.097369,000030,國道3號,0,201K+512,快官交流道,彰化系統交流道,0000300120130N,NW,N,3,3
VD-N3-N-202-I-EN-21-北上入口-台中,NFB-CR,0,1,5,2,120.602635,24.094459,000030,國道3號,0,202K+100,烏日交流道,快官交流道,0000301138170N,W,N,2,2
VD-N3-N-202-I-WN-22-北上入口-彰化,NFB-CR,0,1,5,2,120.602068,24.094331,000030,國道3號,0,202K+100,烏日交流道,快官交流道,0000301138150N,NW,N,1,1
VD-N3-N-202-O-SE-1-北上出口,NFB-CR,0,1,5,2,120.609669,24.087653,000030,國道3號,0,202K+100,烏日交流道,快官交流道,0000301138000N,NW,N,2,2
VD-N3-N-202-O-SE-22-北上出口-台中,NFB-CR,0,1,5,2,120.606822,24.090246,000030,國道3號,0,202K+100,烏日交流道,快官交流道,0000301138020N,NW,N,1,1
VD-N3-N-202-O-SW-21-北上出口-彰化,NFB-CR,0,1,5,2,120.606514,24.090026,000030,國道3號,0,202K+100,烏日交流道,快官交流道,0000301138020N,NW,N,1,1
VD-N3-N-202.962-N-LOOP,NFB-CR,0,1,5,1,120.610235,24.086602,000030,國道3號,0,202K+962,烏日交流道,快官交流道,0000300120200N,NW,N,3,3
VD-N3-N-203.523-M-LOOP,NFB-CR,0,1,5,1,120.615126,24.083972,000030,國道3號,0,203K+523,烏日交流道,快官交流道,0000300120330N,NW,N,4,4
VD-N3-N-204.571-M-RS,NFB-CR,0,2,1,1,120.625152,24.082455,000030,國道3號,0,204K+571,烏日交流道,快官交流道,0000300120400B,W,N,4,4
VD-N3-N-206.941-N-LOOP,NFB-CR,0,1,5,1,120.642815,24.06908,000030,國道3號,0,206K+941,烏日交流道,快官交流道,0000300120700B,W,N,3,3
VD-N3-N-207-I-EN-21-北上入口-台中,NFB-CR,0,1,5,2,120.64435,24.069215,000030,國道3號,0,207K+300,中投交流道,烏日交流道,0000301139040B,W,N,1,1
VD-N3-N-207-I-WN-22-北上入口1-烏日,NFB-CR,0,1,5,2,120.644065,24.068961,000030,國道3號,0,207K+300,中投交流道,烏日交流道,0000301139070B,W,N,1,1
VD-N3-N-207-I-WN-22X-北上入口2-烏日,NFB-CR,0,1,5,2,120.644292,24.068911,000030,國道3號,0,207K+300,中投交流道,烏日交流道,0000301139070B,W,N,1,1
VD-N3-N-207-I-WN-22Y-北上入口3-烏日,NFB-CR,0,1,5,2,120.646879,24.069541,000030,國道3號,0,207K+300,中投交流道,烏日交流道,0000301139050B,NE,N,1,1
VD-N3-N-207-O-SE-1-北上出口,NFB-CR,0,1,5,2,120.648865,24.068443,000030,國道3號,0,207K+300,中投交流道,烏日交流道,0000301139000B,NW,N,2,2
VD-N3-N-207-O-SE-21-北上出口-台中,NFB-CR,0,1,5,2,120.646918,24.069807,000030,國道3號,0,207K+300,中投交流道,烏日交流道,0000301139010B,N,N,1,1
VD-N3-N-207.391-N-LOOP,NFB-CR,0,1,5,1,120.64686,24.068294,000030,國道3號,0,207K+391,中投交流道,烏日交流道,0000300120700B,W,N,3,3
VD-N3-N-207.791-M-LOOP,NFB-CR,0,1,5,1,120.651054,24.067977,000030,國道3號,0,207K+791,中投交流道,烏日交流道,0000300120800B,W,N,3,3
VD-N3-N-208.206-M-LOOP,NFB-CR,0,1,5,1,120.654976,24.067556,000030,國道3號,0,208K+206,中投交流道,烏日交流道,0000300120800B,W,N,4,4
VD-N3-N-208.781-N-LOOP,NFB-CR,0,1,5,1,120.66043,24.066289,000030,國道3號,0,208K+781,中投交流道,烏日交流道,0000300120850B,W,N,3,3
VD-N3-N-209-I-EN-1-北上入口1,NFB-CR,0,1,5,2,120.659238,24.06672,000030,國道3號,0,209K+000,霧峰交流道,中投交流道,0000301140000B,W,N,2,2
VD-N3-N-209-I-EN-1X-北上入口2,NFB-CR,0,1,5,2,120.661619,24.066036,000030,國道3號,0,209K+000,霧峰交流道,中投交流道,0000301140000B,W,N,2,2
VD-N3-N-209-O-SE-1-北上出口,NFB-CR,0,1,5,2,120.667079,24.063518,000030,國道3號,0,209K+000,霧峰交流道,中投交流道,0000301140010B,NW,N,1,1
VD-N3-N-209.324-N-LOOP,NFB-CR,0,1,5,1,120.665397,24.064307,000030,國道3號,0,209K+324,霧峰交流道,中投交流道,0000300120900B,NW,N,3,3
VD-N3-N-209.849-M-LOOP,NFB-CR,0,1,5,1,120.669703,24.061776,000030,國道3號,0,209K+849,霧峰交流道,中投交流道,0000300120900B,NW,N,4,4
VD-N3-N-210.299-M-RS,NFB-CR,0,2,1,1,120.673115,24.059137,000030,國道3號,0,210K+299,霧峰交流道,中投交流道,0000300121000B,NW,N,4,4
VD-N3-N-211.041-N-LOOP,NFB-CR,0,1,5,1,120.67747,24.053797,000030,國道3號,0,211K+041,霧峰交流道,中投交流道,0000300121100B,N,N,3,3
VD-N3-T-211-A-E-1-入口,NFB-CR,0,1,5,2,120.683026,24.051314,000030,國道3號,0,211K+300,霧峰系統交流道,霧峰交流道,0000301041040B,SW,N,2,2
VD-N3-N-211-I-EN-1-北上入口-霧峰交流道,NFB-CR,0,1,5,2,120.677663,24.054071,000030,國道3號,0,211K+300,霧峰系統交流道,霧峰交流道,0000301141180B,NW,N,2,2
VD-N3-N-211-O-SE-1-北上出口,NFB-CR,0,1,5,2,120.680852,24.050184,000030,國道3號,0,211K+300,霧峰系統交流道,霧峰交流道,0000301141010B,NE,N,1,1
VD-N3-N-211.467-N-LOOP,NFB-CR,0,1,5,1,120.678907,24.050164,000030,國道3號,0,211K+467,霧峰系統交流道,霧峰交流道,0000300121100B,N,N,3,3
VD-N3-N-212.744-M-LOOP,NFB-CR,0,1,5,1,120.67698,24.038955,000030,國道3號,0,212K+744,霧峰系統交流道,霧峰交流道,0000300121220B,N,N,5,5
VD-N3-N-213.446-M-RS,NFB-CR,0,2,1,1,120.673392,24.033483,000030,國道3號,0,213K+446,霧峰系統交流道,霧峰交流道,0000300121300B,NE,N,5,5
VD-N3-N-214.142-N-LOOP,NFB-CR,0,1,5,1,120.669504,24.028221,000030,國道3號,0,214K+142,草屯交流道,霧峰系統交流道,0000300121420B,NE,N,4,4
VD-N3-N-214.901-M-LOOP,NFB-CR,0,1,5,1,120.665322,24.022671,000030,國道3號,0,214K+901,草屯交流道,霧峰系統交流道,0000300121480B,NE,N,4,4
VD-N3-N-215.592-M-RS,NFB-CR,0,2,1,1,120.661852,24.017332,000030,國道3號,0,215K+592,草屯交流道,霧峰系統交流道,0000300121510N,NE,N,4,4
VD-N3-N-216.360-M-LOOP,NFB-CR,0,1,5,1,120.588149,24.00663,000030,國道3號,0,216K+360,草屯交流道,霧峰系統交流道,0000300121600N,NE,N,5,5
VD-N3-N-216.921-N-LOOP,NFB-CR,0,1,5,1,120.654196,24.007627,000030,國道3號,0,216K+921,草屯交流道,霧峰系統交流道,0000300121600N,NE,N,4,4
VD-N3-N-217-I-WN-22-北上入口-芬園,NFB-CR,0,1,5,2,120.653771,24.004664,000030,國道3號,0,217K+200,中興系統交流道,草屯交流道,0000301143050M,NE,N,1,1
VD-N3-N-217-I-EN-21-北上入口-草屯,NFB-CR,0,1,5,2,120.6542,24.004557,000030,國道3號,0,217K+200,中興系統交流道,草屯交流道,0000301143030M,N,N,2,2
VD-N3-N-217-I-EN-1-北上入口,NFB-CR,0,1,5,2,120.654507,24.007578,000030,國道3號,0,217K+200,中興系統交流道,草屯交流道,0000301143060M,N,N,2,2
VD-N3-N-217-O-SE-1A-北上出口,NFB-CR,0,1,5,2,120.651747,24.003444,000030,國道3號,0,217K+200,中興系統交流道,草屯交流道,0000301143000M,NE,N,1,1
VD-N3-N-217-O-SW-1B-北上出口,NFB-CR,0,1,5,2,120.654279,24.005944,000030,國道3號,0,217K+200,中興系統交流道,草屯交流道,0000301143020M,S,N,1,1
VD-N3-N-217.441-N-LOOP,NFB-CR,0,1,5,1,120.651466,24.003732,000030,國道3號,0,217K+441,中興系統交流道,草屯交流道,0000300121730M,NE,N,4,4
VD-N3-N-218.291-M-LOOP,NFB-CR,0,1,5,1,120.650509,23.996101,000030,國道3號,0,218K+291,中興系統交流道,草屯交流道,0000300121800M,N,N,4,4
VD-N3-N-219.151-M-RS,NFB-CR,0,2,1,1,120.65246,23.989323,000030,國道3號,0,219K+151,中興系統交流道,草屯交流道,0000300121900M,N,N,4,4
VD-N3-N-220.591-M-RS,NFB-CR,0,2,1,1,120.65094,23.977388,000030,國道3號,0,220K+591,中興系統交流道,草屯交流道,0000300122000M,N,N,4,4
VD-N3-N-222.061-M-RS,NFB-CR,0,2,1,1,120.650302,23.963322,000030,國道3號,0,222K+061,中興系統交流道,草屯交流道,0000300122200M,N,N,5,5
VD-N3-N-222.415-N-LOOP,NFB-CR,0,1,5,1,120.652357,23.960581,000030,國道3號,0,222K+415,中興系統交流道,草屯交流道,0000300122220M,NW,N,4,4
VD-N3-N-222-O-SW-1-北上出口,NFB-CR,0,1,5,2,120.653251,23.959923,000030,國道3號,0,222K+500,中興交流道,中興系統交流道,0000301144000M,NW,N,1,1
VD-N3-N-222-I-EN-北上入口-中興系統,NFB-CR,0,1,5,2,120.65189521,23.96216292,000030,國道3號,0,222K+500,中興交流道,中興系統交流道,0000301144020M,N,N,1,1
VD-N3-N-223.021-M-LOOP,NFB-CR,0,1,5,1,120.656929,23.957432,000030,國道3號,0,223K+021,中興交流道,中興系統交流道,0000300122300M,NW,N,4,4
VD-N3-N-224.041-M-RS,NFB-CR,0,2,1,1,120.665698,23.953014,000030,國道3號,0,224K+041,中興交流道,中興系統交流道,0000300122400M,NW,N,4,4
VD-N3-N-224.321-N-LOOP,NFB-CR,0,1,5,1,120.667534,23.951162,000030,國道3號,0,224K+321,中興交流道,中興系統交流道,0000300122400M,NW,N,3,3
VD-N3-N-224-I-WN-22X-北上入口2-南投,NFB-CR,0,1,5,2,120.669072,23.94692,000030,國道3號,0,224K+700,南投交流道,中興交流道,0000301145040M,N,N,1,1
VD-N3-N-224-I-EN-21X-北上入口2-中興,NFB-CR,0,1,5,2,120.671,23.949417,000030,國道3號,0,224K+700,南投交流道,中興交流道,0000301145030M,W,N,1,1
VD-N3-N-224-I-EN-21-北上入口1-中興,NFB-CR,0,1,5,2,120.670278,23.949424,000030,國道3號,0,224K+700,南投交流道,中興交流道,0000301145030M,W,N,1,1
VD-N3-N-224-I-WN-22-北上入口1-南投,NFB-CR,0,1,5,2,120.669896,23.949331,000030,國道3號,0,224K+700,南投交流道,中興交流道,0000301145040M,N,N,1,1
VD-N3-N-224-O-SE-1-北上出口,NFB-CR,0,1,5,2,120.670466,23.94648,000030,國道3號,0,224K+700,南投交流道,中興交流道,0000301145000M,N,N,1,1
VD-N3-N-224-O-SE-21-北上出口-中興,NFB-CR,0,1,5,2,120.67114,23.948944,000030,國道3號,0,224K+700,南投交流道,中興交流道,0000301145010M,NE,N,1,1
VD-N3-N-224.871-N-LOOP,NFB-CR,0,1,5,1,120.670191,23.946809,000030,國道3號,0,224K+871,南投交流道,中興交流道,0000300122440M,NW,N,3,3
VD-N3-N-226.223-M-RS,NFB-CR,0,2,1,1,120.677706,23.937076,000030,國道3號,0,226K+223,南投交流道,中興交流道,0000300122600M,NW,N,4,4
VD-N3-N-227.777-N-LOOP,NFB-CR,0,1,5,1,120.68292,23.924057,000030,國道3號,0,227K+777,南投交流道,中興交流道,0000300122720M,N,N,3,3
VD-N3-N-228-I-WN-1-北上入口-南投,NFB-CR,0,1,5,2,120.682496,23.925045,000030,國道3號,0,228K+600,南投服務區,南投交流道,0000301146000M,N,N,1,1
VD-N3-N-228-O-SW-1-北上出口-南投,NFB-CR,0,1,5,2,120.685785,23.921416,000030,國道3號,0,228K+600,南投服務區,南投交流道,0000301146010M,NW,N,1,1
VD-N3-N-229.265-M-LOOP,NFB-CR,0,1,5,1,120.693068,23.914512,000030,國道3號,0,229K+265,南投服務區,南投交流道,0000300122900M,NW,N,4,4
VD-N3-N-230.704-M-RS,NFB-CR,0,2,1,1,120.703226,23.906003,000030,國道3號,0,230K+704,南投服務區,南投交流道,0000300123000M,NW,N,4,4
VD-N3-N-231.200-R-EN-1-北上入口,NFB-CR,0,1,5,2,120.70583,23.902307,000030,國道3號,0,231K+200,南投服務區,南投交流道,0000301185000M,NW,N,1,1
VD-N3-N-231.552-N-LOOP,NFB-CR,0,1,5,1,120.708168,23.900165,000030,國道3號,0,231K+552,名間交流道,南投服務區,0000300123130M,NW,N,3,3
VD-N3-N-233.081-M-RS,NFB-CR,0,2,1,1,120.709941,23.886867,000030,國道3號,0,233K+081,名間交流道,南投服務區,0000300123300M,N,N,3,3
VD-N3-N-235.070-M-RS,NFB-CR,0,2,1,1,120.705182,23.870112,000030,國道3號,0,235K+070,名間交流道,南投服務區,0000300123500M,N,N,3,3
VD-N3-N-235.731-M-RS,NFB-CR,0,2,1,1,120.703062,23.863992,000030,國道3號,0,235K+731,名間交流道,南投服務區,0000300123500M,N,N,3,3
VD-N3-N-237-I-WN-1X-北上入口2,NFB-CR,0,1,5,2,120.701773,23.851928,000030,國道3號,0,236K+800,竹山交流道,名間交流道,0000301147050M,N,N,1,1
VD-N3-N-237-I-WN-1-北上入口1,NFB-CR,0,1,5,2,120.702372,23.855443,000030,國道3號,0,236K+800,竹山交流道,名間交流道,0000301147050M,N,N,1,1
VD-N3-N-237-O-SW-1-北上出口,NFB-CR,0,1,5,2,120.703019,23.854395,000030,國道3號,0,236K+800,竹山交流道,名間交流道,0000301147000M,SW,N,1,1
VD-N3-N-236.821-N-LOOP,NFB-CR,0,1,5,1,120.702184,23.854358,000030,國道3號,0,236K+821,竹山交流道,名間交流道,0000300123660M,N,N,3,3
VD-N3-N-239.142-M-RS,NFB-CR,0,2,1,1,120.708112,23.834011,000030,國道3號,0,239K+142,竹山交流道,名間交流道,0000300123900M,N,N,3,3
VD-N3-N-240.291-M-RS,NFB-CR,0,2,1,1,120.707431,23.824387,000030,國道3號,0,240K+291,竹山交流道,名間交流道,0000300124000M,N,N,3,3
VD-N3-N-241.341-M-RS,NFB-CR,0,2,1,1,120.701294,23.81597,000030,國道3號,0,241K+341,竹山交流道,名間交流道,0000300124100M,NE,N,3,3
VD-N3-N-242.461-M-RS,NFB-CR,0,2,1,1,120.697468,23.806977,000030,國道3號,0,242K+461,竹山交流道,名間交流道,0000300124200M,N,N,3,3
VD-N3-N-243.641-N-LOOP,NFB-CR,0,1,5,1,120.701433,23.797077,000030,國道3號,0,243K+641,竹山交流道,名間交流道,0000300124360M,NW,N,3,3
VD-N3-N-243-I-EN-1-北上入口1,NFB-CR,0,1,5,2,120.701911,23.797078,000030,國道3號,0,243K+700,南雲交流道,竹山交流道,0000301148130M,NW,N,2,2
VD-N3-N-243-I-EN-1X-北上入口2,NFB-CR,0,1,5,2,120.703211,23.796495,000030,國道3號,0,243K+700,南雲交流道,竹山交流道,0000301148130M,NW,N,2,2
VD-N3-N-243-O-SE-1-北上出口,NFB-CR,0,1,5,2,120.702988,23.795337,000030,國道3號,0,243K+700,南雲交流道,竹山交流道,0000301148000M,NE,N,1,1
VD-N3-N-245.371-M-LOOP,NFB-CR,0,1,5,1,120.702711,23.782127,000030,國道3號,0,245K+371,南雲交流道,竹山交流道,0000300124500M,NE,N,3,3
VD-N3-N-246.241-M-RS,NFB-CR,0,2,1,1,120.696127,23.777547,000030,國道3號,0,246K+241,南雲交流道,竹山交流道,0000300124600M,E,N,3,3
VD-N3-N-247.836-M-RS,NFB-CR,0,2,1,1,120.680693,23.778367,000030,國道3號,0,247K+836,南雲交流道,竹山交流道,0000300124700M,E,N,3,3
VD-N3-N-248.801-M-RS,NFB-CR,0,2,1,1,120.671389,23.777361,000030,國道3號,0,248K+801,南雲交流道,竹山交流道,0000300124800M,E,N,3,3
VD-N3-N-249.834-N-LOOP,NFB-CR,0,1,5,1,120.661773,23.774493,000030,國道3號,0,249K+834,南雲交流道,竹山交流道,0000300124900M,E,N,3,3
VD-N3-N-250-I-EN-21-北上入口-南雲交流道,NFB-CR,0,1,5,2,120.659607,23.773777,000030,國道3號,0,250K+100,斗六交流道,南雲交流道,0000301149030M,NE,N,1,1
VD-N3-N-250-O-SE-21-北上出口-南雲交流道,NFB-CR,0,1,5,2,120.658851,23.773653,000030,國道3號,0,250K+100,斗六交流道,南雲交流道,0000301149010M,SE,N,1,1
VD-N3-N-250.704-M-LOOP,NFB-CR,0,1,5,1,120.653251,23.774341,000030,國道3號,0,250K+704,斗六交流道,南雲交流道,0000300125090M,E,N,3,3
VD-N3-N-252.075-M-LOOP,NFB-CR,0,1,5,1,120.639659,23.774106,000030,國道3號,0,252K+075,斗六交流道,南雲交流道,0000300125200P,E,N,3,3
VD-N3-N-253.175-M-RS,NFB-CR,0,2,1,1,120.628973,23.77468,000030,國道3號,0,253K+175,斗六交流道,南雲交流道,0000300125300P,E,N,3,3
VD-N3-N-254.240-M-RS,NFB-CR,0,2,1,1,120.61873,23.776152,000030,國道3號,0,254K+240,斗六交流道,南雲交流道,0000300125400P,E,N,3,3
VD-N3-N-255.245-M-RS,NFB-CR,0,2,1,1,120.610268,23.77208,000030,國道3號,0,255K+245,斗六交流道,南雲交流道,0000300125500P,NE,N,3,3
VD-N3-N-256.340-M-LOOP,NFB-CR,0,1,5,1,120.605897,23.763376,000030,國道3號,0,256K+340,斗六交流道,南雲交流道,0000300125600P,N,N,3,3
VD-N3-N-257.415-M-RS,NFB-CR,0,2,1,1,120.600488,23.754978,000030,國道3號,0,257K+415,斗六交流道,南雲交流道,0000300125700P,NE,N,3,3
VD-N3-N-258.446-M-RS,NFB-CR,0,2,1,1,120.593534,23.748366,000030,國道3號,0,258K+446,斗六交流道,南雲交流道,0000300125800P,NE,N,3,3
VD-N3-N-259.320-M-RS,NFB-CR,0,2,1,1,120.591902,23.74081,000030,國道3號,0,259K+320,斗六交流道,南雲交流道,0000300125900P,N,N,3,3
VD-N3-N-260-O-SE-1-北上出口,NFB-CR,0,1,5,2,120.59576,23.732746,000030,國道3號,0,260K+300,古坑(北)交流道,斗六交流道,0000301150000P,NW,N,1,1
VD-N3-N-260-I-EN-21-北上入口-林內,NFB-CR,0,1,5,2,120.595436,23.733411,000030,國道3號,0,260K+300,古坑(北)交流道,斗六交流道,0000301150040P,W,N,1,1
VD-N3-N-260-I-EN-1-北上入口,NFB-CR,0,1,5,2,120.594543,23.73436,000030,國道3號,0,260K+300,古坑(北)交流道,斗六交流道,0000301150060P,NW,N,1,1
VD-N3-N-260.450-N-LOOP,NFB-CR,0,1,5,1,120.596422,23.73173,000030,國道3號,0,260K+450,古坑(北)交流道,斗六交流道,0000300126000P,NW,N,3,3
VD-N3-N-261.545-M-LOOP,NFB-CR,0,1,5,1,120.602375,23.723438,000030,國道3號,0,261K+545,古坑(北)交流道,斗六交流道,0000300126120P,NW,N,3,3
VD-N3-N-262.595-M-RS,NFB-CR,0,2,1,1,120.603174,23.714072,000030,國道3號,0,262K+595,古坑(北)交流道,斗六交流道,0000300126200P,N,N,3,3
VD-N3-N-263.665-M-RS,NFB-CR,0,2,1,1,120.603409,23.704494,000030,國道3號,0,263K+665,古坑(北)交流道,斗六交流道,0000300126300P,N,N,3,3
VD-N3-N-264.745-M-RS,NFB-CR,0,2,1,1,120.60055,23.695184,000030,國道3號,0,264K+745,古坑(北)交流道,斗六交流道,0000300126400P,N,N,3,3
VD-N3-N-265.815-M-RS,NFB-CR,0,2,1,1,120.594182,23.687551,000030,國道3號,0,265K+815,古坑(北)交流道,斗六交流道,0000300126500P,NE,N,3,3
VD-N3-N-266.885-M-RS,NFB-CR,0,2,1,1,120.589553,23.678889,000030,國道3號,0,266K+885,古坑(北)交流道,斗六交流道,0000300126600P,NE,N,3,3
VD-N3-N-267.950-N-LOOP,NFB-CR,0,1,5,1,120.581488,23.672789,000030,國道3號,0,267K+950,古坑(北)交流道,斗六交流道,0000300126800P,NE,N,3,3
VD-N3-N-268-I-EN-34,NFB-CR,0,1,5,2,120.57851,23.669871,000030,國道3號,0,268K+232,古坑系統交流道,古坑(北)交流道,0000301152000P,N,N,1,1
VD-N3-N-268-I-WN-21,NFB-CR,0,1,5,2,120.579056,23.670918,000030,國道3號,0,268K+232,古坑系統交流道,古坑(北)交流道,0000301151010P,NE,N,1,1
VD-N3-N-268-I-WN-33,NFB-CR,0,1,5,2,120.578415,23.66995,000030,國道3號,0,268K+232,古坑系統交流道,古坑(北)交流道,0000301152010P,NE,N,1,1
VD-N3-N-268.958-N-LOOP,NFB-CR,0,1,5,1,120.57479,23.666277,000030,國道3號,0,268K+958,古坑系統交流道,古坑(北)交流道,0000300126900P,NE,N,3,3
VD-N3-N-269-I-WN-1-北上入口,NFB-CR,0,1,5,2,120.572115,23.665139,000030,國道3號,0,269K+200,古坑(南)交流道,古坑系統交流道,0000301151010P,NE,N,1,1
VD-N4-E-0.956-M-RS,NFB-CR,0,2,1,1,120.600482,24.306398,000040,國道4號,0,0K+956,清水端,中港系統交流道,0000401001010B,NE,E,3,3
VD-N4-E-1.097-M-LOOP,NFB-CR,0,1,5,1,120.601715,24.3066,000040,國道4號,0,1K+097,清水端,中港系統交流道,0000400000110B,E,E,3,3
VD-N4-E-2-O-ES-1-東向出口-沙鹿,NFB-CR,0,1,5,2,120.610575,24.306461,000040,國道4號,0,2K+300,中港系統交流道,神岡交流道,0000401002000B,SE,E,1,1
VD-N4-E-2-I-SE-21-東向入口-沙鹿,NFB-CR,0,1,5,2,120.613175,24.305711,000040,國道4號,0,2K+300,中港系統交流道,神岡交流道,0000401002030B,E,E,1,1
VD-N4-E-2-I-NE-21-東向入口-大甲,NFB-CR,0,1,5,2,120.614323,24.309568,000040,國道4號,0,2K+300,中港系統交流道,神岡交流道,0000401002060B,SE,E,2,2
VD-N4-E-2-O-EN-1-東向出口-大甲,NFB-CR,0,1,5,2,120.613769,24.30636,000040,國道4號,0,2K+300,中港系統交流道,神岡交流道,0000401002050B,SW,E,1,1
VD-N4-E-2-I-SE-1-東向入口,NFB-CR,0,1,5,2,120.619712,24.306716,000040,國道4號,0,2K+300,中港系統交流道,神岡交流道,0000401002070B,E,E,2,2
VD-N4-E-2.785-N-Loop,NFB-CR,0,1,5,1,120.618182,24.307203,000040,國道4號,0,2K+785,中港系統交流道,神岡交流道,0000400000310B,E,E,2,2
VD-N4-E-3.862-M-RS,NFB-CR,0,2,1,1,120.628392,24.304748,000040,國道4號,0,3K+862,中港系統交流道,神岡交流道,0000400000400B,E,E,3,3
VD-N4-E-5.640-M-RS,NFB-CR,0,2,1,1,120.643307,24.296312,000040,國道4號,0,5K+640,中港系統交流道,神岡交流道,0000400000500B,SE,E,3,3
VD-N4-E-6.722-M-RS,NFB-CR,0,2,1,1,120.651583,24.290006,000040,國道4號,0,6K+722,中港系統交流道,神岡交流道,0000400000700B,SE,E,3,3
VD-N4-E-7.877-M-LOOP,NFB-CR,0,1,5,1,120.661134,24.284495,000040,國道4號,0,7K+877,中港系統交流道,神岡交流道,0000400000800B,SE,E,3,3
VD-N4-E-8-I-NE-1Y-東向入口3,NFB-CR,0,1,5,2,120.668112,24.278816,000040,國道4號,0,9K+000,神岡交流道,台中系統交流道,0000401103090B,S,E,1,1
VD-N4-E-8-O-WE-21-東向出口2,NFB-CR,0,1,5,2,120.668265,24.277728,000040,國道4號,0,9K+000,神岡交流道,台中系統交流道,0000401003020B,E,E,1,1
VD-N4-E-9-I-SE-1-東向入口1,NFB-CR,0,1,5,2,120.670411,24.276245,000040,國道4號,0,9K+000,神岡交流道,台中系統交流道,0000401003030B,E,E,1,1
VD-N4-E-9-I-SE-1X-東向入口2,NFB-CR,0,1,5,2,120.667802,24.275948,000040,國道4號,0,9K+000,神岡交流道,台中系統交流道,0000401003030B,E,E,1,1
VD-N4-E-9-O-WS-22-東向出口1,NFB-CR,0,1,5,2,120.667691,24.277628,000040,國道4號,0,9K+000,神岡交流道,台中系統交流道,0000401003000B,SE,E,1,1
VD-N4-E-9.020-N-LOOP,NFB-CR,0,1,5,1,120.669622,24.277681,000040,國道4號,0,9K+020,神岡交流道,台中系統交流道,0000400000910B,SE,E,3,3
VD-N4-E-10.160-M-RS,NFB-CR,0,2,1,1,120.678287,24.271267,000040,國道4號,0,10K+160,神岡交流道,台中系統交流道,0000400001000B,SE,E,3,3
VD-N4-E-10.520-M-LOOP,NFB-CR,0,1,5,1,120.68161,24.270378,000040,國道4號,0,10K+520,神岡交流道,台中系統交流道,0000400001000B,SE,E,3,3
VD-N4-E-11-I-SE-21-東向入口-豐原,NFB-CR,0,1,5,2,120.693794,24.269087,000040,國道4號,0,11K+700,台中系統交流道,后豐交流道,0000401004050B,NE,E,1,1
VD-N4-E-11-I-NE-22-東向入口-后里,NFB-CR,0,1,5,2,120.692594,24.272452,000040,國道4號,0,11K+700,台中系統交流道,后豐交流道,0000401004060B,SE,E,1,1
VD-N4-E-11-O-WS-21-東向出口1-豐原,NFB-CR,0,1,5,2,120.690966,24.269923,000040,國道4號,0,11K+700,台中系統交流道,后豐交流道,0000401004010B,SE,E,1,1
VD-N4-E-11-O-WS-21X-東向出口2-豐原,NFB-CR,0,1,5,2,120.692125,24.269246,000040,國道4號,0,11K+700,台中系統交流道,后豐交流道,0000401004010B,SE,E,1,1
VD-N4-E-11-O-WN-22-東向出口1-后里,NFB-CR,0,1,5,2,120.691023,24.270076,000040,國道4號,0,11K+700,台中系統交流道,后豐交流道,0000401004020B,NE,E,1,1
VD-N4-E-11-O-WN-22X-東向出口2-后里,NFB-CR,0,1,5,2,120.693479,24.269472,000040,國道4號,0,11K+700,台中系統交流道,后豐交流道,0000401004020B,NE,E,1,1
VD-N4-E-11.864-N-Loop,NFB-CR,0,1,5,1,120.694828,24.271036,000040,國道4號,0,11K+864,台中系統交流道,后豐交流道,0000400001150B,E,E,3,3
VD-N4-E-13.400-M-RS,NFB-CR,0,2,1,1,120.708755,24.276429,000040,國道4號,0,13K+400,台中系統交流道,后豐交流道,0000400001300B,E,E,3,3
VD-N4-E-13.438-M-LOOP,NFB-CR,0,1,5,1,120.70909,24.276544,000040,國道4號,0,13K+438,台中系統交流道,后豐交流道,0000400001300B,E,E,3,3
VD-N4-E-14-O-E-1-東向出口,NFB-CR,0,1,5,2,120.719527,24.277915,000040,國道4號,0,14K+300,后豐交流道,豐勢交流道,0000401005000B,E,E,1,1
VD-N4-E-15.515-M-RS,NFB-CR,0,2,1,1,120.72904,24.276093,000040,國道4號,0,15K+515,后豐交流道,豐勢交流道,0000400001500B,E,E,3,3
VD-N4-E-15.868-M-LOOP,NFB-CR,0,1,5,1,120.732144,24.274734,000040,國道4號,0,15K+868,后豐交流道,豐勢交流道,0000400001500B,E,E,3,3
VD-N4-E-16-O-WS-1-匝道1,NFB-CR,0,1,5,2,120.741815,24.270823,000040,國道4號,0,16K+930,后豐交流道,豐勢交流道,0000401007010B,E,E,2,2
VD-N4-E-16.936-N-LOOP,NFB-CR,0,1,5,1,120.742178,24.270936,000040,國道4號,0,16K+936,后豐交流道,豐勢交流道,0000400001700B,E,E,2,2
VD-N4-E-16-I-NE-1-匝道3,NFB-CR,0,1,5,2,120.743031,24.268143,000040,國道4號,0,17K+140,后豐交流道,豐勢交流道,0000401007020B,N,E,1,1
VD-N4-E-17.768-M-RS,NFB-CR,0,2,1,1,120.749533,24.268543,000040,國道4號,0,17K+768,后豐交流道,豐勢交流道,0000400001760B,SE,E,2,2
VD-N4-E-18.350-M-LOOP,NFB-CR,0,1,5,1,120.753768,24.265501,000040,國道4號,0,18K+350,豐勢交流道,潭子交流道,0000400001839B,S,E,2,2
VD-N4-E-18.970-PS-LOOP-避車彎,NFB-CR,0,1,5,1,120.756181,24.260081,000040,國道4號,0,18K+970,豐勢交流道,潭子交流道,0000400001839B,S,E,1,1
VD-N4-E-19.280-M-LOOP,NFB-CR,0,1,5,1,120.755908,24.256673,000040,國道4號,0,19K+280,豐勢交流道,潭子交流道,0000400001839B,S,E,2,2
VD-N4-E-23.300-M-RS,NFB-CR,0,2,1,1,120.713815,24.200446,100740,國道4號,0,19K+836,豐勢交流道,潭子交流道,1007400101950B,W,E,2,2
VD-N4-E-19.998-M-RS,NFB-CR,0,2,1,1,120.752435,24.251946,000040,國道4號,0,19K+998,豐勢交流道,潭子交流道,0000400001839B,S,E,2,2
VD-N4-E-20.370-M-LOOP,NFB-CR,0,1,5,1,120.749734,24.249939,000040,國道4號,0,20K+370,豐勢交流道,潭子交流道,0000400002040B,SW,E,2,2
VD-N4-E-20.657-M-RS,NFB-CR,0,2,1,1,120.747881,24.247747,000040,國道4號,0,20K+657,豐勢交流道,潭子交流道,0000400002040B,SW,E,2,2
VD-N4-E-21.350-M-LOOP,NFB-CR,0,1,5,1,120.743905,24.242564,000040,國道4號,0,21K+350,豐勢交流道,潭子交流道,0000400002096B,SW,E,2,2
VD-N4-E-21.670-PS-LOOP-避車彎,NFB-CR,0,1,5,1,120.741153,24.240489,000040,國道4號,0,21K+670,豐勢交流道,潭子交流道,0000400002096B,SW,E,1,1
VD-N4-E-22.350-M-RS,NFB-CR,0,2,1,1,120.736279,24.237142,000040,國道4號,0,22K+350,豐勢交流道,潭子交流道,0000400002096B,SW,E,2,2
VD-N4-E-24.638-M-LOOP,NFB-CR,0,1,5,1,120.726651,24.220579,000040,國道4號,0,24K+638,豐勢交流道,潭子交流道,0000400002454B,W,E,2,2
VD-N4-E-26-I-SE-22-豐原聯絡道,NFB-CR,0,1,5,2,120.718861,24.217882,000040,國道4號,0,25K+560,豐勢交流道,潭子交流道,0000401008030B,S,E,1,1
VD-N4-E-26-O-WN-1-環道1,NFB-CR,0,1,5,2,120.718353,24.217573,000040,國道4號,0,25K+630,豐勢交流道,潭子交流道,0000401008000B,S,E,1,1
VD-N4-E-26-O-WN-21-環道1,NFB-CR,0,1,5,2,120.718709,24.214253,000040,國道4號,0,25K+920,豐勢交流道,潭子交流道,0000401008000B,S,E,1,1
VD-N4-E-26-I-SE-31-環道3,NFB-CR,0,1,5,2,120.718428,24.214471,000040,國道4號,0,25K+930,豐勢交流道,潭子交流道,0000401008040B,SE,E,1,1
VD-N4-E-26-I-SE-21-環道3,NFB-CR,0,1,5,2,120.718208,24.213564,000040,國道4號,0,26K+100,豐勢交流道,潭子交流道,0000401008060B,SW,E,1,1
VD-N4-E-26.430-N-LOOP,NFB-CR,0,1,5,1,120.716765,24.210529,000040,國道4號,0,26K+430,豐勢交流道,潭子交流道,0000400002600B,S,E,2,2
VD-N4-E-26.767-M-LOOP,NFB-CR,0,1,5,1,120.716937,24.20739,000040,國道4號,0,26K+767,潭子交流道,潭子系統交流道,0000400002734B,S,E,3,3
VD-N4-W-0.998-M-LOOP,NFB-CR,0,1,5,1,120.600899,24.306601,000040,國道4號,0,0K+998,中港系統交流道,清水端,0000400100110B,W,W,2,2
VD-N4-W-1.192-M-LOOP,NFB-CR,0,1,5,1,120.60261,24.30685,000040,國道4號,0,1K+192,中港系統交流道,清水端,0000400100110B,W,W,2,2
VD-N4-W-1.890-N-Loop,NFB-CR,0,1,5,1,120.609451,24.307445,000040,國道4號,0,1K+890,中港系統交流道,清水端,0000400100110B,W,W,2,2
VD-N4-W-2-I-NW-1B-西向入口-大甲,NFB-CR,0,1,5,2,120.613872,24.309789,000040,國道4號,0,2K+300,神岡交流道,中港系統交流道,0000401102090B,SW,W,1,1
VD-N4-W-2-I-NW-1-西向入口,NFB-CR,0,1,5,2,120.616083,24.311333,000040,國道4號,0,2K+300,神岡交流道,中港系統交流道,0000401102090B,SW,W,2,2
VD-N4-W-2-I-SW-1A-西向入口-沙鹿,NFB-CR,0,1,5,2,120.616299,24.308403,000040,國道4號,0,2K+300,神岡交流道,中港系統交流道,0000401102030B,S,W,1,1
VD-N4-W-2-O-WS-1-西向出口-沙鹿,NFB-CR,0,1,5,2,120.611322,24.306462,000040,國道4號,0,2K+300,神岡交流道,中港系統交流道,0000401102070B,SW,W,1,1
VD-N4-W-2.346-N-LOOP,NFB-CR,0,1,5,1,120.613901,24.307531,000040,國道4號,0,2K+346,神岡交流道,中港系統交流道,0000400100200B,W,W,3,3
VD-N4-W-3.654-M-LOOP,NFB-CR,0,1,5,1,120.626561,24.305543,000040,國道4號,0,3K+654,神岡交流道,中港系統交流道,0000400100400B,W,W,3,3
VD-N4-W-5.540-M-RS,NFB-CR,0,2,1,1,120.642778,24.296964,000040,國道4號,0,5K+540,神岡交流道,中港系統交流道,0000400100500B,NW,W,3,3
VD-N4-W-6.600-M-RS,NFB-CR,0,2,1,1,120.650324,24.290922,000040,國道4號,0,6K+600,神岡交流道,中港系統交流道,0000400100600B,NW,W,3,3
VD-N4-W-7.764-M-LOOP,NFB-CR,0,1,5,1,120.6603,24.285166,000040,國道4號,0,7K+764,神岡交流道,中港系統交流道,0000400100700B,NW,W,3,3
VD-N4-W-8-I-NW-1X-西向入口2,NFB-CR,0,1,5,2,120.669072,24.280074,000040,國道4號,0,9K+000,台中系統交流道,神岡交流道,0000401103080B,W,W,1,1
VD-N4-W-9-O-EN-22-西向出口3,NFB-CR,0,1,5,2,120.671799,24.277184,000040,國道4號,0,9K+000,台中系統交流道,神岡交流道,0000401103043B,NW,W,1,1
VD-N4-W-9-I-SW-1-西向入口,NFB-CR,0,1,5,2,120.670949,24.277542,000040,國道4號,0,9K+000,台中系統交流道,神岡交流道,0000401103010B,S,W,1,1
VD-N4-W-9.000-N-LOOP,NFB-CR,0,1,5,1,120.666595,24.280554,000040,國道4號,0,9K+000,台中系統交流道,神岡交流道,0000400100890B,NW,W,3,3
VD-N4-W-9-O-ES-21X-西向出口2,NFB-CR,0,1,5,2,120.669187,24.279506,000040,國道4號,0,9K+000,台中系統交流道,神岡交流道,0000401103006B,NW,W,1,1
VD-N4-W-9-O-ES-21-西向出口1,NFB-CR,0,1,5,2,120.671025,24.277022,000040,國道4號,0,9K+000,台中系統交流道,神岡交流道,0000401103006B,NW,W,1,1
VD-N4-W-10.200-M-LOOP,NFB-CR,0,1,5,1,120.678715,24.271248,000040,國道4號,0,10K+200,台中系統交流道,神岡交流道,0000400101000B,NW,W,3,3
VD-N4-W-10.250-M-RS,NFB-CR,0,2,1,1,120.679095,24.271127,000040,國道4號,0,10K+250,台中系統交流道,神岡交流道,0000400101000B,NW,W,3,3
VD-N4-W-11.438-N-Loop,NFB-CR,0,1,5,1,120.690713,24.270476,000040,國道4號,0,11K+437,台中系統交流道,神岡交流道,0000400101140B,W,W,3,3
VD-N4-W-11-I-SW-22-西向入口1-豐原,NFB-CR,0,1,5,2,120.690794,24.271069,000040,國道4號,0,11K+700,后豐交流道,台中系統交流道,0000401104060B,NW,W,1,1
VD-N4-W-11-I-NW-21-西向入口-后里,NFB-CR,0,1,5,2,120.691408,24.271885,000040,國道4號,0,11K+700,后豐交流道,台中系統交流道,0000401104050B,SW,W,1,1
VD-N4-W-11-I-SW-22X-西向入口2-豐原,NFB-CR,0,1,5,2,120.693155,24.269087,000040,國道4號,0,11K+700,后豐交流道,台中系統交流道,0000401104060B,NW,W,1,1
VD-N4-W-11-O-EN-21-西向出口1-后里,NFB-CR,0,1,5,2,120.694347,24.271583,000040,國道4號,0,11K+700,后豐交流道,台中系統交流道,0000401104010B,NW,W,1,1
VD-N4-W-11-O-ES-22-西向出口1-豐原,NFB-CR,0,1,5,2,120.69453,24.271408,000040,國道4號,0,11K+700,后豐交流道,台中系統交流道,0000401104020B,SW,W,1,1
VD-N4-W-11-O-ES-22X-西向出口2-豐原,NFB-CR,0,1,5,2,120.692129,24.272011,000040,國道4號,0,11K+700,后豐交流道,台中系統交流道,0000401104020B,SW,W,1,1
VD-N4-W-13.172-M-LOOP,NFB-CR,0,1,5,1,120.706762,24.275819,000040,國道4號,0,13K+172,后豐交流道,台中系統交流道,0000400101300B,W,W,3,3
VD-N4-W-13.621-M-LOOP,NFB-CR,0,1,5,1,120.710798,24.27715,000040,國道4號,0,13K+621,后豐交流道,台中系統交流道,0000400101300B,W,W,3,3
VD-N4-W-14-I-W-1X-西向入口2,NFB-CR,0,1,5,2,120.720254,24.278233,000040,國道4號,0,14K+300,豐勢交流道,后豐交流道,0000401105000B,W,W,1,1
VD-N4-W-14-I-W-1-西向入口1,NFB-CR,0,1,5,2,120.719543,24.278263,000040,國道4號,0,14K+300,豐勢交流道,后豐交流道,0000401105000B,W,W,1,1
VD-N4-W-15.440-M-LOOP,NFB-CR,0,1,5,1,120.728327,24.276505,000040,國道4號,0,15K+440,豐勢交流道,后豐交流道,0000400101500B,W,W,3,3
VD-N4-W-16.650-M-RS,NFB-CR,0,2,1,1,120.739443,24.271863,000040,國道4號,0,16K+650,豐勢交流道,后豐交流道,0000400101600B,NW,W,3,3
VD-N4-W-16.936-N-LOOP,NFB-CR,0,1,5,1,120.742246,24.271062,000040,國道4號,0,16K+936,豐勢交流道,后豐交流道,0000400101700B,W,W,2,2
VD-N4-W-16-I-NW-1-匝道2,NFB-CR,0,1,5,2,120.742378,24.271182,606830,國道4號,0,17K+015,豐勢交流道,后豐交流道,6068300600003B,W,W,2,2
VD-N4-W-16-O-ES-1-匝道4,NFB-CR,0,1,5,2,120.745484,24.270448,000040,國道4號,0,17K+305,豐勢交流道,后豐交流道,0000401107020B,SW,W,1,1
VD-N4-W-17.858-M-LOOP,NFB-CR,0,1,5,1,120.750443,24.268339,000040,國道4號,0,17K+858,潭子交流道,豐勢交流道,0000400101760B,NW,W,2,2
VD-N4-W-18.358-M-LOOP,NFB-CR,0,1,5,1,120.754845,24.265081,000040,國道4號,0,18K+358,潭子交流道,豐勢交流道,0000400101828B,N,W,2,2
VD-N4-W-19.020-PS-LOOP-避車彎,NFB-CR,0,1,5,1,120.756645,24.159877,000040,國道4號,0,19K+020,潭子交流道,豐勢交流道,0000400101828B,N,W,1,1
VD-N4-W-19.332-M-LOOP,NFB-CR,0,1,5,1,120.756475,24.257523,000040,國道4號,0,19K+332,潭子交流道,豐勢交流道,0000400101828B,N,W,2,2
VD-N4-W-20.136-M-RS,NFB-CR,0,2,1,1,120.752284,24.251429,000040,國道4號,0,20K+136,潭子交流道,豐勢交流道,0000400102008B,NE,W,2,2
VD-N4-W-20.447-M-LOOP,NFB-CR,0,1,5,1,120.750164,24.249497,000040,國道4號,0,20K+447,潭子交流道,豐勢交流道,0000400102030B,NE,W,2,2
VD-N4-W-20.690-M-RS,NFB-CR,0,2,1,1,120.748553,24.247811,000040,國道4號,0,20K+690,潭子交流道,豐勢交流道,0000400102030B,NE,W,2,2
VD-N4-W-21.427-M-LOOP,NFB-CR,0,1,5,1,120.743667,24.241542,000040,國道4號,0,21K+427,潭子交流道,豐勢交流道,0000400102089B,NE,W,2,2
VD-N4-W-21.760-PS-LOOP-避車彎,NFB-CR,0,1,5,1,120.741629,24.240117,000040,國道4號,0,21K+760,潭子交流道,豐勢交流道,0000400102089B,NE,W,1,1
VD-N4-W-22.550-M-RS,NFB-CR,0,2,1,1,120.735841,24.236126,000040,國道4號,0,22K+550,潭子交流道,豐勢交流道,0000400102248B,SW,W,2,2
VD-N4-W-23.400-M-RS,NFB-CR,0,2,1,1,120.732441,24.228801,000040,國道4號,0,23K+400,潭子交流道,豐勢交流道,0000400102248B,SW,W,2,2
VD-N4-W-24.638-M-RS,NFB-CR,0,2,1,1,120.726549,24.220344,000040,國道4號,0,24K+638,潭子交流道,豐勢交流道,0000400102448B,W,W,2,2
VD-N4-W-26-I-NW-1-環道2,NFB-CR,0,1,5,2,120.719134,24.215781,000040,國道4號,0,25K+780,潭子交流道,豐勢交流道,0000401108070B,N,W,1,1
VD-N4-W-26-I-NW-21-環道2,NFB-CR,0,1,5,2,120.718541,24.215341,000040,國道4號,0,25K+875,潭子交流道,豐勢交流道,0000401108050B,NW,W,1,1
VD-N4-W-26-O-ES-31-環道4,NFB-CR,0,1,5,2,120.718279,24.215575,000040,國道4號,0,25K+890,潭子交流道,豐勢交流道,0000401108010B,NE,W,2,2
VD-N4-W-26-O-ES-22-豐原聯絡道,NFB-CR,0,1,5,2,120.717941,24.215464,000040,國道4號,0,25K+900,潭子交流道,豐勢交流道,0000401108020B,N,W,1,1
VD-N4-W-26-O-ES-21-環道4,NFB-CR,0,1,5,2,120.718207,24.215192,000040,國道4號,0,25K+900,潭子交流道,豐勢交流道,0000401108010B,NE,W,1,1
VD-N4-W-26-O-ES-1-環道4,NFB-CR,0,1,5,2,120.717467,24.212823,000040,國道4號,0,26K+260,潭子交流道,豐勢交流道,0000401108000B,N,W,1,1
VD-N4-W-26.430-N-LOOP,NFB-CR,0,1,5,1,120.716999,24.210552,000040,國道4號,0,26K+430,潭子交流道,豐勢交流道,0000400102600B,N,W,2,2
VD-N4-W-26.825-M-LOOP,NFB-CR,0,1,5,1,120.717292,24.20702,000040,國道4號,0,26K+825,潭子系統交流道,潭子交流道,0000400102713B,N,W,3,3
VD-N4-W-27-I-SW-21-匝道4,NFB-CR,0,1,5,2,120.717017,24.199053,000040,國道4號,0,27K+753,潭子系統交流道,潭子交流道,0000401109010B,N,W,2,2
VD-N4-W-27-I-NW-22-匝道1,NFB-CR,0,1,5,2,120.716098,24.198691,000040,國道4號,0,28K+055,--交流道,潭子系統交流道,0000401109000B,NE,W,1,1
VD-N6-E-0-I-NE-1-東向入口,NFB-CR,0,1,5,2,120.669546,24.029124,000060,國道6號,0,0K+000,霧峰系統交流道,舊正交流道,0000601001010B,S,E,2,2
VD-N6-E-0-I-SE-1-東向入口,NFB-CR,0,1,5,2,120.66826,24.026022,000060,國道6號,0,0K+000,霧峰系統交流道,舊正交流道,0000601001000B,E,E,1,1
VD-N6-E-0.945-M-RS,NFB-CR,0,2,1,1,120.680261,24.021479,000060,國道6號,0,0K+945,霧峰系統交流道,舊正交流道,0000600000000B,SE,E,2,2
VD-N6-E-2.659-M-RS,NFB-CR,0,2,1,1,120.694262,24.01327,000060,國道6號,0,2K+659,霧峰系統交流道,舊正交流道,0000600000200B,SE,E,2,2
VD-N6-E-3-O-WE-1-東行出口,NFB-CR,0,1,5,2,120.687113,24.017264,000060,國道6號,0,3K+000,舊正交流道,東草屯交流道,0000601002000B,SE,E,1,1
VD-N6-E-3-I-WE-1-東向入口-舊正,NFB-CR,0,1,5,2,120.696713,24.012386,000060,國道6號,0,3K+000,舊正交流道,東草屯交流道,0000601002010B,E,E,1,1
VD-N6-E-3.060-M-LOOP,NFB-CR,0,1,5,1,120.698055,24.012164,000060,國道6號,0,3K+060,舊正交流道,東草屯交流道,0000600000300B,E,E,2,2
VD-N6-E-4.026-M-RS,NFB-CR,0,2,1,1,120.706513,24.008047,000060,國道6號,0,4K+026,舊正交流道,東草屯交流道,0000600000400B,E,E,2,2
VD-N6-E-4.780-M-LOOP,NFB-CR,0,1,5,1,120.713572,24.006375,000060,國道6號,0,4K+780,舊正交流道,東草屯交流道,0000600000450M,E,E,2,2
VD-N6-E-5-O-WS-1-東向出口-東草屯,NFB-CR,0,1,5,2,120.71744,24.006264,000060,國道6號,0,5K+000,東草屯交流道,東草屯休息站,0000601003000M,E,E,1,1
VD-N6-E-5-I-SE-1-東向入口-東草屯,NFB-CR,0,1,5,2,120.719541,24.005061,000060,國道6號,0,5K+000,東草屯交流道,東草屯休息站,0000601003030M,NE,E,1,1
VD-N6-E-5.423-N-LOOP,NFB-CR,0,1,5,1,120.71988,24.006796,000060,國道6號,0,5K+423,東草屯交流道,東草屯休息站,0000600000500M,E,E,2,2
VD-N6-E-6-O-WE-1-東向出口-東草屯休息站,NFB-CR,0,1,5,2,120.728131,24.005497,000060,國道6號,0,6K+700,東草屯休息站,國姓交流道,0000601080000M,SE,E,1,1
VD-N6-E-6-I-WE-1-東向入口-東草屯休息站,NFB-CR,0,1,5,2,120.732003,24.004053,000060,國道6號,0,6K+700,東草屯休息站,國姓交流道,0000601080010M,E,E,1,1
VD-N6-E-6.800-M-RS,NFB-CR,0,2,1,1,120.732846,24.003986,000060,國道6號,0,6K+800,東草屯休息站,國姓交流道,0000600000600M,E,E,2,2
VD-N6-E-7.250-M-RS,NFB-CR,0,2,1,1,120.736733,24.002153,000060,國道6號,0,7K+250,東草屯休息站,國姓交流道,0000600000720M,SE,E,2,2
VD-N6-E-9.135-M-RS,NFB-CR,0,2,1,1,120.751625,23.99285,000060,國道6號,0,9K+135,東草屯休息站,國姓交流道,0000600000900M,SE,E,2,2
VD-N6-E-11.100-M-RS,NFB-CR,0,2,1,1,120.766681,23.982361,000060,國道6號,0,11K+100,東草屯休息站,國姓交流道,0000600001100M,E,E,2,2
VD-N6-E-13.278-M-RS,NFB-CR,0,2,1,1,120.785953,23.988564,000060,國道6號,0,13K+278,東草屯休息站,國姓交流道,0000600001300M,E,E,2,2
VD-N6-E-14.800-M-RS,NFB-CR,0,2,1,1,120.799805,23.989979,000060,國道6號,0,14K+800,東草屯休息站,國姓交流道,0000600001400M,NE,E,3,3
VD-N6-E-15.470-M-RS,NFB-CR,0,2,1,1,120.801406,23.99583,000060,國道6號,0,15K+470,東草屯休息站,國姓交流道,0000600001500M,N,E,3,3
VD-N6-E-16.917-M-LOOP,NFB-CR,0,1,5,1,120.811788,24.004168,000060,國道6號,0,16K+917,東草屯休息站,國姓交流道,0000600001600M,NE,E,3,3
VD-N6-E-17-I-NE-1-東向入口-國姓,NFB-CR,0,1,5,2,120.813081,24.007653,000060,國道6號,0,17K+000,國姓交流道,北山交流道,0000601004010M,SE,E,1,1
VD-N6-E-17-O-WN-1-東向出口-國姓,NFB-CR,0,1,5,2,120.814058,24.004304,000060,國道6號,0,17K+000,國姓交流道,北山交流道,0000601004000M,N,E,1,1
VD-N6-E-17.651-M-OH,NFB-CR,0,3,1,1,120.818764,24.004921,000060,國道6號,0,17K+000,國姓交流道,北山交流道,0000600001770M,E,E,2,2
VD-N6-E-18.024-M-OH,NFB-CR,0,3,1,1,120.822347,24.004211,000060,國道6號,0,17K+000,國姓交流道,北山交流道,0000600001800M,E,E,2,2
VD-N6-E-19.802-M-OH,NFB-CR,0,3,1,1,120.839419,24.001754,000060,國道6號,0,17K+000,國姓交流道,北山交流道,0000600001900M,E,E,2,2
VD-N6-E-20.478-M-RS,NFB-CR,0,2,1,1,120.84557,23.998903,000060,國道6號,0,20K+478,國姓交流道,北山交流道,0000600002000M,SE,E,2,2
VD-N6-E-22.470-M-RS,NFB-CR,0,2,1,1,120.85867,23.985983,000060,國道6號,0,22K+470,國姓交流道,北山交流道,0000600002200M,SE,E,2,2
VD-N6-E-24.402-M-RS,NFB-CR,0,2,1,1,120.874042,23.976389,000060,國道6號,0,25K+000,北山交流道,愛蘭交流道,0000600002430M,E,E,2,2
VD-N6-E-24.732-M-OH,NFB-CR,0,3,1,1,120.877159,23.976876,000060,國道6號,0,25K+000,北山交流道,愛蘭交流道,0000600002430M,E,E,2,2
VD-N6-E-25-O-WN-1-東向出口-北山,NFB-CR,0,1,5,2,120.883482,23.979539,000060,國道6號,0,25K+000,北山交流道,愛蘭交流道,0000601005000M,NE,E,1,1
VD-N6-E-25.087-M-LOOP,NFB-CR,0,1,5,1,120.88039,23.978277,000060,國道6號,0,25K+087,北山交流道,愛蘭交流道,0000600002510M,E,E,2,2
VD-N6-E-25.934-M-RS,NFB-CR,0,2,1,1,120.888041,23.981194,000060,國道6號,0,25K+934,北山交流道,愛蘭交流道,0000600002510M,E,E,2,2
VD-N6-E-27.818-M-OH,NFB-CR,0,3,1,1,120.906084,23.978139,000060,國道6號,0,29K+000,愛蘭交流道,埔里交流道,0000600002730M,E,E,2,2
VD-N6-E-28.498-M-OH,NFB-CR,0,3,1,1,120.912695,23.978329,000060,國道6號,0,29K+000,愛蘭交流道,埔里交流道,0000600002810M,E,E,2,2
VD-N6-E-29-I-SE-1-東向入口-愛蘭,NFB-CR,0,1,5,2,120.926479,23.980582,000060,國道6號,0,29K+000,愛蘭交流道,埔里交流道,0000601006030M,NE,E,1,1
VD-N6-E-29-O-WS-1-東向出口-愛蘭,NFB-CR,0,1,5,2,120.923663,23.980188,000060,國道6號,0,29K+000,愛蘭交流道,埔里交流道,0000601006000M,E,E,1,1
VD-N6-E-29.198-M-LOOP,NFB-CR,0,1,5,1,120.918793,23.979322,000060,國道6號,0,29K+179,愛蘭交流道,埔里交流道,0000600002860M,E,E,2,2
VD-N6-E-29.978-N-LOOP,NFB-CR,0,1,5,1,120.926983,23.981348,000060,國道6號,0,29K+978,愛蘭交流道,埔里交流道,0000600002910M,E,E,2,2
VD-N6-E-31.951-M-RS,NFB-CR,0,2,1,1,120.943585,23.990264,000060,國道6號,0,31K+951,愛蘭交流道,埔里交流道,0000600003100M,NE,E,2,2
VD-N6-E-33.951-M-LOOP,NFB-CR,0,1,5,1,120.962939,23.99234,000060,國道6號,0,33K+951,愛蘭交流道,埔里交流道,0000600003300M,E,E,2,2
VD-N6-E-34-O-WS-1-東向出口-埔里,NFB-CR,0,1,5,2,120.96667,23.990833,000060,國道6號,0,34K+000,埔里交流道,埔里端,0000601007000M,SE,E,2,2
VD-N6-E-35.360-M-RS,NFB-CR,0,2,1,1,120.975476,23.987141,000060,國道6號,0,35K+360,埔里交流道,埔里端,0000600003500M,E,E,2,2
VD-N6-E-36.368-M-LOOP,NFB-CR,0,1,5,1,120.984745,23.983654,000060,國道6號,0,36K+368,埔里交流道,埔里端,0000600003600M,E,E,2,2
VD-N3-S-214-I-ES-1-南向入口,NFB-CR,0,1,5,2,120.670425,24.026504,000030,國道6號,0,0K+000,舊正交流道,霧峰系統交流道,0000301042010B,W,W,1,1
VD-N6-W-0.990-M-LOOP,NFB-CR,0,1,5,1,120.680679,24.021388,000060,國道6號,0,0K+990,舊正交流道,霧峰系統交流道,0000600100000B,NW,W,2,2
VD-N6-W-2.032-M-LOOP,NFB-CR,0,1,5,1,120.689042,24.016022,000060,國道6號,0,2K+032,舊正交流道,霧峰系統交流道,0000600100210B,NW,W,2,2
VD-N6-W-2.765-M-RS,NFB-CR,0,2,1,1,120.695348,24.013042,000060,國道6號,0,2K+765,舊正交流道,霧峰系統交流道,0000600100210B,NW,W,2,2
VD-N6-W-3-I-EW-1-西行入口,NFB-CR,0,1,5,2,120.68797,24.016974,000060,國道6號,0,3K+000,東草屯交流道,舊正交流道,0000601102030B,NW,W,1,1
VD-N3-N-214-I-EN-1-北向入口,NFB-CR,0,1,5,2,120.670494,24.026634,000030,國道6號,0,3K+000,東草屯交流道,舊正交流道,0000301142010B,N,W,1,1
VD-N6-W-5-I-SW-1-西向入口-東草屯,NFB-CR,0,1,5,2,120.719092,24.005548,000060,國道6號,0,3K+000,東草屯交流道,舊正交流道,0000601103010M,NW,W,1,1
VD-N6-W-3.472-M-LOOP,NFB-CR,0,1,5,1,120.701867,24.010662,000060,國道6號,0,3K+472,東草屯交流道,舊正交流道,0000600100390B,NW,W,2,2
VD-N6-W-4.030-M-RS,NFB-CR,0,2,1,1,120.706365,24.008234,000060,國道6號,0,4K+030,東草屯交流道,舊正交流道,0000600100400B,W,W,2,2
VD-N6-W-4.950-N-LOOP,NFB-CR,0,1,5,1,120.715226,24.006473,000060,國道6號,0,4K+950,東草屯交流道,舊正交流道,0000600100480M,W,W,2,2
VD-N6-W-5-O-ES-1-西向出口-東草屯,NFB-CR,0,1,5,2,120.716224,24.007349,000060,國道6號,0,5K+000,東草屯休息站,東草屯交流道,0000601103000M,SE,W,1,1
VD-N6-W-3-O-EW-1-西向出口-舊正,NFB-CR,0,1,5,2,120.698578,24.012254,000060,國道6號,0,5K+000,東草屯休息站,東草屯交流道,0000601102000B,NW,W,1,1
VD-N6-W-5.335-M-LOOP,NFB-CR,0,1,5,1,120.719016,24.006802,000060,國道6號,0,5K+335,東草屯休息站,東草屯交流道,0000600100530M,W,W,2,2
VD-N6-W-6-O-EW-1-西向出口-東草屯休息站,NFB-CR,0,1,5,2,120.733023,24.004229,000060,國道6號,0,6K+700,國姓交流道,東草屯休息站,0000600100650M,NW,W,1,1
VD-N6-W-6-I-EW-1-西向入口-東草屯休息站,NFB-CR,0,1,5,2,120.732222,24.004499,000060,國道6號,0,6K+700,國姓交流道,東草屯休息站,0000600100650M,NW,W,1,1
VD-N6-W-6.800-M-RS,NFB-CR,0,2,1,1,120.732979,24.004049,000060,國道6號,0,6K+800,國姓交流道,東草屯休息站,0000600100650M,NW,W,2,2
VD-N6-W-7.866-M-RS,NFB-CR,0,2,1,1,120.741479,23.998539,000060,國道6號,0,7K+866,國姓交流道,東草屯休息站,0000600100750M,NW,W,2,2
VD-N6-W-9.615-M-RS,NFB-CR,0,2,1,1,120.754856,23.989201,000060,國道6號,0,9K+615,國姓交流道,東草屯休息站,0000600100900M,NW,W,2,2
VD-N6-W-11.640-M-RS,NFB-CR,0,2,1,1,120.772186,23.982419,000060,國道6號,0,11K+640,國姓交流道,東草屯休息站,0000600101100M,W,W,2,2
VD-N6-W-13.505-M-RS,NFB-CR,0,2,1,1,120.788278,23.98797,000060,國道6號,0,13K+505,國姓交流道,東草屯休息站,0000600101300M,W,W,2,2
VD-N6-W-14.775-M-RS,NFB-CR,0,2,1,1,120.799676,23.990043,000060,國道6號,0,14K+775,國姓交流道,東草屯休息站,0000600101400M,SW,W,2,2
VD-N6-W-16.161-M-RS,NFB-CR,0,2,1,1,120.805627,24.000485,000060,國道6號,0,16K+161,國姓交流道,東草屯休息站,0000600101600M,SW,W,2,2
VD-N6-W-17-I-NW-1-西向入口-國姓,NFB-CR,0,1,5,2,120.812971,24.007931,000060,國道6號,0,17K+000,北山交流道,國姓交流道,0000601104030M,SW,W,1,1
VD-N6-W-17-O-EN-1-西向出口-國姓,NFB-CR,0,1,5,2,120.81514,24.005388,000060,國道6號,0,17K+000,北山交流道,國姓交流道,0000601104000M,NW,W,1,1
VD-N6-W-17.993-M-OH,NFB-CR,0,3,1,1,120.822338,24.004566,000060,國道6號,0,17K+000,北山交流道,國姓交流道,0000600101770M,W,W,2,2
VD-N6-W-19.822-M-OH,NFB-CR,0,3,1,1,120.840129,24.001999,000060,國道6號,0,17K+000,北山交流道,國姓交流道,0000600101900M,W,W,2,2
VD-N6-W-17.082-N-LOOP,NFB-CR,0,1,5,1,120.813462,24.00484,000060,國道6號,0,17K+082,北山交流道,國姓交流道,0000600101700M,W,W,2,2
VD-N6-W-17.595-M-LOOP,NFB-CR,0,1,5,1,120.81846,24.005206,000060,國道6號,0,17K+595,北山交流道,國姓交流道,0000600101760M,W,W,3,3
VD-N6-W-20.454-M-RS,NFB-CR,0,2,1,1,120.845377,23.999243,000060,國道6號,0,20K+454,北山交流道,國姓交流道,0000600102000M,NW,W,2,2
VD-N6-W-22.470-M-RS,NFB-CR,0,2,1,1,120.858776,23.986025,000060,國道6號,0,22K+473,北山交流道,國姓交流道,0000600102200M,NW,W,2,2
VD-N6-W-24.272-M-RS,NFB-CR,0,2,1,1,120.872953,23.976701,000060,國道6號,0,24K+272,北山交流道,國姓交流道,0000600102400M,W,W,2,2
VD-N6-W-24.762-M-OH,NFB-CR,0,3,1,1,120.877794,23.977479,000060,國道6號,0,25K+000,愛蘭交流道,北山交流道,0000600102440M,W,W,2,2
VD-N6-W-25-I-NW-1-西向入口-北山,NFB-CR,0,1,5,2,120.883571,23.981701,000060,國道6號,0,25K+000,愛蘭交流道,北山交流道,0000601105000M,SW,W,1,1
VD-N6-W-25.062-M-RS,NFB-CR,0,2,1,1,120.880301,23.97858,000060,國道6號,0,25K+062,愛蘭交流道,北山交流道,0000600102480M,SW,W,2,2
VD-N6-W-25.516-M-RS,NFB-CR,0,2,1,1,120.88429,23.980449,000060,國道6號,0,25K+516,愛蘭交流道,北山交流道,0000600102510M,W,W,2,2
VD-N6-W-27.193-M-RS,NFB-CR,0,2,1,1,120.90015,23.979243,000060,國道6號,0,27K+193,愛蘭交流道,北山交流道,0000600102700M,W,W,2,2
VD-N6-W-28.812-M-RS,NFB-CR,0,2,1,1,120.915805,23.979106,000060,國道6號,0,28K+812,愛蘭交流道,北山交流道,0000600102860M,W,W,2,2
VD-N6-W-27.588-M-OH,NFB-CR,0,3,1,1,120.907112,23.978485,000060,國道6號,0,29K+000,埔里交流道,愛蘭交流道,0000600102730M,W,W,2,2
VD-N6-W-28.458-M-OH,NFB-CR,0,3,1,1,120.912603,23.97866,000060,國道6號,0,29K+000,埔里交流道,愛蘭交流道,0000600102800M,W,W,2,2
VD-N6-W-29-I-SW-1-西向入口-愛蘭,NFB-CR,0,1,5,2,120.926207,23.98044,000060,國道6號,0,29K+000,埔里交流道,愛蘭交流道,0000601106010M,W,W,1,1
VD-N6-W-29-O-ES-1-西向出口-愛蘭,NFB-CR,0,1,5,2,120.924062,23.981285,000060,國道6號,0,29K+000,埔里交流道,愛蘭交流道,0000601106000M,S,W,1,1
VD-N6-W-29.608-N-LOOP,NFB-CR,0,1,5,1,120.923607,23.980451,000060,國道6號,0,29K+608,埔里交流道,愛蘭交流道,0000600102930M,W,W,2,2
VD-N6-W-29.999-M-LOOP,NFB-CR,0,1,5,1,120.927211,23.981519,000060,國道6號,0,29K+999,埔里交流道,愛蘭交流道,0000600103000M,SW,W,2,2
VD-N6-W-31.623-M-RS,NFB-CR,0,2,1,1,120.941551,23.989637,000060,國道6號,0,31K+723,埔里交流道,愛蘭交流道,0000600103100M,SW,W,2,2
VD-N6-W-33.268-M-RS,NFB-CR,0,2,1,1,120.95643,23.991778,000060,國道6號,0,33K+268,埔里交流道,愛蘭交流道,0000600103300M,W,W,2,2
VD-N6-W-34-I-EW-1-西向入口-埔里,NFB-CR,0,1,5,2,120.972225,23.988369,000060,國道6號,0,34K+000,埔里端,埔里交流道,0000601107040M,NW,W,2,2
VD-N6-W-34-I-SW-31-西向入口-埔里,NFB-CR,0,1,5,2,120.973121,23.988031,000060,國道6號,0,34K+000,埔里端,埔里交流道,0000601107020M,W,W,2,2
VD-N6-W-34-I-EW-21-西向入口-埔里,NFB-CR,0,1,5,2,120.97359,23.987784,000060,國道6號,0,34K+000,埔里端,埔里交流道,0000601107010M,NW,W,1,1
VD-N6-W-34.675-M-RS,NFB-CR,0,2,1,1,120.969351,23.989599,000060,國道6號,0,34K+675,埔里端,埔里交流道,0000600103420M,NW,W,2,2
VD-N6-W-36.548-M-RS,NFB-CR,0,2,1,1,120.98633,23.983206,000060,國道6號,0,36K+548,埔里端,埔里交流道,0000600103600M,W,W,2,2
VD-N6-W-37-I-SW-1-西向入口-埔里端,NFB-CR,0,1,5,2,120.992511,23.980104,000060,國道6號,0,37K+300,埔里端,埔里交流道,0000600103700M,N,W,2,2
VD-N3-S-211-I-NS-1-南向入口-霧峰交流道,NFB-CR,0,1,5,2,120.68321,24.053986,000030,快速公路74號,1,39K+235,霧峰交流道,--交流道,0000301041030B,E,E,2,2
VD-N3-N-211-I-SN-1-北向入口-霧峰交流道,NFB-CR,0,1,5,2,120.6802,24.049621,000030,快速公路74號,1,39K+235,--交流道,霧峰交流道,0000301141020B,W,W,2,2
VD-T76-E-13.420-M-RS,NFB-CR,0,2,1,1,120.497209,23.997938,100760,快速公路76號,1,13K+420,埔鹽交流道,埔鹽系統交流道,1007600001300N,E,E,2,2
VD-T76-E-17.870-M-RS,NFB-CR,0,2,1,1,120.526095,23.971834,100760,快速公路76號,1,17K+870,埔鹽系統交流道,埔心交流道,1007600001700N,E,E,2,2
VD-T76-E-20.655-M-RS,NFB-CR,0,2,1,1,120.548685,23.958798,100760,快速公路76號,1,20K+655,埔心交流道,員林交流道,1007600002000N,E,E,2,2
VD-T76-E-24.823-M-RS,NFB-CR,0,2,1,1,120.582114,23.944182,100760,快速公路76號,1,24K+823,員林交流道,林厝交流道,1007600002400N,E,E,2,2
VD-T76-E-27.000-N-RS,NFB-CR,0,2,1,1,120.60199,23.941332,100760,快速公路76號,1,27K+000,林厝交流道,中興系統交流道,1007600002700N,E,E,2,2
VD-T76-W-11-O-EW-1-西向出口-台19線,NFB-CR,0,1,5,2,120.489492,24.009994,100760,快速公路76號,1,11K+400,埔鹽系統交流道,埔鹽交流道,1007601102000N,W,W,1,1
VD-T76-W-11.805-N-RS,NFB-CR,0,2,1,1,120.48924,24.009983,100760,快速公路76號,1,11K+805,埔鹽系統交流道,埔鹽交流道,1007600101100N,W,W,2,2
VD-T76-W-17.800-M-RS,NFB-CR,0,2,1,1,120.525925,23.972426,100760,快速公路76號,1,17K+800,埔心交流道,埔鹽系統交流道,1007600101700N,W,W,2,2
VD-T76-W-18.930-N-Loop,NFB-CR,0,1,5,1,120.536117,23.968535,100760,快速公路76號,1,18K+930,埔心交流道,埔鹽系統交流道,1007600101860N,W,W,2,2
VD-T76-W-19-I-EW-1-西向入口-縣148線,NFB-CR,0,1,5,2,120.53532,23.968955,100760,快速公路76號,1,19K+070,員林交流道,埔心交流道,1007601104010N,W,W,1,1
VD-T76-W-20.660-M-RS,NFB-CR,0,2,1,1,120.549052,23.959076,100760,快速公路76號,1,20K+660,員林交流道,埔心交流道,1007600102010N,W,W,2,2
VD-T76-W-22-O-EW-1-西向出口-台1線,NFB-CR,0,1,5,2,120.568628,23.945184,100760,快速公路76號,1,22K+880,林厝交流道,員林交流道,1007601105010N,W,W,1,1
VD-T76-W-24.811-M-RS,NFB-CR,0,2,1,1,120.582325,23.944467,100760,快速公路76號,1,24K+811,林厝交流道,員林交流道,1007600102400N,W,W,2,2
VD-T76-W-26-I-EW-1-西向入口-縣137線,NFB-CR,0,1,5,2,120.595195,23.939952,100760,快速公路76號,1,26K+800,中興系統交流道,林厝交流道,1007601106030N,W,W,1,1
VD-T76-W-26.500-N-Loop,NFB-CR,0,1,5,1,120.597265,23.940342,100760,快速公路76號,1,26K+900,中興系統交流道,林厝交流道,1007600102600N,W,W,2,2
VD-N1-S-252.010-M-Loop,NFB-SR,0,1,5,1,120.43474,23.599295,000010,國道1號,0,252K+010,大林交流道,民雄交流道,0000100025200Q,S,S,3,3
VD-N1-S-253.700-M-RS,NFB-SR,0,2,1,1,120.430115,23.584723,000010,國道1號,0,253K+700,大林交流道,民雄交流道,0000100025300Q,S,S,3,3
VD-N1-S-256.235-M-Loop,NFB-SR,0,1,5,1,120.41973,23.564005,000010,國道1號,0,256K+235,大林交流道,民雄交流道,0000100025600Q,S,S,3,3
VD-N1-S-257.075-N-Loop,NFB-SR,0,1,5,1,120.417,23.556866,000010,國道1號,0,257K+075,大林交流道,民雄交流道,0000100025700Q,S,S,3,3
VD-N1-S-257-I-ES-22-Loop,NFB-SR,0,1,5,2,120.414548,23.553708,000010,國道1號,0,257K+200,民雄交流道,嘉義交流道,0000101054030Q,SE,S,1,1
VD-N1-S-257-I-WS-21-Loop,NFB-SR,0,1,5,2,120.414854,23.553615,000010,國道1號,0,257K+200,民雄交流道,嘉義交流道,0000101054040Q,S,S,1,1
VD-N1-S-257-O-NE-21-Loop,NFB-SR,0,1,5,2,120.415207,23.554151,000010,國道1號,0,257K+200,民雄交流道,嘉義交流道,0000101054020Q,SW,S,2,2
VD-N1-S-257-O-NW-1-Loop,NFB-SR,0,1,5,2,120.416693,23.557002,000010,國道1號,0,257K+200,民雄交流道,嘉義交流道,0000101054000Q,SW,S,1,1
VD-N1-S-257-O-NW-22-Loop,NFB-SR,0,1,5,2,120.414403,23.554672,000010,國道1號,0,257K+200,民雄交流道,嘉義交流道,0000101054010Q,W,S,1,1
VD-N1-S-257.700-M-Loop,NFB-SR,0,1,5,1,120.414925,23.551563,000010,國道1號,0,257K+700,民雄交流道,嘉義交流道,0000100025700Q,S,S,3,3
VD-N1-S-258.100-M-Loop,NFB-SR,0,1,5,1,120.41359,23.54814,000010,國道1號,0,258K+105,民雄交流道,嘉義交流道,0000100025800Q,S,S,3,3
VD-N1-S-260.014-M-Loop,NFB-SR,0,1,5,1,120.40744,23.531914,000010,國道1號,0,260K+014,民雄交流道,嘉義交流道,0000100026000Q,S,S,3,3
VD-N1-S-261.950-M-Loop,NFB-SR,0,1,5,1,120.40363,23.514938,000010,國道1號,0,261K+950,民雄交流道,嘉義交流道,0000100026100Q,S,S,3,3
VD-N1-S-264-I-ES-3-Loop,NFB-SR,0,1,5,2,120.389335,23.493056,000010,國道1號,0,264K+300,嘉義交流道,水上交流道,0000101055110Q,SW,S,1,1
VD-N1-S-264-I-WS-2-Loop,NFB-SR,0,1,5,2,120.391556,23.495366,000010,國道1號,0,264K+300,嘉義交流道,水上交流道,0000101055040I,E,S,1,1
VD-N1-S-264-O-NE-22-Loop,NFB-SR,0,1,5,2,120.390011,23.495039,000010,國道1號,0,264K+300,嘉義交流道,水上交流道,0000101055060I,N,S,1,1
VD-N1-S-264-O-NW-21-Loop,NFB-SR,0,1,5,2,120.389088,23.495845,000010,國道1號,0,264K+300,嘉義交流道,水上交流道,0000101055030Q,W,S,1,1
VD-N1-S-264.600-N-Loop,NFB-SR,0,1,5,1,120.391174,23.494553,000010,國道1號,0,264K+600,嘉義交流道,水上交流道,0000100026400I,SW,S,3,3
VD-N1-S-265.600-M-Loop,NFB-SR,0,1,5,1,120.38548,23.487232,000010,國道1號,0,265K+600,嘉義交流道,水上交流道,0000100026530Q,SW,S,3,3
VD-N1-S-266.600-M-RS,NFB-SR,0,2,1,1,120.38104,23.479202,000010,國道1號,0,266K+600,嘉義交流道,水上交流道,0000100026600Q,SW,S,3,3
VD-N1-S-267.000-M-Loop,NFB-SR,0,1,5,1,120.379654,23.475843,000010,國道1號,0,267K+000,嘉義交流道,水上交流道,0000100026600Q,SW,S,3,3
VD-N1-S-268.607-M-RS,NFB-SR,0,2,1,1,120.32084,23.34646,000010,國道1號,0,268K+650,嘉義交流道,水上交流道,0000100028300D,SW,S,3,3
VD-N1-S-269.370-M-Loop,NFB-SR,0,1,5,1,120.37364,23.455278,000010,國道1號,0,269K+370,嘉義交流道,水上交流道,0000100026900Q,SW,S,3,3
VD-N1-S-270-I-ES-22-Loop,NFB-SR,0,1,5,2,120.365927,23.444203,000010,國道1號,0,270K+400,水上交流道,嘉義系統交流道,0000101056030Q,S,S,1,1
VD-N1-S-270-I-WS-21-Loop,NFB-SR,0,1,5,2,120.366198,23.444328,000010,國道1號,0,270K+400,水上交流道,嘉義系統交流道,0000101056040Q,S,S,1,1
VD-N1-S-270-O-NW-1-Loop,NFB-SR,0,1,5,2,120.368663,23.447215,000010,國道1號,0,270K+400,水上交流道,嘉義系統交流道,0000101056000Q,SW,S,2,2
VD-N1-S-270-O-NW-2-Loop,NFB-SR,0,1,5,2,120.365731,23.445052,000010,國道1號,0,270K+400,水上交流道,嘉義系統交流道,0000101056010Q,W,S,1,1
VD-N1-S-270.550-N-Loop,NFB-SR,0,1,5,1,120.36802,23.446012,000010,國道1號,0,270K+550,水上交流道,嘉義系統交流道,0000100027040Q,SW,S,3,3
VD-N1-S-271.241-M-Loop,NFB-SR,0,1,5,1,120.36436,23.44078,000010,國道1號,0,271K+241,水上交流道,嘉義系統交流道,0000100027110Q,SW,S,3,3
VD-N1-S-272.241-M-Loop,NFB-SR,0,1,5,1,120.3597,23.432867,000010,國道1號,0,272K+241,水上交流道,嘉義系統交流道,0000100027200Q,SW,S,3,3
VD-N1-S-272-O-NW-22-LOOP,NFB-SR,0,1,5,2,120.353887,23.425581,000010,國道1號,0,272K+835,水上交流道,嘉義系統交流道,0000101057010Q,SW,S,1,1
VD-N1-S-272-O-NE-21-LOOP,NFB-SR,0,1,5,2,120.359252,23.42376,000010,國道1號,0,272K+880,水上交流道,嘉義系統交流道,0000101157070Q,E,S,1,1
VD-N1-S-272-I-ES-22-Loop,NFB-SR,0,1,5,2,120.355426,23.422606,000010,國道1號,0,272K+900,嘉義系統交流道,新營服務區,0000101057120Q,SE,S,1,1
VD-N1-S-272-I-WS-21-Loop,NFB-SR,0,1,5,2,120.355705,23.421839,000010,國道1號,0,272K+900,嘉義系統交流道,新營服務區,0000101057100Q,S,S,1,1
VD-N1-S-272-O-NE-22X-LOOP,NFB-SR,0,1,5,2,120.354292,23.424898,000010,國道1號,0,272K+900,嘉義系統交流道,新營服務區,0000101157040Q,E,S,1,1
VD-N1-S-273.241-N-Loop,NFB-SR,0,1,5,1,120.35651,23.42437,000010,國道1號,0,273K+241,嘉義系統交流道,新營服務區,0000100027300Q,S,S,3,3
VD-N1-S-275.165-M-Loop,NFB-SR,0,1,5,1,120.35472,23.407202,000010,國道1號,0,275K+165,嘉義系統交流道,新營服務區,0000100027500Q,S,S,3,3
VD-N1-S-277.000-M-Loop,NFB-SR,0,1,5,1,120.35532,23.390713,000010,國道1號,0,277K+000,嘉義系統交流道,新營服務區,0000100027700D,S,S,3,3
VD-N1-S-277.300-M-RS,NFB-SR,0,2,1,1,120.355156,23.388014,000010,國道1號,0,277K+300,嘉義系統交流道,新營服務區,0000100027700D,S,S,3,3
VD-N1-S-279.004-M-Loop,NFB-SR,0,1,5,1,120.35078,23.373291,000010,國道1號,0,279K+004,嘉義系統交流道,新營服務區,0000100027900D,SW,S,3,3
VD-N1-S-279.400-M-RS,NFB-SR,0,2,1,1,120.34903,23.370113,000010,國道1號,0,279K+400,嘉義系統交流道,新營服務區,0000100027900D,SW,S,3,3
VD-N1-S-280.285-M-LOOP,NFB-SR,0,1,5,1,120.3416338,23.3610857,000010,國道1號,0,280K+340,嘉義系統交流道,新營服務區,0000100028000D,SW,S,1,1
VD-N1-S-281.250-M-RS,NFB-SR,0,2,1,1,120.3374,23.357477,000010,國道1號,0,281K+250,嘉義系統交流道,新營服務區,0000100028140D,SW,S,3,3
VD-N1-S-281.300-M-Loop,NFB-SR,0,1,5,1,120.337036,23.357183,000010,國道1號,0,281K+300,嘉義系統交流道,新營服務區,0000100028140D,SW,S,3,3
VD-N1-S-283.000-M-RS,NFB-SR,0,2,1,1,120.32349,23.348284,000010,國道1號,0,283K+000,嘉義系統交流道,新營服務區,0000100028200D,SW,S,3,3
VD-N1-S-283.008-M-Loop,NFB-SR,0,1,5,1,120.32342,23.348242,000010,國道1號,0,283K+008,嘉義系統交流道,新營服務區,0000100028300D,SW,S,3,3
VD-N1-S-284-R-NW-1-Loop,NFB-SR,0,1,5,2,120.31416,23.341713,000010,國道1號,0,284K+200,新營服務區,新營交流道,0000100028400D,SW,S,1,1
VD-N1-S-284-R-WS-1-Loop,NFB-SR,0,1,5,2,120.310493,23.33867,000010,國道1號,0,284K+200,新營服務區,新營交流道,0000101084010D,SW,S,1,1
VD-N1-S-284.373-M-Loop,NFB-SR,0,1,5,1,120.31064,23.33868,000010,國道1號,0,284K+373,新營服務區,新營交流道,0000100028400D,SW,S,3,3
VD-N1-S-285.000-M-RS,NFB-SR,0,2,1,1,120.30877,23.336493,000010,國道1號,0,285K+000,新營服務區,新營交流道,0000100028490D,SW,S,3,3
VD-N1-S-286.820-M-Loop,NFB-SR,0,1,5,1,120.29953,23.322538,000010,國道1號,0,286K+820,新營服務區,新營交流道,0000100028600D,SW,S,3,3
VD-N1-S-288-I-ES-3-Loop,NFB-SR,0,1,5,2,120.291048,23.308154,000010,國道1號,0,288K+400,新營交流道,下營系統交流道,0000101058030D,E,S,1,1
VD-N1-S-288-I-WS-2-Loop,NFB-SR,0,1,5,2,120.289728,23.307863,000010,國道1號,0,288K+400,新營交流道,下營系統交流道,0000101058030D,E,S,1,1
VD-N1-S-288-O-NE-22-Loop,NFB-SR,0,1,5,2,120.289385,23.307439,000010,國道1號,0,288K+400,新營交流道,下營系統交流道,0000101058050D,N,S,1,1
VD-N1-S-288-O-NW-21-Loop,NFB-SR,0,1,5,2,120.289213,23.308031,000010,國道1號,0,288K+400,新營交流道,下營系統交流道,0000101058010D,SW,S,1,1
VD-N1-S-288.820-N-Loop,NFB-SR,0,1,5,1,120.29029,23.306679,000010,國道1號,0,288K+820,新營交流道,下營系統交流道,0000100028810D,SW,S,3,3
VD-N1-S-290.820-M-Loop,NFB-SR,0,1,5,1,120.28062,23.291088,000010,國道1號,0,290K+820,新營交流道,下營系統交流道,0000100029000D,SW,S,3,3
VD-N1-S-292.772-M-Loop,NFB-SR,0,1,5,1,120.26955,23.276909,000010,國道1號,0,292K+772,新營交流道,下營系統交流道,0000100029200D,SW,S,3,3
VD-N1-S-293.450-M-RS,NFB-SR,0,2,1,1,120.263717,23.2695,000010,國道1號,0,293K+450,新營交流道,下營系統交流道,0000100029300D,SW,S,3,3
VD-N1-S-295.188-M-Loop,NFB-SR,0,1,5,1,120.25823,23.257973,000010,國道1號,0,295K+188,新營交流道,下營系統交流道,0000100029500D,SW,S,3,3
VD-N1-S-296.809-M-Loop,NFB-SR,0,1,5,1,120.25134,23.244822,000010,國道1號,0,296K+809,新營交流道,下營系統交流道,0000100029600D,SW,S,3,3
VD-N1-S-298.300-M-Loop,NFB-SR,0,1,5,1,120.24484,23.232822,000010,國道1號,0,298K+300,新營交流道,下營系統交流道,0000100029800D,SW,S,3,3
VD-N1-S-299-O-NW-22-LOOP,NFB-SR,0,1,5,2,120.23639,23.220739,000010,國道1號,0,299K+500,新營交流道,下營系統交流道,0000101059010D,W,S,1,1
VD-N1-S-299-I-ES-22-Loop,NFB-SR,0,1,5,2,120.237974,23.216967,000010,國道1號,0,299K+570,下營系統交流道,麻豆交流道,0000101059060D,S,S,1,1
VD-N1-S-299-I-WS-21-Loop,NFB-SR,0,1,5,2,120.237611,23.21697,000010,國道1號,0,299K+570,下營系統交流道,麻豆交流道,0000101059070D,SE,S,1,1
VD-N1-S-299-O-NE-21-LOOP,NFB-SR,0,1,5,2,120.241964,23.217299,000010,國道1號,0,299K+685,下營系統交流道,麻豆交流道,0000101159010D,E,S,1,1
VD-N1-S-299.890-N-Loop,NFB-SR,0,1,5,1,120.239174,23.219519,000010,國道1號,0,299K+890,下營系統交流道,麻豆交流道,0000100029940D,S,S,3,3
VD-N1-S-301.040-M-Loop,NFB-SR,0,1,5,1,120.237,23.209373,000010,國道1號,0,301K+040,下營系統交流道,麻豆交流道,0000100030100D,S,S,3,3
VD-N1-S-301.910-M-Loop,NFB-SR,0,1,5,1,120.23643,23.201563,000010,國道1號,0,301K+910,下營系統交流道,麻豆交流道,0000100030100D,S,S,3,3
VD-N1-S-302.450-M-LOOP,NFB-SR,0,1,5,1,120.2363024,23.1930316,000010,國道1號,0,302K+450,下營系統交流道,麻豆交流道,0000100030200D,S,S,1,1
VD-N1-S-303-I-WS-1-Loop,NFB-SR,0,1,5,2,120.23461,23.177176,000010,國道1號,0,303K+700,麻豆交流道,安定交流道,0000101060050D,S,S,2,2
VD-N1-S-303-O-NE-22-Loop,NFB-SR,0,1,5,2,120.235285,23.182494,000010,國道1號,0,303K+700,麻豆交流道,安定交流道,0000101060010D,S,S,1,1
VD-N1-S-303-O-NW-21-Loop,NFB-SR,0,1,5,2,120.234131,23.181409,000010,國道1號,0,303K+700,麻豆交流道,安定交流道,0000101060020D,S,S,1,1
VD-N1-S-303.950-N-Loop,NFB-SR,0,1,5,1,120.23563,23.183212,000010,國道1號,0,303K+950,麻豆交流道,安定交流道,0000100030350D,S,S,3,3
VD-N1-S-304.994-M-Loop,NFB-SR,0,1,5,1,120.23402,23.173956,000010,國道1號,0,304K+994,麻豆交流道,安定交流道,0000100030490D,S,S,3,3
VD-N1-S-305.950-M-RS,NFB-SR,0,2,1,1,120.23185,23.165592,000010,國道1號,0,305K+950,麻豆交流道,安定交流道,0000100030500D,S,S,3,3
VD-N1-S-307.000-M-Loop,NFB-SR,0,1,5,1,120.23054,23.156233,000010,國道1號,0,307K+000,麻豆交流道,安定交流道,0000100030700D,S,S,3,3
VD-N1-S-307.950-M-RS,NFB-SR,0,2,1,1,120.23123,23.147722,000010,國道1號,0,307K+950,麻豆交流道,安定交流道,0000100030700D,S,S,3,3
VD-N1-S-309.004-M-Loop,NFB-SR,0,1,5,1,120.23396,23.1386,000010,國道1號,0,309K+004,麻豆交流道,安定交流道,0000100030900D,S,S,3,3
VD-N1-S-309.110-M-RS,NFB-SR,0,2,1,1,120.23433,23.1377,000010,國道1號,0,309K+110,麻豆交流道,安定交流道,0000100030900D,S,S,3,3
VD-N1-S-311-I-ES-22-Loop,NFB-SR,0,1,5,2,120.242812,23.116869,000010,國道1號,0,311K+100,安定交流道,台南系統交流道,0000101061030D,E,S,1,1
VD-N1-S-311-I-WS-21-Loop,NFB-SR,0,1,5,2,120.244353,23.118401,000010,國道1號,0,311K+100,安定交流道,台南系統交流道,0000101161030D,NW,S,1,1
VD-N1-S-311-O-NW-1-Loop,NFB-SR,0,1,5,2,120.24196,23.121233,000010,國道1號,0,311K+100,安定交流道,台南系統交流道,0000100031100D,S,S,2,2
VD-N1-S-311-O-NW-2-Loop,NFB-SR,0,1,5,2,120.242881,23.117621,000010,國道1號,0,311K+100,安定交流道,台南系統交流道,0000101061020D,S,S,1,1
VD-N1-S-311.410-N-Loop,NFB-SR,0,1,5,1,120.24305,23.11862,000010,國道1號,0,311K+410,安定交流道,台南系統交流道,0000100031100D,S,S,3,3
VD-N1-S-312.950-M-Loop,NFB-SR,0,1,5,1,120.24748,23.105377,000010,國道1號,0,312K+950,安定交流道,台南系統交流道,0000100031220D,S,S,3,3
VD-N1-S-313.180-M-LOOP,NFB-SR,0,1,5,1,120.2488177,23.0997918,000010,國道1號,0,313K+180,安定交流道,台南系統交流道,0000100031300D,S,S,1,1
VD-N1-S-314.507-M-RS,NFB-SR,0,2,1,1,120.251013,23.087766,000010,國道1號,0,314K+500,安定交流道,台南系統交流道,0000100031460D,S,S,3,3
VD-N1-S-315-I-ES-22-Loop,NFB-SR,0,1,5,2,120.250986,23.076624,000010,國道1號,0,315K+500,台南系統交流道,永康交流道,0000101062050D,SE,S,1,1
VD-N1-S-315-I-ES-22X-Loop,NFB-SR,0,1,5,2,120.250547,23.076809,000010,國道1號,0,315K+500,台南系統交流道,永康交流道,0000101062050D,SE,S,1,1
VD-N1-S-315-I-WS-21-Loop,NFB-SR,0,1,5,2,120.251152,23.076713,000010,國道1號,0,315K+500,台南系統交流道,永康交流道,0000101062060D,SW,S,1,1
VD-N1-S-315-I-WS-21X-Loop,NFB-SR,0,1,5,2,120.251009,23.076881,000010,國道1號,0,315K+500,台南系統交流道,永康交流道,0000101062060D,SW,S,1,1
VD-N1-S-315.910-N-Loop,NFB-SR,0,1,5,1,120.25214,23.079113,000010,國道1號,0,315K+910,台南系統交流道,永康交流道,0000100031520D,S,S,3,3
VD-N1-S-317.017-M-Loop,NFB-SR,0,1,5,1,120.252945,23.06917,000010,國道1號,0,317K+017,台南系統交流道,永康交流道,0000100031700D,S,S,4,4
VD-N1-S-317.600-M-RS,NFB-SR,0,2,1,1,120.249545,22.958993,000010,國道1號,0,317K+600,台南系統交流道,永康交流道,0000100032900D,S,S,4,4
VD-N1-S-318.550-M-Loop,NFB-SR,0,1,5,1,120.253174,23.055384,000010,國道1號,0,318K+550,台南系統交流道,永康交流道,0000100031840D,S,S,4,4
VD-N1-S-319-I-ES-22-Loop,NFB-SR,0,1,5,2,120.250743,23.040177,000010,國道1號,0,319K+600,永康交流道,大灣交流道,0000101063030D,S,S,1,1
VD-N1-S-319-I-WS-21-Loop,NFB-SR,0,1,5,2,120.250861,23.040177,000010,國道1號,0,319K+600,永康交流道,大灣交流道,0000101063040D,S,S,1,1
VD-N1-S-319-O-NE-2-Loop,NFB-SR,0,1,5,2,120.250078,23.042171,000010,國道1號,0,319K+600,永康交流道,大灣交流道,0000101063020D,S,S,2,2
VD-N1-S-319-O-NW-1-Loop,NFB-SR,0,1,5,2,120.251966,23.045404,000010,國道1號,0,319K+600,永康交流道,大灣交流道,0000101063000D,SW,S,1,1
VD-N1-S-319.825-N-Loop,NFB-SR,0,1,5,1,120.25179,23.043993,000010,國道1號,0,319K+825,永康交流道,大灣交流道,0000100031970D,S,S,3,3
VD-N1-S-320.750-M-Loop,NFB-SR,0,1,5,1,120.25016,23.035797,000010,國道1號,0,320K+750,永康交流道,大灣交流道,0000100032050D,S,S,3,3
VD-N1-S-321.750-M-RS,NFB-SR,0,2,1,1,120.249904,23.022237,000010,國道1號,0,321K+750,永康交流道,大灣交流道,0000100032200D,S,S,3,3
VD-N1-S-323.035-M-Loop,NFB-SR,0,1,5,1,120.25028,23.015446,000010,國道1號,0,323K+035,永康交流道,大灣交流道,0000100032300D,S,S,3,3
VD-N1-S-324.000-M-RS,NFB-SR,0,2,1,1,120.24803,23.002836,000010,國道1號,0,324K+000,永康交流道,大灣交流道,0000100032430D,S,S,3,3
VD-N1-S-324-O-NW-1-Loop,NFB-SR,0,1,5,2,120.2478,23.00306,000010,國道1號,0,324K+480,大灣交流道,仁德交流道,0000101064000D,S,S,2,2
VD-N1-S-324.750-M-RS,NFB-SR,0,2,1,1,120.24806,22.9962,000010,國道1號,0,324K+750,大灣交流道,仁德交流道,0000100032500D,S,S,3,3
VD-N1-S-325-RS-台南交控-雛型機,NFB-SR,0,2,1,1,120.247667,22.990601,616445,國道1號,0,325K+000,大灣交流道,仁德交流道,6164450200070D,E,S,1,1
VD-N1-S-325.446-M-Loop,NFB-SR,0,1,5,1,120.24815,22.993935,000010,國道1號,0,325K+446,大灣交流道,仁德交流道,0000100032500D,S,S,3,3
VD-N1-S-326.750-M-Loop,NFB-SR,0,1,5,1,120.2482,22.989628,000010,國道1號,0,326K+750,大灣交流道,仁德交流道,0000100032500D,S,S,3,3
VD-N1-S-327-I-ES-22-Loop,NFB-SR,0,1,5,2,120.249028,22.970967,000010,國道1號,0,327K+400,仁德交流道,仁德系統交流道,0000101065050D,S,S,1,1
VD-N1-S-327-I-WS-21-Loop,NFB-SR,0,1,5,2,120.248773,22.972127,000010,國道1號,0,327K+400,仁德交流道,仁德系統交流道,0000101065040D,S,S,1,1
VD-N1-S-327-O-NE-22-Loop,NFB-SR,0,1,5,2,120.248615,22.9727,000010,國道1號,0,327K+400,仁德交流道,仁德系統交流道,0000101065010D,S,S,1,1
VD-N1-S-327-O-NW-21-Loop,NFB-SR,0,1,5,2,120.249066,22.972878,000010,國道1號,0,327K+400,仁德交流道,仁德系統交流道,0000101065020D,S,S,1,1
VD-N1-S-327.650-N-Loop,NFB-SR,0,1,5,1,120.249016,22.974173,000010,國道1號,0,327K+650,仁德交流道,仁德系統交流道,0000100032700D,S,S,3,3
VD-N1-S-328.650-M-Loop,NFB-SR,0,1,5,1,120.25001,22.965233,000010,國道1號,0,328K+650,仁德交流道,仁德系統交流道,0000100032850D,S,S,3,3
VD-N1-S-329.875-M-RS,NFB-SR,0,2,1,1,120.24915,22.954208,000010,國道1號,0,329K+875,仁德交流道,仁德系統交流道,0000100032900D,S,S,3,3
VD-N1-S-330-O-NW-22-LOOP,NFB-SR,0,1,5,2,120.246842,22.943833,000010,國道1號,0,330K+550,仁德交流道,仁德系統交流道,0000101066010D,SW,S,1,1
VD-N1-S-330-I-ES-22-Loop,NFB-SR,0,1,5,2,120.249754,22.941317,000010,國道1號,0,330K+700,仁德系統交流道,仁德服務區,0000101066060D,SW,S,1,1
VD-N1-S-330-I-WS-21-Loop,NFB-SR,0,1,5,2,120.249684,22.941289,000010,國道1號,0,330K+700,仁德系統交流道,仁德服務區,0000101066050D,SE,S,1,1
VD-N1-S-330.800-N-Loop,NFB-SR,0,1,5,1,120.24895,22.945932,000010,國道1號,0,330K+800,仁德系統交流道,仁德服務區,0000100033050D,S,S,3,3
VD-N1-S-330-O-NE-21-LOOP,NFB-SR,0,1,5,2,120.253672,22.940992,000010,國道1號,0,330K+800,仁德系統交流道,仁德服務區,0000101066020D,SE,S,1,1
VD-N1-S-332.460-M-Loop,NFB-SR,0,1,5,1,120.25394,22.931786,000010,國道1號,0,332K+460,仁德系統交流道,仁德服務區,0000100033200D,S,S,3,3
VD-N1-S-333.996-M-Loop,NFB-SR,0,1,5,1,120.25972,22.919018,000010,國道1號,0,333K+996,仁德系統交流道,仁德服務區,0000100033300D,S,S,3,3
VD-N1-S-334.450-M-RS,NFB-SR,0,2,1,1,120.26143,22.915258,000010,國道1號,0,334K+450,仁德系統交流道,仁德服務區,0000100033400D,S,S,3,3
VD-N1-S-334.990-M-Loop,NFB-SR,0,1,5,1,120.26523,22.906922,000010,國道1號,0,334K+990,仁德系統交流道,仁德服務區,0000100033520D,SE,S,3,3
VD-N1-S-335-R-NW-1-Loop,NFB-SR,0,1,5,2,120.263855,22.909843,000010,國道1號,0,335K+100,仁德服務區,路竹交流道,0000100033500D,S,S,1,1
VD-N1-S-335-R-WS-1-Loop,NFB-SR,0,1,5,2,120.266108,22.904555,000010,國道1號,0,335K+100,仁德服務區,路竹交流道,0000101085010D,SE,S,1,1
VD-N1-S-336.450-M-RS,NFB-SR,0,2,1,1,120.26896,22.898638,000010,國道1號,0,336K+450,仁德服務區,路竹交流道,0000100033610D,SE,S,3,3
VD-N1-S-336.515-M-Loop,NFB-SR,0,1,5,1,120.26922,22.898102,000010,國道1號,0,336K+515,仁德服務區,路竹交流道,0000100033650D,SE,S,3,3
VD-N1-S-338-I-ES-22-Loop,NFB-SR,0,1,5,2,120.277844,22.879453,000010,國道1號,0,338K+300,路竹交流道,高科交流道,0000101067030E,SE,S,1,1
VD-N1-S-338-I-WS-21-Loop,NFB-SR,0,1,5,2,120.278129,22.879473,000010,國道1號,0,338K+300,路竹交流道,高科交流道,0000101067040E,S,S,1,1
VD-N1-S-338-O-NE-2-Loop,NFB-SR,0,1,5,2,120.277994,22.879997,000010,國道1號,0,338K+300,路竹交流道,高科交流道,0000101067020E,S,S,2,2
VD-N1-S-338-O-NW-1-Loop,NFB-SR,0,1,5,2,120.277555,22.882122,000010,國道1號,0,338K+300,路竹交流道,高科交流道,0000101067000E,S,S,2,2
VD-N1-S-338.400-N-Loop,NFB-SR,0,1,5,1,120.27725,22.882843,000010,國道1號,0,338K+400,路竹交流道,高科交流道,0000101067000E,S,S,3,3
VD-N1-S-339.800-M-Loop,NFB-SR,0,1,5,1,120.283195,22.871504,000010,國道1號,0,339K+800,路竹交流道,高科交流道,0000100033910E,SE,S,3,3
VD-N1-S-340.900-M-Loop,NFB-SR,0,1,5,1,120.286934,22.862223,000010,國道1號,0,340K+900,路竹交流道,高科交流道,0000100034000E,S,S,3,3
VD-N1-S-342-I-WS-1-Loop,NFB-SR,0,1,5,2,120.298296,22.841142,000010,國道1號,0,342K+300,高科交流道,岡山交流道,0000101068010E,SE,S,1,1
VD-N1-S-342-O-NW-1-Loop,NFB-SR,0,1,5,2,120.292518,22.849504,000010,國道1號,0,342K+300,高科交流道,岡山交流道,0000101068000E,S,S,2,2
VD-N1-S-342-O-NW-2-Loop,NFB-SR,0,1,5,2,120.2924,22.844985,000010,國道1號,0,342K+300,高科交流道,岡山交流道,0000101068000E,S,S,1,1
VD-N1-S-342.912-N-Loop,NFB-SR,0,1,5,1,120.29518,22.845852,000010,國道1號,0,342K+912,高科交流道,岡山交流道,0000100034210E,SE,S,3,3
VD-N1-S-343.695-M-Loop,NFB-SR,0,1,5,1,120.29927,22.839901,000010,國道1號,0,343K+695,高科交流道,岡山交流道,0000100034370E,SE,S,3,3
VD-N1-S-345.620-M-RS,NFB-SR,0,2,1,1,120.30923,22.825207,000010,國道1號,0,345K+620,高科交流道,岡山交流道,0000100034500E,SE,S,3,3
VD-N1-S-346.012-M-Loop,NFB-SR,0,1,5,1,120.31098,22.822075,000010,國道1號,0,346K+012,高科交流道,岡山交流道,0000100034600E,S,S,3,3
VD-N1-S-346.285-M-LOOP,NFB-SR,0,1,5,1,120.3133804,22.8153363,000010,國道1號,0,346K+285,高科交流道,岡山交流道,0000100034600E,S,S,1,1
VD-N1-S-347.470-M-RS,NFB-SR,0,2,1,1,120.31595,22.80507,000010,國道1號,0,347K+470,高科交流道,岡山交流道,0000100034700E,S,S,3,3
VD-N1-S-348.615-M-Loop,NFB-SR,0,1,5,1,120.31747,22.799461,000010,國道1號,0,348K+615,高科交流道,岡山交流道,0000100034800E,S,S,5,5
VD-N1-S-349-I-ES-22-Loop,NFB-SR,0,1,5,2,120.320154,22.78748,000010,國道1號,0,349K+400,岡山交流道,楠梓交流道,0000101069040E,SE,S,1,1
VD-N1-S-349-I-WS-21-Loop,NFB-SR,0,1,5,2,120.319725,22.787381,000010,國道1號,0,349K+400,岡山交流道,楠梓交流道,0000101069030E,SE,S,1,1
VD-N1-S-349-O-NE-2-Loop,NFB-SR,0,1,5,2,120.319972,22.787935,000010,國道1號,0,349K+400,岡山交流道,楠梓交流道,0000101069020E,S,S,2,2
VD-N1-S-349-O-NW-1-Loop,NFB-SR,0,1,5,2,120.319468,22.790912,000010,國道1號,0,349K+400,岡山交流道,楠梓交流道,0000101069000E,S,S,2,2
VD-N1-S-349.620-N-Loop,NFB-SR,0,1,5,1,120.31971,22.790659,000010,國道1號,0,349K+620,岡山交流道,楠梓交流道,0000100034950E,S,S,3,3
VD-N1-S-350.998-M-Loop,NFB-SR,0,1,5,1,120.32376,22.77883,000010,國道1號,0,350K+998,岡山交流道,楠梓交流道,0000100035050E,S,S,3,3
VD-N1-S-351.590-M-Loop,NFB-SR,0,1,5,1,120.32564,22.77377,000010,國道1號,0,351K+590,岡山交流道,楠梓交流道,0000100035100E,S,S,1,1
VD-N1-S-351.600-M-RS,NFB-SR,0,2,1,1,120.32567,22.773684,000010,國道1號,0,351K+600,岡山交流道,楠梓交流道,0000100035100E,S,S,3,3
VD-N1-S-353.014-M-Loop,NFB-SR,0,1,5,1,120.33065,22.761847,000010,國道1號,0,353K+014,岡山交流道,楠梓交流道,0000100035300E,S,S,3,3
VD-N1-S-355.080-N-Loop,NFB-SR,0,1,5,1,120.33463,22.743822,000010,國道1號,0,355K+080,岡山交流道,楠梓交流道,0000100035500E,S,S,3,3
VD-N1-S-355.950-N-Loop,NFB-SR,0,1,5,1,120.33436,22.735992,000010,國道1號,0,355K+950,岡山交流道,楠梓交流道,0000100035540E,S,S,3,3
VD-N1-S-356-I-WS-21-Loop,NFB-SR,0,1,5,2,120.333668,22.728203,000010,國道1號,0,356K+200,楠梓交流道,鼎金系統交流道,0000101070040E,S,S,1,1
VD-N1-S-356-I-WS-22-Loop,NFB-SR,0,1,5,2,120.332016,22.720978,000010,國道1號,0,356K+200,楠梓交流道,鼎金系統交流道,0000101070030E,S,S,1,1
VD-N1-S-356-O-NW-21-Loop,NFB-SR,0,1,5,2,120.334033,22.737089,000010,國道1號,0,356K+200,楠梓交流道,鼎金系統交流道,0000101070010E,S,S,1,1
VD-N1-S-356-O-NW-22-Loop,NFB-SR,0,1,5,2,120.333947,22.731943,000010,國道1號,0,356K+200,楠梓交流道,鼎金系統交流道,0000101070020E,S,S,2,2
VD-N1-S-357.000-N-Loop,NFB-SR,0,1,5,1,120.33366,22.726574,000010,國道1號,0,357K+000,楠梓交流道,鼎金系統交流道,0000100035600E,S,S,3,3
VD-N1-S-357.500-N-Loop,NFB-SR,0,1,5,1,120.33269,22.722174,000010,國道1號,0,357K+500,楠梓交流道,鼎金系統交流道,0000100035700E,S,S,3,3
VD-N1-S-357.950-M-Loop,NFB-SR,0,1,5,1,120.33171,22.718212,000010,國道1號,0,357K+950,楠梓交流道,鼎金系統交流道,0000100035700E,S,S,4,4
VD-N1-S-358.985-M-Loop,NFB-SR,0,1,5,1,120.3295,22.709126,000010,國道1號,0,358K+985,楠梓交流道,鼎金系統交流道,0000100035840E,S,S,4,4
VD-N1-S-360.000-M-Loop,NFB-SR,0,1,5,1,120.327614,22.700172,000010,國道1號,0,360K+000,楠梓交流道,鼎金系統交流道,0000100035900E,S,S,4,4
VD-N1-S-360.200-M-RS,NFB-SR,0,2,1,1,120.3274774,22.6934089,000010,國道1號,0,360K+200,楠梓交流道,鼎金系統交流道,0000100036000E,S,S,4,4
VD-N1-S-361.000-M-Loop,NFB-SR,0,1,5,1,120.3277,22.691174,000010,國道1號,0,361K+000,楠梓交流道,鼎金系統交流道,0000100036000E,S,S,4,4
VD-N1-S-362.000-N-Loop,NFB-SR,0,1,5,1,120.3284,22.682163,000010,國道1號,0,362K+000,楠梓交流道,鼎金系統交流道,0000100036200E,S,S,4,4
VD-N1-S-362-I-ES-22-Loop,NFB-SR,0,1,5,2,120.328552,22.673001,000010,國道1號,0,362K+400,鼎金系統交流道,高雄交流道,0000101071060E,SW,S,2,2
VD-N1-S-362-I-WS-21-Loop,NFB-SR,0,1,5,2,120.328252,22.673041,000010,國道1號,0,362K+400,鼎金系統交流道,高雄交流道,0000101071050E,SE,S,1,1
VD-N1-S-362-O-NW-1-Loop,NFB-SR,0,1,5,2,120.328391,22.678594,000010,國道1號,0,362K+400,鼎金系統交流道,高雄交流道,0000101071000E,S,S,2,2
VD-N1-S-362-O-NW-3-Loop,NFB-SR,0,1,5,2,120.323102,22.676931,000010,國道1號,0,362K+400,鼎金系統交流道,高雄交流道,0000101071030E,W,S,1,1
VD-N1-S-362-O-NE-21-Loop,NFB-SR,0,1,5,2,120.328466,22.676872,000010,國道1號,0,362K+400,鼎金系統交流道,高雄交流道,0000101071023E,S,S,1,1
VD-N1-S-362-O-NW-22-Loop,NFB-SR,0,1,5,2,120.336889,22.640944,000010,國道1號,0,362K+400,鼎金系統交流道,高雄交流道,0000101072020E,S,S,1,1
VD-N1-S-363.000-N-Loop,NFB-SR,0,1,5,1,120.32908,22.673223,000010,國道1號,0,363K+000,鼎金系統交流道,高雄交流道,0000100036230E,S,S,4,4
VD-N1-S-363.500-M-Loop,NFB-SR,0,1,5,1,120.32943,22.668734,000010,國道1號,0,363K+500,鼎金系統交流道,高雄交流道,0000100036300E,S,S,6,6
VD-N1-S-363.800-M-Loop,NFB-SR,0,1,5,1,120.32964,22.666042,000010,國道1號,0,363K+800,鼎金系統交流道,高雄交流道,0000100036380E,S,S,5,5
VD-N1-S-364.300-M-Loop,NFB-SR,0,1,5,1,120.33064,22.661654,000010,國道1號,0,364K+300,鼎金系統交流道,高雄交流道,0000100036400E,S,S,5,5
VD-N1-S-364.800-M-Loop,NFB-SR,0,1,5,1,120.332664,22.657562,000010,國道1號,0,364K+800,鼎金系統交流道,高雄交流道,0000100036400E,S,S,5,5
VD-N1-S-365.300-M-Loop,NFB-SR,0,1,5,1,120.33453,22.653414,000010,國道1號,0,365K+300,鼎金系統交流道,高雄交流道,0000100036500E,S,S,5,5
VD-N1-S-365.930-N-Loop,NFB-SR,0,1,5,1,120.33622,22.647959,000010,國道1號,0,365K+930,鼎金系統交流道,高雄交流道,0000100036500E,S,S,4,4
VD-N1-S-366.400-N-Loop,NFB-SR,0,1,5,1,120.336914,22.643784,000010,國道1號,0,366K+400,鼎金系統交流道,高雄交流道,0000100036640E,S,S,4,4
VD-N1-S-366.860-N-Loop,NFB-SR,0,1,5,1,120.337135,22.639652,000010,國道1號,0,366K+860,鼎金系統交流道,高雄交流道,0000100036640E,S,S,4,4
VD-N1-S-367-I-WS-1-Loop,NFB-SR,0,1,5,2,120.335924,22.626661,000010,國道1號,0,367K+400,高雄交流道,瑞隆路交流道,0000101072060E,S,S,1,1
VD-N1-S-367-O-NW-1B-Loop,NFB-SR,0,1,5,2,120.336085,22.630875,000010,國道1號,0,367K+400,高雄交流道,瑞隆路交流道,0000101072040E,S,S,2,2
VD-N1-S-367-O-NW-21A-Loop,NFB-SR,0,1,5,2,120.336816,22.638354,000010,國道1號,0,367K+400,高雄交流道,瑞隆路交流道,0000101072010E,S,S,2,2
VD-N1-S-367-O-NW-22A-Loop,NFB-SR,0,1,5,2,120.336714,22.634913,000010,國道1號,0,367K+400,高雄交流道,瑞隆路交流道,0000101072020E,S,S,1,1
VD-N1-S-367.462-M-Loop,NFB-SR,0,1,5,1,120.33678,22.634245,000010,國道1號,0,367K+462,高雄交流道,瑞隆路交流道,0000100036700E,S,S,3,3
VD-N1-S-367.905-M-Loop,NFB-SR,0,1,5,1,120.33633,22.630278,000010,國道1號,0,367K+905,高雄交流道,瑞隆路交流道,0000100036790E,S,S,3,3
VD-N1-S-368.500-M-Loop,NFB-SR,0,1,5,1,120.336105,22.624933,000010,國道1號,0,368K+500,高雄交流道,瑞隆路交流道,0000100036800E,S,S,4,4
VD-N1-S-369.007-M-Loop,NFB-SR,0,1,5,1,120.33654,22.62038,000010,國道1號,0,369K+007,高雄交流道,瑞隆路交流道,0000100036900E,S,S,5,5
VD-N1-S-369.400-M-Loop,NFB-SR,0,1,5,1,120.3371,22.616894,000010,國道1號,0,369K+400,高雄交流道,瑞隆路交流道,0000100036900E,S,S,4,4
VD-N1-S-369-O-NW-1-Loop,NFB-SR,0,1,5,2,120.340548,22.606794,000010,國道1號,0,369K+600,瑞隆路交流道,五甲系統交流道,0000101073000E,SE,S,2,2
VD-N1-S-370.000-M-Loop,NFB-SR,0,1,5,1,120.338524,22.611664,000010,國道1號,0,370K+000,瑞隆路交流道,五甲系統交流道,0000100036900E,S,S,4,4
VD-N1-S-371-I-WS-21-Loop,NFB-SR,0,1,5,2,120.340864,22.598746,000010,國道1號,0,370K+400,五甲系統交流道,五甲交流道,0000101075010E,SW,S,1,1
VD-N1-S-371-I-WS-22-Loop,NFB-SR,0,1,5,2,120.338706,22.595672,000010,國道1號,0,370K+400,五甲系統交流道,五甲交流道,0000101075000E,SW,S,1,1
VD-N1-S-371.010-M-Loop,NFB-SR,0,1,5,1,120.34229,22.603294,000010,國道1號,0,371K+010,五甲系統交流道,五甲交流道,0000100037100E,S,S,3,3
VD-N1-S-372-I-WS-1-Loop,NFB-SR,0,1,5,2,120.331243,22.588043,000010,國道1號,0,371K+800,五甲交流道,中山四路交流道,0000101075030E,SW,S,1,1
VD-N1-S-372-O-NE-1-Loop,NFB-SR,0,1,5,2,120.330765,22.587583,000010,國道1號,0,371K+800,五甲交流道,中山四路交流道,0000101075040E,SW,S,1,1
VD-N1-S-372-O-NE-2-Loop,NFB-SR,0,1,5,2,120.330604,22.586598,000010,國道1號,0,371K+800,五甲交流道,中山四路交流道,0000101075060E,S,S,1,1
VD-N1-S-372.008-M-Loop,NFB-SR,0,1,5,1,120.337715,22.593884,000010,國道1號,0,372K+008,五甲交流道,中山四路交流道,0000100037200E,SW,S,3,3
VD-N1-S-372.798-M-Loop,NFB-SR,0,1,5,1,120.33371,22.589832,000010,國道1號,0,372K+798,五甲交流道,中山四路交流道,0000100037230E,SW,S,4,4
VD-N1-S-373-O-NW-1-RS,NFB-SR,0,2,1,2,120.324049,22.582825,000010,國道1號,0,373K+000,漁港路交流道,高雄端,0000101076020E,SW,S,1,1
VD-N1-S-373.310-M-RS,NFB-SR,0,2,1,1,120.32995,22.586838,000010,國道1號,0,373K+310,漁港路交流道,高雄端,0000100037330E,SW,S,2,2
VD-N1-S-373.900-M-RS,NFB-SR,0,2,1,1,120.320631,22.580273,000010,國道1號,0,373K+900,漁港路交流道,高雄端,0000101076030E,SW,S,2,2
VD-N1-S-374.200-M-RS,NFB-SR,0,2,1,1,120.318012,22.578294,000010,國道1號,0,374K+200,漁港路交流道,高雄端,0000101076030E,SW,S,2,2
VD-N1-S-374-O-NW-1-RS,NFB-SR,0,2,1,2,120.315855,22.577156,000010,國道1號,0,374K+400,高雄端,--交流道,0000101076040E,W,S,1,1
VD-N1-N-252.012-M-Loop,NFB-SR,0,1,5,1,120.43482,23.599056,000010,國道1號,0,252K+012,民雄交流道,大林交流道,0000100125200Q,N,N,3,3
VD-N1-N-254.006-M-Loop,NFB-SR,0,1,5,1,120.42897,23.581984,000010,國道1號,0,254K+006,民雄交流道,大林交流道,0000100125400Q,NE,N,3,3
VD-N1-N-255.840-M-RS,NFB-SR,0,2,1,1,120.421165,23.56711,000010,國道1號,0,255K+840,民雄交流道,大林交流道,0000100125500Q,NE,N,3,3
VD-N1-N-256.250-M-Loop,NFB-SR,0,1,5,1,120.419966,23.563913,000010,國道1號,0,256K+250,民雄交流道,大林交流道,0000100125600Q,N,N,3,3
VD-N1-N-257-I-EN-21-Loop,NFB-SR,0,1,5,2,120.417276,23.552754,000010,國道1號,0,257K+200,嘉義交流道,民雄交流道,0000101154030Q,NW,N,1,1
VD-N1-N-257-I-WN-22-Loop,NFB-SR,0,1,5,2,120.41681,23.553188,000010,國道1號,0,257K+200,嘉義交流道,民雄交流道,0000101154030Q,NW,N,1,1
VD-N1-N-257-O-SE-1-Loop,NFB-SR,0,1,5,2,120.414467,23.549289,000010,國道1號,0,257K+200,嘉義交流道,民雄交流道,0000101154000Q,NE,N,1,1
VD-N1-N-257-O-SE-22-Loop,NFB-SR,0,1,5,2,120.416629,23.552436,000010,國道1號,0,257K+200,嘉義交流道,民雄交流道,0000101154010Q,E,N,1,1
VD-N1-N-257-O-SW-21-Loop,NFB-SR,0,1,5,2,120.416197,23.552858,000010,國道1號,0,257K+200,嘉義交流道,民雄交流道,0000101154020Q,NE,N,2,2
VD-N1-N-257.260-N-Loop,NFB-SR,0,1,5,1,120.41649,23.555073,000010,國道1號,0,257K+260,嘉義交流道,民雄交流道,0000100125700Q,N,N,3,3
VD-N1-N-257.840-M-Loop,NFB-SR,0,1,5,1,120.41466,23.550133,000010,國道1號,0,257K+840,嘉義交流道,民雄交流道,0000101154000Q,NE,N,3,3
VD-N1-N-258.496-M-Loop,NFB-SR,0,1,5,1,120.41246,23.544567,000010,國道1號,0,258K+496,嘉義交流道,民雄交流道,0000100125810Q,N,N,3,3
VD-N1-N-259.840-M-RS,NFB-SR,0,2,1,1,120.40808,23.533173,000010,國道1號,0,259K+840,嘉義交流道,民雄交流道,0000100125900Q,N,N,3,3
VD-N1-N-260.000-M-Loop,NFB-SR,0,1,5,1,120.40758,23.531813,000010,國道1號,0,260K+000,嘉義交流道,民雄交流道,0000100125900Q,N,N,3,3
VD-N1-N-261.800-M-Loop,NFB-SR,0,1,5,1,120.403946,23.516043,000010,國道1號,0,261K+800,嘉義交流道,民雄交流道,0000100126100Q,N,N,3,3
VD-N1-N-261.840-M-RS,NFB-SR,0,2,1,1,120.4039,23.515682,000010,國道1號,0,261K+840,嘉義交流道,民雄交流道,0000100126100Q,N,N,3,3
VD-N1-N-263.840-N-Loop,NFB-SR,0,1,5,1,120.39614,23.499483,000010,國道1號,0,263K+840,嘉義交流道,民雄交流道,0000101155100I,NE,N,3,3
VD-N1-N-264-I-EN-2-Loop,NFB-SR,0,1,5,2,120.394142,23.494011,000010,國道1號,0,264K+300,水上交流道,嘉義交流道,0000101155090I,N,N,1,1
VD-N1-N-264-I-WN-3-Loop,NFB-SR,0,1,5,2,120.391138,23.494006,000010,國道1號,0,264K+300,水上交流道,嘉義交流道,0000101155050I,W,N,1,1
VD-N1-N-264-O-SE-21-Loop,NFB-SR,0,1,5,2,120.393831,23.493451,000010,國道1號,0,264K+300,水上交流道,嘉義交流道,0000101155030I,E,N,1,1
VD-N1-N-264-O-SW-22-Loop,NFB-SR,0,1,5,2,120.392726,23.494671,000010,國道1號,0,264K+300,水上交流道,嘉義交流道,0000101155070I,S,N,1,1
VD-N1-N-264.650-M-Loop,NFB-SR,0,1,5,1,120.39094,23.493967,000010,國道1號,0,264K+650,水上交流道,嘉義交流道,0000101155040I,NE,N,3,3
VD-N1-N-265.650-M-Loop,NFB-SR,0,1,5,1,120.385254,23.486643,000010,國道1號,0,265K+650,水上交流道,嘉義交流道,0000100126520Q,NE,N,3,3
VD-N1-N-266.672-M-RS,NFB-SR,0,2,1,1,120.379875,23.4759,000010,國道1號,0,266K+672,水上交流道,嘉義交流道,0000100126600Q,NE,N,3,3
VD-N1-N-267.300-M-Loop,NFB-SR,0,1,5,1,120.37885,23.473053,000010,國道1號,0,267K+300,水上交流道,嘉義交流道,0000100126700Q,N,N,3,3
VD-N1-N-267.650-M-RS,NFB-SR,0,2,1,1,120.37795,23.470009,000010,國道1號,0,267K+650,水上交流道,嘉義交流道,0000100126700Q,N,N,3,3
VD-N1-N-268.650-M-RS,NFB-SR,0,2,1,1,120.37592,23.461208,000010,國道1號,0,268K+650,水上交流道,嘉義交流道,0000100126800Q,N,N,3,3
VD-N1-N-269.500-M-Loop,NFB-SR,0,1,5,1,120.373184,23.453993,000010,國道1號,0,269K+500,水上交流道,嘉義交流道,0000100126900Q,NE,N,3,3
VD-N1-N-270.320-N-Loop,NFB-SR,0,1,5,1,120.369255,23.44756,000010,國道1號,0,270K+320,水上交流道,嘉義交流道,0000100127000Q,NE,N,3,3
VD-N1-N-270-I-EN-21-Loop,NFB-SR,0,1,5,2,120.368304,23.444453,000010,國道1號,0,270K+400,嘉義系統交流道,水上交流道,0000101156030Q,NW,N,1,1
VD-N1-N-270-I-WN-22-Loop,NFB-SR,0,1,5,2,120.367778,23.44465,000010,國道1號,0,270K+400,嘉義系統交流道,水上交流道,0000101156040Q,N,N,1,1
VD-N1-N-270-O-SE-1-Loop,NFB-SR,0,1,5,2,120.365943,23.442543,000010,國道1號,0,270K+400,嘉義系統交流道,水上交流道,0000101156000Q,NE,N,2,2
VD-N1-N-270-O-SE-2-Loop,NFB-SR,0,1,5,2,120.367724,23.443902,000010,國道1號,0,270K+400,嘉義系統交流道,水上交流道,0000101156010Q,E,N,1,1
VD-N1-N-271.227-M-Loop,NFB-SR,0,1,5,1,120.36449,23.440676,000010,國道1號,0,271K+227,嘉義系統交流道,水上交流道,0000100127110Q,NE,N,3,3
VD-N1-N-272.505-N-Loop,NFB-SR,0,1,5,1,120.358795,23.430443,000010,國道1號,0,272K+505,嘉義系統交流道,水上交流道,0000101157130Q,N,N,3,3
VD-N1-N-272-O-SW-22X-LOOP,NFB-SR,0,1,5,2,120.35729,23.425403,000010,國道1號,0,272K+830,嘉義系統交流道,水上交流道,0000101157090Q,SE,N,1,1
VD-N1-N-272-O-SW-21-LOOP,NFB-SR,0,1,5,2,120.353837,23.425372,000010,國道1號,0,272K+875,嘉義系統交流道,水上交流道,0000101057060Q,W,N,1,1
VD-N1-N-272-I-EN-21-Loop,NFB-SR,0,1,5,2,120.357669,23.427115,000010,國道1號,0,272K+900,新營服務區,嘉義系統交流道,0000101157100Q,N,N,1,1
VD-N1-N-272-I-WN-22-Loop,NFB-SR,0,1,5,2,120.357929,23.427103,000010,國道1號,0,272K+900,新營服務區,嘉義系統交流道,0000101157120Q,NW,N,1,1
VD-N1-N-272-O-SW-22-LOOP,NFB-SR,0,1,5,2,120.35926,23.423575,100820,國道1號,0,273K+300,新營服務區,嘉義系統交流道,1008201004110Q,NE,N,1,1
VD-N1-N-274.505-M-Loop,NFB-SR,0,1,5,1,120.35483,23.412909,000010,國道1號,0,274K+505,新營服務區,嘉義系統交流道,0000100127400Q,N,N,3,3
VD-N1-N-276.010-M-Loop,NFB-SR,0,1,5,1,120.35527,23.399374,000010,國道1號,0,276K+010,新營服務區,嘉義系統交流道,0000100127600D,N,N,3,3
VD-N1-N-278.007-M-Loop,NFB-SR,0,1,5,1,120.3541,23.381512,000010,國道1號,0,278K+007,新營服務區,嘉義系統交流道,0000100127800D,N,N,3,3
VD-N1-N-279.984-M-Loop,NFB-SR,0,1,5,1,120.34596,23.365467,000010,國道1號,0,279K+987,新營服務區,嘉義系統交流道,0000100127900D,NE,N,3,3
VD-N1-N-281.100-M-LOOP,NFB-SR,0,1,5,1,120.3359925,23.3562715,000010,國道1號,0,281K+100,新營服務區,嘉義系統交流道,0000100128100D,NE,N,1,1
VD-N1-N-282.005-M-Loop,NFB-SR,0,1,5,1,120.33155,23.353167,000010,國道1號,0,282K+005,新營服務區,嘉義系統交流道,0000100128200D,NE,N,3,3
VD-N1-N-283.000-M-RS,NFB-SR,0,2,1,1,120.32084,23.34646,000010,國道1號,0,283K+000,新營服務區,嘉義系統交流道,0000100128300D,NE,N,3,3
VD-N1-N-284.010-M-Loop,NFB-SR,0,1,5,1,120.31319,23.34074,000010,國道1號,0,284K+010,新營服務區,嘉義系統交流道,0000100128410D,NE,N,3,3
VD-N1-N-284-R-SE-1-Loop,NFB-SR,0,1,5,2,120.314186,23.341534,000010,國道1號,0,284K+200,新營交流道,新營服務區,0000101184000D,NE,N,1,1
VD-N1-N-284-R-EN-1-Loop,NFB-SR,0,1,5,2,120.31413,23.34139,000010,國道1號,0,284K+200,新營交流道,新營服務區,0000101184000D,NE,N,1,1
VD-N1-N-286.020-M-Loop,NFB-SR,0,1,5,1,120.30313,23.328756,000010,國道1號,0,286K+020,新營交流道,新營服務區,0000100128600D,NE,N,3,3
VD-N1-N-288.010-N-Loop,NFB-SR,0,1,5,1,120.29447,23.312714,000010,國道1號,0,288K+010,新營交流道,新營服務區,0000101158080D,NE,N,3,3
VD-N1-N-288-I-EN-2-Loop,NFB-SR,0,1,5,2,120.290617,23.306431,000010,國道1號,0,288K+400,下營系統交流道,新營交流道,0000101158030D,W,N,1,1
VD-N1-N-288-I-WN-3-Loop,NFB-SR,0,1,5,2,120.291962,23.306708,000010,國道1號,0,288K+400,下營系統交流道,新營交流道,0000101158030D,W,N,1,1
VD-N1-N-288-O-SE-21-Loop,NFB-SR,0,1,5,2,120.292509,23.306629,000010,國道1號,0,288K+400,下營系統交流道,新營交流道,0000101158010D,NE,N,1,1
VD-N1-N-288-O-SW-22-Loop,NFB-SR,0,1,5,2,120.292269,23.307165,000010,國道1號,0,288K+400,下營系統交流道,新營交流道,0000101158050D,SE,N,1,1
VD-N1-N-290.000-M-Loop,NFB-SR,0,1,5,1,120.28409,23.297573,000010,國道1號,0,290K+000,下營系統交流道,新營交流道,0000100128950D,NE,N,3,3
VD-N1-N-291.995-M-Loop,NFB-SR,0,1,5,1,120.27475,23.281878,000010,國道1號,0,291K+995,下營系統交流道,新營交流道,0000100129100D,NE,N,3,3
VD-N1-N-292.000-M-RS,NFB-SR,0,2,1,1,120.27472,23.281843,000010,國道1號,0,292K+000,下營系統交流道,新營交流道,0000100129100D,NE,N,3,3
VD-N1-N-293.450-M-Loop,NFB-SR,0,1,5,1,120.265473,23.271922,000010,國道1號,0,293K+450,下營系統交流道,新營交流道,0000100129300D,NE,N,3,3
VD-N1-N-293.450-M-RS,NFB-SR,0,2,1,1,120.265461,23.27193,000010,國道1號,0,293K+450,下營系統交流道,新營交流道,0000100129300D,NE,N,3,3
VD-N1-N-295.530-M-Loop,NFB-SR,0,1,5,1,120.25698,23.254948,000010,國道1號,0,295K+530,下營系統交流道,新營交流道,0000100129500D,NE,N,3,3
VD-N1-N-297.530-M-Loop,NFB-SR,0,1,5,1,120.24836,23.238752,000010,國道1號,0,297K+530,下營系統交流道,新營交流道,0000100129700D,NE,N,3,3
VD-N1-N-299.280-N-Loop,NFB-SR,0,1,5,1,120.24107,23.224533,000010,國道1號,0,299K+280,下營系統交流道,新營交流道,0000100129900D,N,N,3,3
VD-N1-N-299-O-SW-21-LOOP,NFB-SR,0,1,5,2,120.236211,23.220588,100840,國道1號,0,299K+550,下營系統交流道,新營交流道,1008401103080D,NW,N,1,1
VD-N1-N-299-I-EN-21-Loop,NFB-SR,0,1,5,2,120.240532,23.221253,000010,國道1號,0,299K+570,麻豆交流道,下營系統交流道,0000101159070D,NW,N,1,1
VD-N1-N-299-I-WN-22-Loop,NFB-SR,0,1,5,2,120.240285,23.221214,000010,國道1號,0,299K+570,麻豆交流道,下營系統交流道,0000101159060D,N,N,1,1
VD-N1-N-299-O-SE-22-LOOP,NFB-SR,0,1,5,2,120.241909,23.217536,100840,國道1號,0,299K+600,麻豆交流道,下營系統交流道,1008401003080D,SE,N,1,1
VD-N1-N-301.000-M-Loop,NFB-SR,0,1,5,1,120.23714,23.209522,000010,國道1號,0,301K+000,麻豆交流道,下營系統交流道,0000100130100D,N,N,3,3
VD-N1-N-302.340-M-Loop,NFB-SR,0,1,5,1,120.2365,23.19748,000010,國道1號,0,302K+340,麻豆交流道,下營系統交流道,0000100130200D,N,N,3,3
VD-N1-N-303.470-N-Loop,NFB-SR,0,1,5,1,120.23622,23.187317,000010,國道1號,0,303K+470,麻豆交流道,下營系統交流道,0000101160050D,N,N,3,3
VD-N1-N-303-I-EN-21-Loop,NFB-SR,0,1,5,2,120.236517,23.183119,000010,國道1號,0,303K+700,安定交流道,麻豆交流道,0000101160030D,NW,N,1,1
VD-N1-N-303-I-WN-22-Loop,NFB-SR,0,1,5,2,120.236144,23.183103,000010,國道1號,0,303K+700,安定交流道,麻豆交流道,0000101160040D,N,N,1,1
VD-N1-N-303-O-SE-1-Loop,NFB-SR,0,1,5,2,120.235544,23.180137,000010,國道1號,0,303K+700,安定交流道,麻豆交流道,0000101160000D,N,N,2,2
VD-N1-N-303-O-SW-2-Loop,NFB-SR,0,1,5,2,120.236245,23.182443,000010,國道1號,0,303K+700,安定交流道,麻豆交流道,0000101160020D,N,N,1,1
VD-N1-N-305.242-M-Loop,NFB-SR,0,1,5,1,120.23357,23.171568,000010,國道1號,0,305K+242,安定交流道,麻豆交流道,0000100130500D,N,N,3,3
VD-N1-N-306.987-M-Loop,NFB-SR,0,1,5,1,120.230705,23.15613,000010,國道1號,0,306K+987,安定交流道,麻豆交流道,0000100130600D,N,N,3,3
VD-N1-N-308.988-M-Loop,NFB-SR,0,1,5,1,120.23415,23.138523,000010,國道1號,0,308K+988,安定交流道,麻豆交流道,0000100130800D,N,N,3,3
VD-N1-N-310.700-N-Loop,NFB-SR,0,1,5,1,120.2407,23.124344,000010,國道1號,0,310K+700,安定交流道,麻豆交流道,0000100131070D,NW,N,3,3
VD-N1-N-311-I-EN-21-Loop,NFB-SR,0,1,5,2,120.244004,23.118268,000010,國道1號,0,311K+100,台南系統交流道,安定交流道,0000101161040D,N,N,1,1
VD-N1-N-311-I-WN-22-Loop,NFB-SR,0,1,5,2,120.244353,23.118421,000010,國道1號,0,311K+100,台南系統交流道,安定交流道,0000101161030D,NW,N,1,1
VD-N1-N-311-O-SE-1-Loop,NFB-SR,0,1,5,2,120.245336,23.113458,000010,國道1號,0,311K+100,台南系統交流道,安定交流道,0000101161000D,N,N,2,2
VD-N1-N-311-O-SE-2-Loop,NFB-SR,0,1,5,2,120.244249,23.117688,000010,國道1號,0,311K+100,台南系統交流道,安定交流道,0000101161020D,N,N,2,2
VD-N1-N-312.700-M-Loop,NFB-SR,0,1,5,1,120.24711,23.107344,000010,國道1號,0,312K+700,台南系統交流道,安定交流道,0000100131220D,N,N,3,3
VD-N1-N-314.240-M-LOOP,NFB-SR,0,1,5,1,120.2507531,23.0906566,000010,國道1號,0,314K+240,台南系統交流道,安定交流道,0000100131400D,N,N,1,1
VD-N1-N-314.550-M-RS,NFB-SR,0,2,1,1,120.25065,23.091028,000010,國道1號,0,314K+550,台南系統交流道,安定交流道,0000100131400D,N,N,3,3
VD-N1-N-315.010-N-Loop,NFB-SR,0,1,5,1,120.2513,23.086933,000010,國道1號,0,315K+010,台南系統交流道,安定交流道,0000100131500D,N,N,3,3
VD-N1-N-315-I-EN-21-Loop,NFB-SR,0,1,5,2,120.253123,23.081743,000010,國道1號,0,315K+500,永康交流道,台南系統交流道,0000101162060D,NE,N,1,1
VD-N1-N-315-I-EN-21X-Loop,NFB-SR,0,1,5,2,120.249454,23.078239,000010,國道1號,0,315K+500,永康交流道,台南系統交流道,0000101162060D,NE,N,1,1
VD-N1-N-315-I-WN-22-Loop,NFB-SR,0,1,5,2,120.253244,23.081829,000010,國道1號,0,315K+500,永康交流道,台南系統交流道,0000101162050D,NW,N,1,1
VD-N1-N-315-I-WN-22X-Loop,NFB-SR,0,1,5,2,120.255176,23.079946,000010,國道1號,0,315K+500,永康交流道,台南系統交流道,0000101162050D,NW,N,1,1
VD-N1-N-315.985-M-Loop,NFB-SR,0,1,5,1,120.25238,23.078215,000010,國道1號,0,315K+985,永康交流道,台南系統交流道,0000100131520D,N,N,3,3
VD-N1-N-316.200-M-Loop,NFB-SR,0,1,5,1,120.25256,23.076283,000010,國道1號,0,316K+200,永康交流道,台南系統交流道,0000100131600D,N,N,1,1
VD-N1-N-316.910-M-RS,NFB-SR,0,2,1,1,120.25303,23.069902,000010,國道1號,0,316K+910,永康交流道,台南系統交流道,0000100131660D,N,N,4,4
VD-N1-N-317.600-M-RS,NFB-SR,0,2,1,1,120.2533,23.063704,000010,國道1號,0,317K+600,永康交流道,台南系統交流道,0000100131700D,N,N,4,4
VD-N1-N-318.480-M-Loop,NFB-SR,0,1,5,1,120.25335,23.055775,000010,國道1號,0,318K+480,永康交流道,台南系統交流道,0000100131840D,N,N,3,3
VD-N1-N-319.400-N-Loop,NFB-SR,0,1,5,1,120.252594,23.047543,000010,國道1號,0,319K+400,永康交流道,台南系統交流道,0000100131900D,N,N,3,3
VD-N1-N-319-I-EN-2-Loop,NFB-SR,0,1,5,2,120.252259,23.044336,000010,國道1號,0,319K+600,大灣交流道,永康交流道,0000101163070D,NW,N,1,1
VD-N1-N-319-I-WN-3-Loop,NFB-SR,0,1,5,2,120.252157,23.044326,000010,國道1號,0,319K+600,大灣交流道,永康交流道,0000101163060D,N,N,1,1
VD-N1-N-319-O-SE-21-Loop,NFB-SR,0,1,5,2,120.252946,23.041715,000010,國道1號,0,319K+600,大灣交流道,永康交流道,0000101163010D,NE,N,1,1
VD-N1-N-319-O-SW-22-Loop,NFB-SR,0,1,5,2,120.251618,23.041592,000010,國道1號,0,319K+600,大灣交流道,永康交流道,0000101163020D,N,N,1,1
VD-N1-N-320.750-M-Loop,NFB-SR,0,1,5,1,120.25028,23.035568,000010,國道1號,0,320K+750,大灣交流道,永康交流道,0000100132050D,N,N,3,3
VD-N1-N-321.750-M-RS,NFB-SR,0,2,1,1,120.249405,23.026628,000010,國道1號,0,321K+750,大灣交流道,永康交流道,0000100132100D,N,N,3,3
VD-N1-N-322.750-M-RS,NFB-SR,0,2,1,1,120.2508,23.017748,000010,國道1號,0,322K+750,大灣交流道,永康交流道,0000100132200D,N,N,3,3
VD-N1-N-323.015-M-Loop,NFB-SR,0,1,5,1,120.25045,23.015392,000010,國道1號,0,323K+015,大灣交流道,永康交流道,0000100132300D,N,N,4,4
VD-N1-N-323.825-M-RS,NFB-SR,0,2,1,1,120.24859,23.008318,000010,國道1號,0,323K+825,大灣交流道,永康交流道,0000100132300D,N,N,3,3
VD-N1-N-324.200-M-Loop,NFB-SR,0,1,5,1,120.24824,23.004953,000010,國道1號,0,324K+200,大灣交流道,永康交流道,0000100132400D,N,N,3,3
VD-N1-N-324-I-EN-1-Loop,NFB-SR,0,1,5,2,120.2484,23.0003,000010,國道1號,0,324K+480,仁德交流道,大灣交流道,0000101164000D,N,N,1,1
VD-N1-N-324.750-M-RS,NFB-SR,0,2,1,1,120.24827,22.999992,000010,國道1號,0,324K+750,仁德交流道,大灣交流道,0000100132450D,N,N,3,3
VD-N1-N-324.995-M-Loop,NFB-SR,0,1,5,1,120.24828,22.997778,000010,國道1號,0,324K+995,仁德交流道,大灣交流道,0000100132450D,N,N,3,3
VD-N1-N-325.750-M-RS,NFB-SR,0,2,1,1,120.24833,22.991009,000010,國道1號,0,325K+750,仁德交流道,大灣交流道,0000100132500D,N,N,3,3
VD-N1-N-326.400-M-Loop,NFB-SR,0,1,5,1,120.2484,22.985144,000010,國道1號,0,326K+400,仁德交流道,大灣交流道,0000100132630D,N,N,3,3
VD-N1-N-327.200-N-Loop,NFB-SR,0,1,5,1,120.248634,22.977962,000010,國道1號,0,327K+200,仁德交流道,大灣交流道,0000100132700D,N,N,3,3
VD-N1-N-327-I-EN-1-Loop,NFB-SR,0,1,5,2,120.248497,22.985507,000010,國道1號,0,327K+400,仁德系統交流道,仁德交流道,0000101165080D,N,N,1,1
VD-N1-N-327-O-SE-1A-Loop,NFB-SR,0,1,5,2,120.249283,22.974164,000010,國道1號,0,327K+400,仁德系統交流道,仁德交流道,0000101165070D,N,N,1,1
VD-N1-N-327-O-SE-1B-Loop,NFB-SR,0,1,5,2,120.249065,22.976178,000010,國道1號,0,327K+400,仁德系統交流道,仁德交流道,0000101165070D,N,N,2,2
VD-N1-N-328.070-M-Loop,NFB-SR,0,1,5,1,120.24977,22.9702,000010,國道1號,0,328K+070,仁德系統交流道,仁德交流道,0000100132800D,N,N,3,3
VD-N1-N-328.820-M-Loop,NFB-SR,0,1,5,1,120.250114,22.963482,000010,國道1號,0,328K+820,仁德系統交流道,仁德交流道,0000100132850D,N,N,3,3
VD-N1-N-328.880-M-RS,NFB-SR,0,2,1,1,120.249803,22.958978,000010,國道1號,0,328K+880,仁德系統交流道,仁德交流道,0000100132900D,N,N,3,3
VD-N1-N-330.555-N-Loop,NFB-SR,0,1,5,1,120.24893,22.948528,000010,國道1號,0,330K+555,仁德系統交流道,仁德交流道,0000100133050D,N,N,3,3
VD-N1-N-330-O-SW-21-LOOP,NFB-SR,0,1,5,2,120.246873,22.943656,000010,國道1號,0,330K+675,仁德系統交流道,仁德交流道,0000101166020D,NW,N,1,1
VD-N1-N-330-I-EN-21-Loop,NFB-SR,0,1,5,2,120.249715,22.943959,000010,國道1號,0,330K+700,仁德服務區,仁德系統交流道,0000101166050D,NW,N,1,1
VD-N1-N-330-I-WN-22-Loop,NFB-SR,0,1,5,2,120.249618,22.943931,000010,國道1號,0,330K+700,仁德服務區,仁德系統交流道,0000101166060D,NE,N,1,1
VD-N1-N-330-O-SE-22-LOOP,NFB-SR,0,1,5,2,120.253646,22.940934,100860,國道1號,0,330K+820,仁德服務區,仁德系統交流道,1008601004050D,NE,N,1,1
VD-N1-N-332.400-M-Loop,NFB-SR,0,1,5,1,120.25407,22.932102,000010,國道1號,0,332K+400,仁德服務區,仁德系統交流道,0000100133200D,N,N,4,4
VD-N1-N-334.020-M-Loop,NFB-SR,0,1,5,1,120.26007,22.918617,000010,國道1號,0,334K+020,仁德服務區,仁德系統交流道,0000100133400D,N,N,4,4
VD-N1-N-335-R-SE-1-Loop,NFB-SR,0,1,5,2,120.264726,22.908798,000010,國道1號,0,335K+100,路竹交流道,仁德服務區,0000101185010D,NW,N,1,1
VD-N1-N-335-R-EN-1-Loop,NFB-SR,0,1,6,2,120.265212,22.907676,000010,國道1號,0,335K+100,路竹交流道,仁德服務區,0000101185010D,NW,N,1,1
VD-N1-N-335.180-M-Loop,NFB-SR,0,1,5,1,120.26612,22.90552,000010,國道1號,0,335K+180,路竹交流道,仁德服務區,0000100133520D,N,N,3,3
VD-N1-N-336.400-M-Loop,NFB-SR,0,1,5,1,120.26901,22.898832,000010,國道1號,0,336K+400,路竹交流道,仁德服務區,0000100133630D,NW,N,3,3
VD-N1-N-338.070-N-Loop,NFB-SR,0,1,5,1,120.27613,22.885305,000010,國道1號,0,338K+070,路竹交流道,仁德服務區,0000100133800E,NW,N,3,3
VD-N1-N-338-I-EN-21-Loop,NFB-SR,0,1,5,2,120.278265,22.881767,000010,國道1號,0,338K+300,高科交流道,路竹交流道,0000101167040E,NW,N,1,1
VD-N1-N-338-I-WN-22-Loop,NFB-SR,0,1,5,2,120.278354,22.881797,000010,國道1號,0,338K+300,高科交流道,路竹交流道,0000101167030E,NW,N,1,1
VD-N1-N-338-O-SE-1-Loop,NFB-SR,0,1,5,2,120.281508,22.876118,000010,國道1號,0,338K+300,高科交流道,路竹交流道,0000101167000E,N,N,2,2
VD-N1-N-338-O-SW-2-Loop,NFB-SR,0,1,5,2,120.282055,22.879093,000010,國道1號,0,338K+300,高科交流道,路竹交流道,0000101167020E,N,N,2,2
VD-N1-N-339.975-M-Loop,NFB-SR,0,1,5,1,120.28402,22.869802,000010,國道1號,0,339K+975,高科交流道,路竹交流道,0000100133940E,NW,N,3,3
VD-N1-N-341.975-N-Loop,NFB-SR,0,1,5,1,120.29092,22.85296,000010,國道1號,0,341K+975,高科交流道,路竹交流道,0000100134100E,N,N,3,3
VD-N1-N-342-I-WN-2-Loop,NFB-SR,0,1,5,2,120.295102,22.846604,000010,國道1號,0,342K+300,岡山交流道,高科交流道,0000101168040E,NW,N,1,1
VD-N1-N-342-O-SE-1-Loop,NFB-SR,0,1,5,2,120.298316,22.841797,000010,國道1號,0,342K+300,岡山交流道,高科交流道,0000101168000E,NW,N,2,2
VD-N1-N-342-O-SW-2-Loop,NFB-SR,0,1,5,2,120.296054,22.845193,000010,國道1號,0,342K+300,岡山交流道,高科交流道,0000101168000E,NW,N,1,1
VD-N1-N-343.790-M-Loop,NFB-SR,0,1,5,1,120.30004,22.838968,000010,國道1號,0,343K+790,岡山交流道,高科交流道,0000100134360E,NW,N,3,3
VD-N1-N-345.995-M-Loop,NFB-SR,0,1,5,1,120.311195,22.822021,000010,國道1號,0,345K+995,岡山交流道,高科交流道,0000100134500E,NW,N,3,3
VD-N1-N-347.115-M-LOOP,NFB-SR,0,1,5,1,120.3153943,22.8081322,000010,國道1號,0,347K+115,岡山交流道,高科交流道,0000100134700E,N,N,1,1
VD-N1-N-347.680-M-RS,NFB-SR,0,2,1,1,120.31556,22.807411,000010,國道1號,0,347K+680,岡山交流道,高科交流道,0000100134700E,N,N,3,3
VD-N1-N-348.002-M-Loop,NFB-SR,0,1,5,1,120.31627,22.804596,000010,國道1號,0,348K+002,岡山交流道,高科交流道,0000100134800E,N,N,3,3
VD-N1-N-349.220-N-Loop,NFB-SR,0,1,5,1,120.31903,22.793926,000010,國道1號,0,349K+220,岡山交流道,高科交流道,0000100134900E,N,N,3,3
VD-N1-N-349-I-EN-21-Loop,NFB-SR,0,1,5,2,120.322128,22.788515,000010,國道1號,0,349K+400,楠梓交流道,岡山交流道,0000101169030E,NW,N,1,1
VD-N1-N-349-I-WN-22-Loop,NFB-SR,0,1,5,2,120.321752,22.788495,000010,國道1號,0,349K+400,楠梓交流道,岡山交流道,0000101169040E,N,N,1,1
VD-N1-N-349-O-SE-21-Loop,NFB-SR,0,1,5,2,120.321559,22.787852,000010,國道1號,0,349K+400,楠梓交流道,岡山交流道,0000101169010E,N,N,1,1
VD-N1-N-349-O-SW-22-Loop,NFB-SR,0,1,5,2,120.32127,22.788278,000010,國道1號,0,349K+400,楠梓交流道,岡山交流道,0000101169020E,N,N,1,1
VD-N1-N-350.994-M-Loop,NFB-SR,0,1,5,1,120.324,22.778645,000010,國道1號,0,350K+994,楠梓交流道,岡山交流道,0000100135050E,N,N,3,3
VD-N1-N-351.600-M-RS,NFB-SR,0,2,1,1,120.3276,22.769,000010,國道1號,0,351K+600,楠梓交流道,岡山交流道,0000100135200E,N,N,3,3
VD-N1-N-353.010-M-Loop,NFB-SR,0,1,5,1,120.330894,22.761662,000010,國道1號,0,353K+010,楠梓交流道,岡山交流道,0000100135300E,N,N,4,4
VD-N1-N-353.155-M-RS,NFB-SR,0,2,1,1,120.33147,22.760466,000010,國道1號,0,353K+155,楠梓交流道,岡山交流道,0000100135300E,N,N,3,3
VD-N1-N-355.160-N-LOOP,NFB-SR,0,1,5,1,120.334755,22.742785,000010,國道1號,0,355K+160,楠梓交流道,岡山交流道,0000100135520E,N,N,3,3
VD-N1-N-355.660-N-Loop,NFB-SR,0,1,5,1,120.33461,22.738358,000010,國道1號,0,355K+660,楠梓交流道,岡山交流道,0000100135520E,N,N,3,3
VD-N1-N-356.160-N-Loop,NFB-SR,0,1,5,1,120.33445,22.733843,000010,國道1號,0,356K+160,楠梓交流道,岡山交流道,0000100135600E,N,N,3,3
VD-N1-N-356-I-EN-2-Loop,NFB-SR,0,1,5,2,120.334706,22.738791,000010,國道1號,0,356K+200,鼎金系統交流道,楠梓交流道,0000101170110E,N,N,1,1
VD-N1-N-356-I-EN-31-Loop,NFB-SR,0,1,5,2,120.335154,22.738423,000010,國道1號,0,356K+200,鼎金系統交流道,楠梓交流道,0000101170070E,NW,N,1,1
VD-N1-N-356-I-WN-32-Loop,NFB-SR,0,1,5,2,120.334564,22.733556,000010,國道1號,0,356K+200,鼎金系統交流道,楠梓交流道,0000101170110E,N,N,1,1
VD-N1-N-356-O-SE-21-Loop,NFB-SR,0,1,5,2,120.334446,22.728574,000010,國道1號,0,356K+200,鼎金系統交流道,楠梓交流道,0000101170050E,N,N,1,1
VD-N1-N-356-O-SE-22-Loop,NFB-SR,0,1,5,2,120.334231,22.728549,000010,國道1號,0,356K+200,鼎金系統交流道,楠梓交流道,0000101170060E,N,N,1,1
VD-N1-N-356.600-N-Loop,NFB-SR,0,1,5,1,120.33429,22.729914,000010,國道1號,0,356K+600,鼎金系統交流道,楠梓交流道,0000100135600E,N,N,3,3
VD-N1-N-357.186-N-Loop,NFB-SR,0,1,5,1,120.333405,22.724707,000010,國道1號,0,357K+186,鼎金系統交流道,楠梓交流道,0000100135700E,N,N,3,3
VD-N1-N-357.600-N-Loop,NFB-SR,0,1,5,1,120.33256,22.721064,000010,國道1號,0,357K+600,鼎金系統交流道,楠梓交流道,0000100135700E,N,N,3,3
VD-N1-N-358.100-M-Loop,NFB-SR,0,1,5,1,120.33149,22.716663,000010,國道1號,0,358K+100,鼎金系統交流道,楠梓交流道,0000100135800E,N,N,4,4
VD-N1-N-358.600-M-Loop,NFB-SR,0,1,5,1,120.33046,22.712263,000010,國道1號,0,358K+600,鼎金系統交流道,楠梓交流道,0000100135840E,N,N,4,4
VD-N1-N-359.100-M-Loop,NFB-SR,0,1,5,1,120.3294,22.707872,000010,國道1號,0,359K+100,鼎金系統交流道,楠梓交流道,0000100135900E,N,N,4,4
VD-N1-N-359.600-M-Loop,NFB-SR,0,1,5,1,120.32835,22.703493,000010,國道1號,0,359K+600,鼎金系統交流道,楠梓交流道,0000100135900E,N,N,4,4
VD-N1-N-360.080-M-Loop,NFB-SR,0,1,5,1,120.32775,22.699211,000010,國道1號,0,360K+080,鼎金系統交流道,楠梓交流道,0000100136000E,N,N,4,4
VD-N1-N-360.590-M-Loop,NFB-SR,0,1,5,1,120.32761,22.694622,000010,國道1號,0,360K+590,鼎金系統交流道,楠梓交流道,0000100136000E,N,N,4,4
VD-N1-N-361.100-M-Loop,NFB-SR,0,1,5,1,120.32795,22.690033,000010,國道1號,0,361K+100,鼎金系統交流道,楠梓交流道,0000100136100E,N,N,4,4
VD-N1-N-361.640-N-Loop,NFB-SR,0,1,5,1,120.328316,22.685152,000010,國道1號,0,361K+640,鼎金系統交流道,楠梓交流道,0000100136100E,N,N,3,3
VD-N1-N-362.140-N-Loop,NFB-SR,0,1,5,1,120.32865,22.680702,000010,國道1號,0,362K+140,鼎金系統交流道,楠梓交流道,0000100136200E,N,N,3,3
VD-N1-N-362-I-EN-21-Loop,NFB-SR,0,1,5,2,120.329404,22.678027,000010,國道1號,0,362K+400,高雄交流道,鼎金系統交流道,0000101171040E,NW,N,1,1
VD-N1-N-362-I-WN-22-Loop,NFB-SR,0,1,5,2,120.329082,22.678018,000010,國道1號,0,362K+400,高雄交流道,鼎金系統交流道,0000101171050E,NE,N,2,2
VD-N1-N-362.640-N-Loop,NFB-SR,0,1,5,1,120.328995,22.676207,000010,國道1號,0,362K+640,高雄交流道,鼎金系統交流道,0000100136200E,N,N,3,3
VD-N1-N-363.080-N-Loop,NFB-SR,0,1,5,1,120.32929,22.67227,000010,國道1號,0,363K+080,高雄交流道,鼎金系統交流道,0000100136300E,N,N,3,3
VD-N1-N-364.080-M-Loop,NFB-SR,0,1,5,1,120.33029,22.663319,000010,國道1號,0,364K+080,高雄交流道,鼎金系統交流道,0000100136400E,N,N,5,5
VD-N1-N-365.080-M-Loop,NFB-SR,0,1,5,1,120.33403,22.655031,000010,國道1號,0,365K+080,高雄交流道,鼎金系統交流道,0000100136500E,N,N,5,5
VD-N1-N-366.080-N-Loop,NFB-SR,0,1,5,1,120.33674,22.6464,000010,國道1號,0,366K+080,高雄交流道,鼎金系統交流道,0000100136600E,N,N,4,4
VD-N1-N-367.010-N-Loop,NFB-SR,0,1,5,1,120.33728,22.638063,000010,國道1號,0,367K+010,高雄交流道,鼎金系統交流道,0000100136700E,N,N,4,4
VD-N1-N-367-I-EN-1A-Loop,NFB-SR,0,1,5,2,120.337248,22.643216,000010,國道1號,0,367K+400,瑞隆路交流道,高雄交流道,0000101172070E,N,N,1,1
VD-N1-N-367-I-EN-21B-Loop,NFB-SR,0,1,5,2,120.337643,22.6379,000010,國道1號,0,367K+400,瑞隆路交流道,高雄交流道,0000101172060E,N,N,1,1
VD-N1-N-367-I-EN-22B-Loop,NFB-SR,0,1,5,2,120.337332,22.6379,000010,國道1號,0,367K+400,瑞隆路交流道,高雄交流道,0000101172050E,N,N,1,1
VD-N1-N-367-O-SE-1A-Loop,NFB-SR,0,1,5,2,120.336505,22.626356,000010,國道1號,0,367K+400,瑞隆路交流道,高雄交流道,0000101172010E,N,N,2,2
VD-N1-N-367-O-SE-1B-Loop,NFB-SR,0,1,5,2,120.336623,22.623812,000010,國道1號,0,367K+400,瑞隆路交流道,高雄交流道,0000101172000E,N,N,2,2
VD-N1-N-367.472-N-Loop,NFB-SR,0,1,5,1,120.33694,22.633923,000010,國道1號,0,367K+472,瑞隆路交流道,高雄交流道,0000100136700E,N,N,3,3
VD-N1-N-368.306-M-Loop,NFB-SR,0,1,5,1,120.33626,22.626448,000010,國道1號,0,368K+306,瑞隆路交流道,高雄交流道,0000100136800E,N,N,5,5
VD-N1-N-369.263-M-Loop,NFB-SR,0,1,5,1,120.337074,22.617867,000010,國道1號,0,369K+263,瑞隆路交流道,高雄交流道,0000100136920E,N,N,4,4
VD-N1-N-370.300-M-Loop,NFB-SR,0,1,5,1,120.33981,22.608913,000010,國道1號,0,370K+300,五甲系統交流道,瑞隆路交流道,0000100137000E,NW,N,3,3
VD-N1-N-370-I-EN-21-Loop,NFB-SR,0,1,5,2,120.341609,22.605894,000010,國道1號,0,370K+400,五甲交流道,五甲系統交流道,0000101174020E,N,N,2,2
VD-N1-N-370-I-EN-22-Loop,NFB-SR,0,1,5,2,120.341888,22.59903,000010,國道1號,0,370K+400,五甲交流道,五甲系統交流道,0000101174000E,N,N,1,1
VD-N1-N-371-O-SE-1-Loop,NFB-SR,0,1,5,2,120.338753,22.5947,000010,國道1號,0,370K+400,五甲交流道,五甲系統交流道,0000101175050E,NE,N,2,2
VD-N1-N-371.190-M-Loop,NFB-SR,0,1,5,1,120.34246,22.601557,000010,國道1號,0,371K+190,五甲交流道,五甲系統交流道,0000100137100E,NE,N,3,3
VD-N1-N-372-I-EN-21-Loop,NFB-SR,0,1,5,2,120.333713,22.589608,000010,國道1號,0,371K+800,中山四路交流道,五甲交流道,0000101175020E,NE,N,1,1
VD-N1-N-372-O-SE-1-Loop,NFB-SR,0,1,5,2,120.33514,22.590902,000010,國道1號,0,371K+800,中山四路交流道,五甲交流道,0000101175040E,NE,N,2,2
VD-N1-N-371.912-M-Loop,NFB-SR,0,1,5,1,120.33938,22.595684,000010,國道1號,0,371K+912,中山四路交流道,五甲交流道,0000100137100E,NE,N,3,3
VD-N1-N-372-I-EN-22-Loop,NFB-SR,0,1,5,2,120.33378,22.589549,000010,國道1號,0,372K+000,中山四路交流道,五甲交流道,0000101175030E,NE,N,1,1
VD-N1-N-372.940-M-Loop,NFB-SR,0,1,5,1,120.33233,22.588404,000010,國道1號,0,372K+940,漁港路交流道,中山四路交流道,0000100137240E,NE,N,5,5
VD-N1-N-373-I-EN-1-RS,NFB-SR,0,2,1,2,120.324148,22.582592,000010,國道1號,0,373K+000,高雄端,漁港路交流道,0000101176090E,NE,N,1,1
VD-N1-N-373.900-M-RS,NFB-SR,0,2,1,1,120.31715,22.577682,000010,國道1號,0,373K+900,高雄端,漁港路交流道,0000101176090E,NE,N,2,2
VD-N1-N-374.270-M-RS,NFB-SR,0,2,1,1,120.317994,22.578337,000010,國道1號,0,374K+270,高雄端,漁港路交流道,0000101176090E,NE,N,2,2
VD-N1-N-374-I-WN-1-RS,NFB-SR,0,2,1,2,120.313829,22.577464,000010,國道1號,0,374K+400,--交流道,高雄端,0000101176070E,E,N,1,1
VD-N1K-E-0.040-M-RS,NFB-SR,0,2,1,1,120.303725,22.586675,625067,高港高架,0,0K+040,58管制站交流道,第二貨櫃中心交流道,6250670300000E,SE,E,1,1
VD-N1K-E-0.800-M-RS,NFB-SR,0,2,1,1,120.30922,22.583992,625067,高港高架,0,0K+800,58管制站交流道,第二貨櫃中心交流道,6250670300000E,SE,E,1,1
VD-N1K-E-1-I-NE-1-RS,NFB-SR,0,2,1,2,120.31086,22.581815,625068,高港高架,0,1K+000,第二貨櫃中心交流道,高雄端,6250680300000E,SE,E,1,1
VD-N1K-E-1.380-M-RS,NFB-SR,0,2,1,1,120.310583,22.582381,625067,高港高架,0,1K+380,第二貨櫃中心交流道,高雄端,6250670300000E,SE,E,2,2
VD-N1K-E-2-I-NE-1-RS,NFB-SR,0,2,1,2,120.315846,22.576913,625067,高港高架,0,1K+700,高雄端,過港隧道交流道,6250670300010E,SE,E,1,1
VD-N1K-E-2.100-M-RS,NFB-SR,0,2,1,1,120.317216,22.574823,625067,高港高架,0,2K+100,高雄端,過港隧道交流道,6250670300030E,SE,E,2,2
VD-N1K-E-2.204-M-RS,NFB-SR,0,2,1,1,120.317813,22.574118,625067,高港高架,0,2K+204,高雄端,過港隧道交流道,6250670300030E,SE,E,2,2
VD-N1K-E-3.103-M-RS,NFB-SR,0,2,1,1,120.323186,22.567758,625067,高港高架,0,3K+103,過港隧道交流道,三、五管制站交流道,6250670300040E,SE,E,1,1
VD-N1K-E-3.200-M-RS,NFB-SR,0,2,1,1,120.32391,22.567083,625067,高港高架,0,3K+200,過港隧道交流道,三、五管制站交流道,6250670300040E,SE,E,1,1
VD-N1K-E-3-O-E-1-RS,NFB-SR,0,2,1,2,120.320308,22.571106,625067,高港高架,0,3K+400,三、五管制站交流道,--交流道,6250670300000E,SE,E,1,1
VD-N1K-W-0.200-M-RS,NFB-SR,0,2,1,1,120.308346,22.585012,625067,高港高架,0,0K+200,第二貨櫃中心交流道,58管制站交流道,6250670700000E,NW,W,1,1
VD-N1K-W-1-O-EN-1-RS,NFB-SR,0,2,1,2,120.310844,22.582075,625067,高港高架,0,1K+000,高雄端,第二貨櫃中心交流道,6250670700000E,NW,W,1,1
VD-N1K-W-1.410-M-RS,NFB-SR,0,2,1,1,120.310454,22.582536,625067,高港高架,0,1K+410,高雄端,第二貨櫃中心交流道,6250670700000E,NW,W,2,2
VD-N1K-W-2-O-EN-1-RS,NFB-SR,0,2,1,2,120.316205,22.576748,625067,高港高架,0,1K+700,過港隧道交流道,高雄端,6250670700000E,NW,W,1,1
VD-N1K-W-2.350-M-RS,NFB-SR,0,2,1,1,120.318654,22.573108,625067,高港高架,0,2K+350,過港隧道交流道,高雄端,6250670700030E,NW,W,2,2
VD-N1K-W-3.000-M-RS,NFB-SR,0,2,1,1,120.322578,22.568502,625067,高港高架,0,3K+000,三、五管制站交流道,過港隧道交流道,6250670700040E,NW,W,1,1
VD-N1K-W-3.397-M-RS,NFB-SR,0,2,1,1,120.325174,22.565812,625067,高港高架,0,3K+397,三、五管制站交流道,過港隧道交流道,6250670700040E,NW,W,1,1
VD-N1K-W-3-I-W-1-RS,NFB-SR,0,2,1,2,120.320908,22.570766,620630,高港高架,0,3K+400,--交流道,三、五管制站交流道,6206300700180E,NW,W,1,1
VD-N1K-W-3.410-L-RS,NFB-SR,0,2,1,1,120.326166,22.564845,625067,高港高架,0,3K+400,--交流道,三、五管制站交流道,6250670700040E,NW,W,2,2
VD-N3-S-269.164-N-Loop,NFB-SR,0,1,5,1,120.573611,23.664444,000030,國道3號,0,269K+164,古坑(北)交流道,古坑系統交流道,0000300026900P,SW,S,3,3
VD-N3-S-269-I-WS-1-Loop,NFB-SR,0,1,5,2,120.572895,23.663847,000030,國道3號,0,269K+200,古坑系統交流道,古坑(南)交流道,0000301051010P,SE,S,1,1
VD-N3-S-271.165-M-Loop,NFB-SR,0,1,5,1,120.572777,23.646944,000030,國道3號,0,271K+165,古坑系統交流道,古坑(南)交流道,0000300027100P,S,S,3,3
VD-N3-S-271-I-ES-22-Loop,NFB-SR,0,1,5,2,120.572546,23.646285,000030,國道3號,0,271K+210,古坑(南)交流道,古坑服務區,0000301052040P,SE,S,1,1
VD-N3-S-271-I-WS-21-Loop,NFB-SR,0,1,5,2,120.572262,23.646222,000030,國道3號,0,271K+210,古坑(南)交流道,古坑服務區,0000301052050P,S,S,1,1
VD-N3-S-271.400-M-Loop,NFB-SR,0,1,5,1,120.57271,23.64595,000030,國道3號,0,271K+400,古坑(南)交流道,古坑服務區,0000300027100P,S,S,3,3
VD-N3-S-272.655-M-Loop,NFB-SR,0,1,5,1,120.570277,23.633888,000030,國道3號,0,272K+655,古坑(南)交流道,古坑服務區,0000300027200P,S,S,3,3
VD-N3-S-274.905-M-RS,NFB-SR,0,2,1,1,120.55958,23.618921,000030,國道3號,0,274K+905,古坑(南)交流道,古坑服務區,0000300027400P,SW,S,3,3
VD-N3-S-276-R-NW-1-Loop,NFB-SR,0,1,5,2,120.542139,23.61025,000030,國道3號,0,276K+900,古坑服務區,梅山交流道,0000300027690P,W,S,1,1
VD-N3-S-276-R-WS-1-Loop,NFB-SR,0,1,5,2,120.54015,23.60985,000030,國道3號,0,276K+900,古坑服務區,梅山交流道,0000301086000P,SW,S,1,1
VD-N3-S-276.905-M-Loop,NFB-SR,0,1,5,1,120.540504,23.609746,000030,國道3號,0,276K+905,古坑服務區,梅山交流道,0000300027700P,W,S,3,3
VD-N3-S-277.355-M-Loop,NFB-SR,0,1,5,1,120.536111,23.608611,000030,國道3號,0,277K+355,古坑服務區,梅山交流道,0000300027730P,W,S,3,3
VD-N3-S-279-I-WS-1-Loop,NFB-SR,0,1,5,2,120.520867,23.592693,000030,國道3號,0,279K+400,梅山交流道,竹崎交流道,0000301053050Q,SW,S,1,1
VD-N3-S-279-I-WS-2-Loop,NFB-SR,0,1,5,2,120.522056,23.595639,000030,國道3號,0,279K+400,梅山交流道,竹崎交流道,0000301053030Q,S,S,1,1
VD-N3-S-279-O-NW-1-Loop,NFB-SR,0,1,5,2,120.523964,23.598261,000030,國道3號,0,279K+400,梅山交流道,竹崎交流道,0000301053000Q,SW,S,1,1
VD-N3-S-279-O-NW-2-Loop,NFB-SR,0,1,5,2,120.522868,23.596115,000030,國道3號,0,279K+400,梅山交流道,竹崎交流道,0000300027910Q,SW,S,1,1
VD-N3-S-279.424-N-Loop,NFB-SR,0,1,5,1,120.523735,23.59714,000030,國道3號,0,279K+424,梅山交流道,竹崎交流道,0000300027910Q,SW,S,3,3
VD-N3-S-282.095-M-Loop,NFB-SR,0,1,5,1,120.506944,23.575555,000030,國道3號,0,282K+095,梅山交流道,竹崎交流道,0000300028200Q,SW,S,3,3
VD-N3-S-284.475-M-Loop,NFB-SR,0,1,5,1,120.504722,23.554444,000030,國道3號,0,284K+475,梅山交流道,竹崎交流道,0000300028480Q,S,S,3,3
VD-N3-S-286.535-M-Loop,NFB-SR,0,1,5,1,120.495555,23.538888,000030,國道3號,0,286K+535,梅山交流道,竹崎交流道,0000300028600Q,SW,S,3,3
VD-N3-S-288.231-M-Loop,NFB-SR,0,1,5,1,120.485833,23.526944,000030,國道3號,0,288K+231,梅山交流道,竹崎交流道,0000300028800Q,SW,S,3,3
VD-N3-S-289.995-N-Loop,NFB-SR,0,1,5,1,120.486304,23.511459,000030,國道3號,0,289K+995,梅山交流道,竹崎交流道,0000300029000Q,SE,S,3,3
VD-N3-S-290-I-WS-1-Loop,NFB-SR,0,1,5,2,120.493165,23.498313,000030,國道3號,0,290K+100,竹崎交流道,中埔交流道,0000301054010Q,S,S,1,1
VD-N3-S-290-O-NW-1-Loop,NFB-SR,0,1,5,2,120.484639,23.522583,000030,國道3號,0,290K+100,竹崎交流道,中埔交流道,0000301054000Q,S,S,1,1
VD-N3-S-291.240-N-Loop,NFB-SR,0,1,5,1,120.490776,23.50382,000030,國道3號,0,291K+240,竹崎交流道,中埔交流道,0000300029100Q,SE,S,3,3
VD-N3-S-292.665-M-Loop,NFB-SR,0,1,5,1,120.495277,23.488888,000030,國道3號,0,292K+665,竹崎交流道,中埔交流道,0000300029290I,S,S,3,3
VD-N3-S-293.397-M-Loop,NFB-SR,0,1,5,1,120.4975,23.484722,000030,國道3號,0,293K+397,竹崎交流道,中埔交流道,0000300029320I,SE,S,3,3
VD-N3-S-294.265-M-Loop,NFB-SR,0,1,5,1,120.500277,23.475277,000030,國道3號,0,294K+265,竹崎交流道,中埔交流道,0000300029450I,S,S,3,3
VD-N3-S-295.895-M-Loop,NFB-SR,0,1,5,1,120.494722,23.461666,000030,國道3號,0,295K+895,竹崎交流道,中埔交流道,0000300029600I,SW,S,3,3
VD-N3-S-297.369-N-Loop,NFB-SR,0,1,5,1,120.48715,23.454338,000030,國道3號,0,297K+369,竹崎交流道,中埔交流道,0000300029700I,SW,S,3,3
VD-N3-S-297-I-WS-1-Loop,NFB-SR,0,1,5,2,120.48329,23.448036,000030,國道3號,0,297K+500,中埔交流道,水上系統交流道,0000301055050Q,S,S,2,2
VD-N3-S-297-I-WS-2-Loop,NFB-SR,0,1,5,2,120.483944,23.450528,000030,國道3號,0,297K+500,中埔交流道,水上系統交流道,0000301055030Q,S,S,1,1
VD-N3-S-297-O-NW-1-Loop,NFB-SR,0,1,5,2,120.485944,23.453083,000030,國道3號,0,297K+500,中埔交流道,水上系統交流道,0000301055000Q,SW,S,1,1
VD-N3-S-297-O-NW-2-Loop,NFB-SR,0,1,5,2,120.4845,23.451194,000030,國道3號,0,297K+500,中埔交流道,水上系統交流道,0000301055010Q,SW,S,1,1
VD-N3-S-299.215-M-Loop,NFB-SR,0,1,5,1,120.477222,23.436944,000030,國道3號,0,299K+215,中埔交流道,水上系統交流道,0000300029920Q,SW,S,3,3
VD-N3-S-300-O-NW-1-LOOP,NFB-SR,0,1,5,2,120.468911,23.429956,000030,國道3號,0,300K+400,中埔交流道,水上系統交流道,0000301056000Q,W,S,1,1
VD-N3-S-300-I-WS-1-Loop,NFB-SR,0,1,5,2,120.466776,23.427603,000030,國道3號,0,300K+500,水上系統交流道,白河交流道,0000301056010Q,S,S,1,1
VD-N3-S-300.600-N-Loop,NFB-SR,0,1,5,1,120.47439,23.434044,000030,國道3號,0,300K+600,水上系統交流道,白河交流道,0000300030060Q,SW,S,3,3
VD-N3-S-301.189-M-Loop,NFB-SR,0,1,5,1,120.464444,23.423611,000030,國道3號,0,301K+189,水上系統交流道,白河交流道,0000300030120Q,SW,S,3,3
VD-N3-S-302.615-M-Loop,NFB-SR,0,1,5,1,120.456388,23.413888,000030,國道3號,0,302K+615,水上系統交流道,白河交流道,0000300030200Q,SW,S,3,3
VD-N3-S-304.904-M-Loop,NFB-SR,0,1,5,1,120.435833,23.406111,000030,國道3號,0,304K+904,水上系統交流道,白河交流道,0000300030500D,SW,S,3,3
VD-N3-S-307.024-M-Loop,NFB-SR,0,1,5,1,120.429444,23.388055,000030,國道3號,0,307K+024,水上系統交流道,白河交流道,0000300030700D,S,S,3,3
VD-N3-S-309.414-M-Loop,NFB-SR,0,1,5,1,120.434444,23.367222,000030,國道3號,0,309K+414,水上系統交流道,白河交流道,0000300030900D,S,S,3,3
VD-N3-S-311.567-N-Loop,NFB-SR,0,1,5,1,120.439064,23.351368,000030,國道3號,0,311K+567,水上系統交流道,白河交流道,0000301057000D,S,S,3,3
VD-N3-S-311-I-WS-1-Loop,NFB-SR,0,1,5,2,120.438974,23.345529,000030,國道3號,0,311K+700,白河交流道,東山服務區,0000301057050D,S,S,2,2
VD-N3-S-311-I-WS-2-Loop,NFB-SR,0,1,5,2,120.438778,23.346944,000030,國道3號,0,311K+700,白河交流道,東山服務區,0000301057030D,SE,S,1,1
VD-N3-S-311-O-NE-22-Loop,NFB-SR,0,1,5,2,120.438889,23.347861,000030,國道3號,0,311K+700,白河交流道,東山服務區,0000301057010D,SW,S,1,1
VD-N3-S-311-O-NW-1-Loop,NFB-SR,0,1,5,2,120.434082,23.334805,000030,國道3號,0,311K+700,白河交流道,東山服務區,0000300031300D,SW,S,1,1
VD-N3-S-312.634-M-Loop,NFB-SR,0,1,5,1,120.436666,23.339166,000030,國道3號,0,312K+634,白河交流道,東山服務區,0000300031260D,SW,S,3,3
VD-N3-S-314.485-M-Loop,NFB-SR,0,1,5,1,120.43,23.323611,000030,國道3號,0,314K+485,白河交流道,東山服務區,0000300031400D,S,S,3,3
VD-N3-S-316.784-M-Loop,NFB-SR,0,1,5,1,120.420833,23.305555,000030,國道3號,0,316K+784,白河交流道,東山服務區,0000300031700D,SW,S,3,3
VD-N3-S-318.085-M-Loop,NFB-SR,0,1,5,1,120.409166,23.3,000030,國道3號,0,318K+085,白河交流道,東山服務區,0000300031800D,SW,S,3,3
VD-N3-S-319.214-M-Loop,NFB-SR,0,1,5,1,120.400833,23.293611,000030,國道3號,0,319K+214,白河交流道,東山服務區,0000300031900D,SW,S,3,3
VD-N3-S-319-R-NW-1-Loop,NFB-SR,0,1,5,2,120.396472,23.287722,000030,國道3號,0,319K+900,東山服務區,柳營交流道,0000301087000D,E,S,1,1
VD-N3-S-319-R-ES-1-Loop,NFB-SR,0,1,5,2,120.39587,23.28626,000030,國道3號,0,319K+900,東山服務區,柳營交流道,0000301087010D,SW,S,1,1
VD-N3-S-320.194-M-Loop,NFB-SR,0,1,5,1,120.395967,23.286138,000030,國道3號,0,320K+194,東山服務區,柳營交流道,0000300032030D,SW,S,3,3
VD-N3-S-320.834-M-Loop,NFB-SR,0,1,5,1,120.392222,23.281388,000030,國道3號,0,320K+834,東山服務區,柳營交流道,0000300032120D,SW,S,3,3
VD-N3-S-321.654-M-Loop,NFB-SR,0,1,5,1,120.386111,23.276666,000030,國道3號,0,321K+654,東山服務區,柳營交流道,0000300032200D,SW,S,3,3
VD-N3-S-323-I-WS-1-Loop,NFB-SR,0,1,5,2,120.37809,23.27132,000030,國道3號,0,322K+500,柳營交流道,烏山頭交流道,0000301058050D,S,S,1,1
VD-N3-S-323-O-NE-21-Loop,NFB-SR,0,1,5,2,120.37851,23.27164,000030,國道3號,0,322K+500,柳營交流道,烏山頭交流道,0000301058010D,W,S,2,2
VD-N3-S-323-O-NW-22-Loop,NFB-SR,0,1,5,2,120.37846,23.27172,000030,國道3號,0,322K+500,柳營交流道,烏山頭交流道,0000301058010D,W,S,1,1
VD-N3-S-323-I-WS-21-Loop,NFB-SR,0,1,5,2,120.37821,23.27116,000030,國道3號,0,322K+500,柳營交流道,烏山頭交流道,0000301058040D,SW,S,1,1
VD-N3-S-323.336-M-Loop,NFB-SR,0,1,5,1,120.37613,23.26519,000030,國道3號,0,323K+336,柳營交流道,烏山頭交流道,0000300032300D,S,S,3,3
VD-N3-S-324.194-M-Loop,NFB-SR,0,1,5,1,120.375991,23.25748,000030,國道3號,0,324K+194,柳營交流道,烏山頭交流道,0000300032430D,S,S,3,3
VD-N3-S-325.459-M-Loop,NFB-SR,0,1,5,1,120.370555,23.247777,000030,國道3號,0,325K+459,柳營交流道,烏山頭交流道,0000300032500D,SW,S,3,3
VD-N3-S-326.694-M-Loop,NFB-SR,0,1,5,1,120.363333,23.238888,000030,國道3號,0,326K+694,柳營交流道,烏山頭交流道,0000300032700D,S,S,3,3
VD-N3-S-329-I-WS-1-Loop,NFB-SR,0,1,5,2,120.355432,23.210219,000030,國道3號,0,329K+700,烏山頭交流道,官田系統交流道,0000301059050D,S,S,1,1
VD-N3-S-329-I-WS-2-Loop,NFB-SR,0,1,5,2,120.3555,23.212667,000030,國道3號,0,329K+700,烏山頭交流道,官田系統交流道,0000301059010D,SW,S,1,1
VD-N3-S-329-O-NW-1-Loop,NFB-SR,0,1,5,2,120.356222,23.214778,000030,國道3號,0,329K+700,烏山頭交流道,官田系統交流道,0000301059000D,S,S,1,1
VD-N3-S-329-O-NW-2-Loop,NFB-SR,0,1,5,2,120.355806,23.213,000030,國道3號,0,329K+700,烏山頭交流道,官田系統交流道,0000301059020D,S,S,1,1
VD-N3-S-329.828-N-Loop,NFB-SR,0,1,5,1,120.35646,23.214998,000030,國道3號,0,329K+828,烏山頭交流道,官田系統交流道,0000300032960D,S,S,3,3
VD-N3-S-331.354-M-Loop,NFB-SR,0,1,5,1,120.355277,23.197777,000030,國道3號,0,331K+354,烏山頭交流道,官田系統交流道,0000300033100D,S,S,3,3
VD-N3-S-332.074-M-Loop,NFB-SR,0,1,5,1,120.355,23.191389,000030,國道3號,0,332K+074,烏山頭交流道,官田系統交流道,0000300033200D,S,S,3,3
VD-N3-S-333.049-M-Loop,NFB-SR,0,1,5,1,120.354722,23.1825,000030,國道3號,0,333K+049,烏山頭交流道,官田系統交流道,0000300033300D,S,S,3,3
VD-N3-S-333.799-M-Loop,NFB-SR,0,1,5,1,120.354444,23.175833,000030,國道3號,0,333K+799,烏山頭交流道,官田系統交流道,0000300033400D,S,S,3,3
VD-N3-S-334.549-N-Loop,NFB-SR,0,1,5,1,120.352777,23.169166,000030,國道3號,0,334K+549,烏山頭交流道,官田系統交流道,0000300033460D,S,S,3,3
VD-N3-S-334-O-NW-22-LOOP,NFB-SR,0,1,5,2,120.349974,23.1663,100840,國道3號,0,334K+800,烏山頭交流道,官田系統交流道,1008401107090D,W,S,1,1
VD-N3-S-334-I-ES-22-Loop,NFB-SR,0,1,5,2,120.350037,23.163976,000030,國道3號,0,334K+900,官田系統交流道,善化交流道,0000301060100D,SE,S,1,1
VD-N3-S-334-I-WS-21-Loop,NFB-SR,0,1,5,2,120.350482,23.163848,000030,國道3號,0,334K+900,官田系統交流道,善化交流道,0000301060080D,SW,S,1,1
VD-N3-S-334-O-NE-21-LOOP,NFB-SR,0,1,5,2,120.354273,23.16623,000030,國道3號,0,334K+900,官田系統交流道,善化交流道,0000301160010D,NE,S,1,1
VD-N3-S-335.284-M-Loop,NFB-SR,0,1,5,1,120.35196,23.166319,000030,國道3號,0,335K+284,官田系統交流道,善化交流道,0000300033500D,SW,S,3,3
VD-N3-S-336.054-M-Loop,NFB-SR,0,1,5,1,120.346666,23.156944,000030,國道3號,0,336K+054,官田系統交流道,善化交流道,0000300033600D,SW,S,3,3
VD-N3-S-337.584-M-Loop,NFB-SR,0,1,5,1,120.3375,23.146111,000030,國道3號,0,337K+584,官田系統交流道,善化交流道,0000300033760D,SW,S,3,3
VD-N3-S-339.144-M-Loop,NFB-SR,0,1,5,1,120.333611,23.1325,000030,國道3號,0,339K+144,官田系統交流道,善化交流道,0000300033900D,S,S,3,3
VD-N3-S-339.984-N-Loop,NFB-SR,0,1,5,1,120.33304,23.128784,000030,國道3號,0,339K+984,官田系統交流道,善化交流道,0000300033900D,S,S,3,3
VD-N3-S-340-I-WS-1-Loop,NFB-SR,0,1,5,2,120.330371,23.121764,000030,國道3號,0,340K+200,善化交流道,新化系統交流道,0000301061050D,S,S,2,2
VD-N3-S-340-I-WS-2-Loop,NFB-SR,0,1,5,2,120.330882,23.123639,000030,國道3號,0,340K+200,善化交流道,新化系統交流道,0000301061030D,SE,S,1,1
VD-N3-S-340-O-NW-1-Loop,NFB-SR,0,1,5,2,120.33194,23.125799,000030,國道3號,0,340K+200,善化交流道,新化系統交流道,0000301061000D,SW,S,1,1
VD-N3-S-340-O-NW-2-Loop,NFB-SR,0,1,5,2,120.331111,23.124139,000030,國道3號,0,340K+200,善化交流道,新化系統交流道,0000301061010D,W,S,1,1
VD-N3-S-341.214-M-Loop,NFB-SR,0,1,5,1,120.327777,23.114444,000030,國道3號,0,341K+214,善化交流道,新化系統交流道,0000300034110D,S,S,3,3
VD-N3-S-343.238-M-Loop,NFB-SR,0,1,5,1,120.32819,23.096388,000030,國道3號,0,343K+238,善化交流道,新化系統交流道,0000300034300D,S,S,3,3
VD-N3-S-344.610-M-Loop,NFB-SR,0,1,5,1,120.329001,23.084166,000030,國道3號,0,344K+610,善化交流道,新化系統交流道,0000300034500D,S,S,3,3
VD-N3-S-346-I-ES-22-Loop,NFB-SR,0,1,5,2,120.322066,23.063213,000030,國道3號,0,346K+900,新化系統交流道,新化休息站,0000301062090D,SE,S,1,1
VD-N3-S-346-I-WS-21-Loop,NFB-SR,0,1,5,2,120.323709,23.065228,000030,國道3號,0,346K+900,新化系統交流道,新化休息站,0000301062040D,W,S,1,1
VD-N3-S-347.313-N-Loop,NFB-SR,0,1,5,1,120.323877,23.064604,000030,國道3號,0,347K+313,新化系統交流道,新化休息站,0000300034700D,S,S,3,3
VD-N3-S-348.347-M-Loop,NFB-SR,0,1,5,1,120.321111,23.051666,000030,國道3號,0,348K+347,新化系統交流道,新化休息站,0000300034810D,S,S,3,3
VD-N3-S-349.715-M-Loop,NFB-SR,0,1,5,1,120.325166,23.040025,000030,國道3號,0,349K+715,新化系統交流道,新化休息站,0000300035000D,S,S,3,3
VD-N3-S-350-O-1-RS,NFB-SR,0,2,1,2,120.3271267,23.0328557,000030,國道3號,0,350K+650,新化休息站,關廟交流道,0000301088000D,S,S,1,1
VD-N3-S-350-I-1-RS,NFB-SR,0,2,1,2,120.3272932,23.0288462,000030,國道3號,0,351K+000,新化休息站,關廟交流道,0000301088000D,S,S,1,1
VD-N3-S-352.215-M-Loop,NFB-SR,0,1,5,1,120.323611,23.018055,000030,國道3號,0,352K+215,新化休息站,關廟交流道,0000300035200D,SW,S,3,3
VD-N3-S-354.715-M-Loop,NFB-SR,0,1,5,1,120.32,22.996388,000030,國道3號,0,354K+715,新化休息站,關廟交流道,0000300035500D,S,S,3,3
VD-N3-S-357-I-WS-1-Loop,NFB-SR,0,1,5,2,120.326775,22.974655,000030,國道3號,0,357K+000,關廟交流道,關廟服務區,0000301063040D,SE,S,1,1
VD-N3-S-357-O-NW-1-Loop,NFB-SR,0,1,5,2,120.323278,22.977944,000030,國道3號,0,357K+000,關廟交流道,關廟服務區,0000301063000D,S,S,1,1
VD-N3-S-357.055-N-Loop,NFB-SR,0,1,5,1,120.32217,22.980034,000030,國道3號,0,357K+055,關廟交流道,關廟服務區,0000301063000D,S,S,3,3
VD-N3-S-358.935-M-Loop,NFB-SR,0,1,5,1,120.341111,22.968888,000030,國道3號,0,358K+935,關廟交流道,關廟服務區,0000300035900D,SE,S,3,3
VD-N3-S-361.415-M-Loop,NFB-SR,0,1,5,1,120.354166,22.950555,000030,國道3號,0,361K+415,關廟交流道,關廟服務區,0000300036100D,SE,S,3,3
VD-N3-S-363-R-NW-1-Loop,NFB-SR,0,1,5,2,120.35161,22.934004,000030,國道3號,0,363K+800,關廟服務區,田寮交流道,0000300036300D,S,S,1,1
VD-N3-S-363-R-WS-1-Loop,NFB-SR,0,1,5,2,120.35094,22.92656,000030,國道3號,0,363K+800,關廟服務區,田寮交流道,0000301089010D,S,S,1,1
VD-N3-S-363.915-M-Loop,NFB-SR,0,1,5,1,120.351388,22.928611,000030,國道3號,0,363K+915,關廟服務區,田寮交流道,0000300036400D,S,S,3,3
VD-N3-S-366.505-M-Loop,NFB-SR,0,1,5,1,120.352222,22.905555,000030,國道3號,0,366K+505,關廟服務區,田寮交流道,0000300036700D,SE,S,3,3
VD-N3-S-369-I-WS-1-Loop,NFB-SR,0,1,5,2,120.360256,22.878906,000030,國道3號,0,369K+500,田寮交流道,燕巢系統交流道,0000301064050E,S,S,2,2
VD-N3-S-369-I-WS-2-Loop,NFB-SR,0,1,5,2,120.359778,22.880444,000030,國道3號,0,369K+500,田寮交流道,燕巢系統交流道,0000301064030E,SE,S,1,1
VD-N3-S-369-O-NW-1-Loop,NFB-SR,0,1,5,2,120.360556,22.881833,000030,國道3號,0,369K+500,田寮交流道,燕巢系統交流道,0000300036980E,S,S,1,1
VD-N3-S-369-O-NW-2-Loop,NFB-SR,0,1,5,2,120.360556,22.881833,000030,國道3號,0,369K+500,田寮交流道,燕巢系統交流道,0000300036980E,S,S,1,1
VD-N3-S-369.610-N-Loop,NFB-SR,0,1,5,1,120.36061,22.884245,000030,國道3號,0,369K+610,田寮交流道,燕巢系統交流道,0000300036900E,S,S,3,3
VD-N3-S-371.495-M-Loop,NFB-SR,0,1,5,1,120.367222,22.864166,000030,國道3號,0,371K+495,田寮交流道,燕巢系統交流道,0000300037200E,SE,S,3,3
VD-N3-S-371.865-M-LOOP,NFB-SR,0,1,5,1,120.3699333,22.8618262,000030,國道3號,0,371K+865,田寮交流道,燕巢系統交流道,0000300037200E,SE,S,1,1
VD-N3-S-374.415-M-Loop,NFB-SR,0,1,5,1,120.385833,22.844444,000030,國道3號,0,374K+415,田寮交流道,燕巢系統交流道,0000300037400E,SE,S,3,3
VD-N3-S-377.105-M-Loop,NFB-SR,0,1,5,1,120.408055,22.831944,000030,國道3號,0,377K+105,田寮交流道,燕巢系統交流道,0000300037700E,SE,S,3,3
VD-N3-S-378.195-M-LOOP,NFB-SR,0,1,5,1,120.412747,22.828358,000030,國道3號,0,378K+195,田寮交流道,燕巢系統交流道,0000300037800E,SE,S,3,3
VD-N3-S-379.690-M-Loop,NFB-SR,0,1,5,1,120.422747,22.814801,000030,國道3號,0,379K+690,田寮交流道,燕巢系統交流道,0000300038000E,S,S,3,3
VD-N3-S-380.735-M-Loop,NFB-SR,0,1,5,1,120.425833,22.805,000030,國道3號,0,380K+735,田寮交流道,燕巢系統交流道,0000300038120E,S,S,3,3
VD-N3-S-382.325-M-LOOP,NFB-SR,0,1,5,1,120.4257,22.7908,000030,國道3號,0,382K+325,田寮交流道,燕巢系統交流道,0000300038200E,S,S,1,1
VD-N3-S-382.825-N-Loop,NFB-SR,0,1,5,1,120.42569,22.790953,000030,國道3號,0,382K+825,田寮交流道,燕巢系統交流道,0000300038200E,S,S,3,3
VD-N3-S-383-I-ES-1A-Loop,NFB-SR,0,1,5,2,120.427198,22.788211,000030,國道3號,0,383K+000,燕巢系統交流道,九如交流道,0000301065030E,S,S,1,1
VD-N3-S-383-I-WS-1B-Loop,NFB-SR,0,1,5,2,120.426028,22.781493,000030,國道3號,0,383K+000,燕巢系統交流道,九如交流道,0000301065050E,SE,S,1,1
VD-N3-S-385.515-M-Loop,NFB-SR,0,1,5,1,120.441666,22.768888,000030,國道3號,0,385K+515,燕巢系統交流道,九如交流道,0000300038600E,SE,S,3,3
VD-N3-S-388.695-M-Loop,NFB-SR,0,1,5,1,120.470555,22.758014,000030,國道3號,0,388K+695,燕巢系統交流道,九如交流道,0000300038900T,E,S,3,3
VD-N3-S-390.700-N-Loop,NFB-SR,0,1,5,1,120.484566,22.755854,000030,國道3號,0,390K+700,燕巢系統交流道,九如交流道,0000300039000T,E,S,3,3
VD-N3-S-391-I-ES-2-Loop,NFB-SR,0,1,5,2,120.491083,22.751444,000030,國道3號,0,391K+600,九如交流道,屏東交流道,0000301066030T,SW,S,1,1
VD-N3-S-391-I-WS-1-Loop,NFB-SR,0,1,5,2,120.490174,22.75392,000030,國道3號,0,391K+600,九如交流道,屏東交流道,0000301066050T,N,S,1,1
VD-N3-S-391-O-NW-1-Loop,NFB-SR,0,1,5,2,120.48925,22.753722,000030,國道3號,0,391K+600,九如交流道,屏東交流道,0000301066000T,SE,S,1,1
VD-N3-S-391-O-NW-2-Loop,NFB-SR,0,1,5,2,120.491056,22.751333,000030,國道3號,0,391K+600,九如交流道,屏東交流道,0000301066020T,E,S,1,1
VD-N3-S-393.189-M-Loop,NFB-SR,0,1,5,1,120.505933,22.738055,000030,國道3號,0,393K+189,九如交流道,屏東交流道,0000300039300T,SE,S,2,2
VD-N3-S-395.374-M-Loop,NFB-SR,0,1,5,1,120.521388,22.725,000030,國道3號,0,395K+374,九如交流道,屏東交流道,0000300039500T,SE,S,2,2
VD-N3-S-396-O-S-1-Loop,NFB-SR,0,1,5,2,120.5258,22.719,401873,國道3號,0,396K+310,屏東交流道,長治交流道,4018730000324T,SE,S,1,1
VD-N3-S-397.563-M-Loop,NFB-SR,0,1,5,1,120.534525,22.709513,000030,國道3號,0,397K+563,屏東交流道,長治交流道,0000300039800T,SE,S,2,2
VD-N3-S-400.170-N-Loop,NFB-SR,0,1,5,1,120.55096,22.698858,000030,國道3號,0,400K+170,屏東交流道,長治交流道,0000300040000T,SE,S,2,2
VD-N3-S-400-I-WS-1-Loop,NFB-SR,0,1,5,2,120.558913,22.692502,000030,國道3號,0,400K+200,長治交流道,麟洛交流道,0000301068010T,SE,S,1,1
VD-N3-S-400-O-NW-1-Loop,NFB-SR,0,1,5,2,120.551,22.698917,000030,國道3號,0,400K+200,長治交流道,麟洛交流道,0000301068000T,SE,S,1,1
VD-N3-S-402.503-M-Loop,NFB-SR,0,1,5,1,120.562777,22.677222,000030,國道3號,0,402K+503,長治交流道,麟洛交流道,0000300040300T,S,S,2,2
VD-N3-S-404.501-M-Loop,NFB-SR,0,1,5,1,120.554519,22.660774,000030,國道3號,0,404K+501,長治交流道,麟洛交流道,0000300040500T,SW,S,2,2
VD-N3-S-407-I-WS-1-Loop,NFB-SR,0,1,5,2,120.534945,22.632763,000030,國道3號,0,407K+300,麟洛交流道,竹田系統交流道,0000301069040T,S,S,1,1
VD-N3-S-407-I-WS-2-Loop,NFB-SR,0,1,5,2,120.535806,22.63525,000030,國道3號,0,407K+300,麟洛交流道,竹田系統交流道,0000301069020T,S,S,1,1
VD-N3-S-407-O-NW-1-Loop,NFB-SR,0,1,5,2,120.542917,22.647361,000030,國道3號,0,407K+300,麟洛交流道,竹田系統交流道,0000301069000T,SW,S,1,1
VD-N3-S-407.980-N-Loop,NFB-SR,0,1,5,1,120.5383,22.639713,000030,國道3號,0,407K+980,麟洛交流道,竹田系統交流道,0000300040700T,SW,S,2,2
VD-N3-S-409.592-M-Loop,NFB-SR,0,1,5,1,120.532404,22.621111,000030,國道3號,0,409K+592,麟洛交流道,竹田系統交流道,0000300041000T,S,S,2,2
VD-N3-S-413.090-M-Loop,NFB-SR,0,1,5,1,120.524444,22.59,000030,國道3號,0,413K+090,麟洛交流道,竹田系統交流道,0000300041300T,S,S,2,2
VD-N3-S-415-O-NE-21-LOOP,NFB-SR,0,1,5,2,120.527177,22.574556,100880,國道3號,0,414K+850,麟洛交流道,竹田系統交流道,1008801006060T,SE,S,1,1
VD-N3-S-415-O-NW-22-LOOP,NFB-SR,0,1,5,2,120.525409,22.571576,100880,國道3號,0,415K+170,麟洛交流道,竹田系統交流道,1008801106050T,SW,S,1,1
VD-N3-S-415-I-ES-22-Loop,NFB-SR,0,1,5,2,120.527241,22.570233,000030,國道3號,0,415K+200,竹田系統交流道,崁頂交流道,0000301070050T,SE,S,1,1
VD-N3-S-415-I-WS-21-Loop,NFB-SR,0,1,5,2,120.527811,22.570527,000030,國道3號,0,415K+200,竹田系統交流道,崁頂交流道,0000301070060T,SW,S,1,1
VD-N3-S-415.306-N-Loop,NFB-SR,0,1,5,1,120.52727,22.57597,000030,國道3號,0,415K+306,竹田系統交流道,崁頂交流道,0000300041510T,S,S,2,2
VD-N3-S-417.406-M-Loop,NFB-SR,0,1,5,1,120.521944,22.552222,000030,國道3號,0,417K+406,竹田系統交流道,崁頂交流道,0000300041800T,S,S,2,2
VD-N3-S-419.457-M-Loop,NFB-SR,0,1,5,1,120.518974,22.534454,000030,國道3號,0,419K+457,竹田系統交流道,崁頂交流道,0000300042000T,S,S,2,2
VD-N3-S-420.675-M-Loop,NFB-SR,0,1,5,1,120.52217,22.524148,000030,國道3號,0,420K+675,竹田系統交流道,崁頂交流道,0000300042000T,S,S,3,3
VD-N3-S-421-O-NW-1-Loop,NFB-SR,0,1,5,2,120.524333,22.517306,000030,國道3號,0,421K+200,崁頂交流道,南州交流道,0000300042200T,S,S,1,1
VD-N3-S-422.745-M-Loop,NFB-SR,0,1,5,1,120.524888,22.50556,000030,國道3號,0,422K+745,崁頂交流道,南州交流道,0000300042300T,S,S,3,3
VD-N3-S-424-I-WS-1-Loop,NFB-SR,0,1,5,2,120.530472,22.487944,000030,國道3號,0,424K+500,南州交流道,林邊交流道,0000301072050T,S,S,1,1
VD-N3-S-424-I-WS-2-Loop,NFB-SR,0,1,5,2,120.52975,22.489462,000030,國道3號,0,424K+500,南州交流道,林邊交流道,0000301072030T,SE,S,1,1
VD-N3-S-424-O-NW-1-Loop,NFB-SR,0,1,5,2,120.528581,22.493167,000030,國道3號,0,424K+500,南州交流道,林邊交流道,0000301072000T,S,S,2,2
VD-N3-S-424-O-NW-2-Loop,NFB-SR,0,1,5,2,120.528881,22.491967,000030,國道3號,0,424K+500,南州交流道,林邊交流道,0000301072010T,SW,S,1,1
VD-N3-S-424.764-N-Loop,NFB-SR,0,1,5,1,120.530516,22.488383,000030,國道3號,0,424K+764,南州交流道,林邊交流道,0000300042500T,S,S,2,2
VD-N3-S-426.636-M-Loop,NFB-SR,0,1,5,1,120.53,22.471666,000030,國道3號,0,426K+636,南州交流道,林邊交流道,0000300042700T,S,S,2,2
VD-N3-S-428.588-M-Loop,NFB-SR,0,1,5,1,120.519797,22.45688,000030,國道3號,0,428K+588,南州交流道,林邊交流道,0000300042900T,SW,S,2,2
VD-N3-S-429.444-M-Loop,NFB-SR,0,1,5,1,120.51373,22.451892,000030,國道3號,0,429K+444,南州交流道,林邊交流道,0000300042900T,SW,S,3,3
VD-N3-S-430-O-NW-1-Loop,NFB-SR,0,1,5,2,120.508333,22.447611,000030,國道3號,0,430K+500,林邊交流道,大鵬灣端,0000301073000T,SW,S,1,1
VD-N3-S-430-O-NW-2-Loop,NFB-SR,0,1,5,2,120.506083,22.445806,000030,國道3號,0,430K+500,林邊交流道,大鵬灣端,0000301073020T,SW,S,1,1
VD-N3-S-430.754-M-Loop,NFB-SR,0,1,5,1,120.50906,22.447973,000030,國道3號,0,430K+754,林邊交流道,大鵬灣端,0000300043080T,SW,S,2,2
VD-N3-N-269.164-N-Loop,NFB-SR,0,1,5,1,120.573888,23.664722,000030,國道3號,0,269K+164,古坑系統交流道,古坑(北)交流道,0000300126900P,NE,N,3,3
VD-N3-N-269-O-SW-1-LOOP,NFB-SR,0,1,5,2,120.573152,23.661879,000030,國道3號,0,269K+500,古坑(南)交流道,古坑系統交流道,0000301151000P,NW,N,1,1
VD-N3-N-271.165-M-Loop,NFB-SR,0,1,5,1,120.573055,23.646944,000030,國道3號,0,271K+165,古坑(南)交流道,古坑系統交流道,0000300127100P,N,N,3,3
VD-N3-N-271-O-SE-1-Loop,NFB-SR,0,1,5,2,120.573389,23.646078,000030,國道3號,0,271K+210,古坑服務區,古坑(南)交流道,0000301152050P,NE,N,1,1
VD-N3-N-271-O-SE-2-Loop,NFB-SR,0,1,5,2,120.573906,23.646429,000030,國道3號,0,271K+210,古坑服務區,古坑(南)交流道,0000301103010F,NE,N,1,1
VD-N3-N-272.796-M-Loop,NFB-SR,0,1,5,1,120.569722,23.632777,000030,國道3號,0,272K+796,古坑服務區,古坑(南)交流道,0000300127300P,NE,N,3,3
VD-N3-N-275.070-M-RS,NFB-SR,0,2,1,1,120.55851,23.61786,000030,國道3號,0,275K+070,古坑服務區,古坑(南)交流道,0000300127500P,NE,N,3,3
VD-N3-N-276.780-M-Loop,NFB-SR,0,1,5,1,120.54036,23.60953,000030,國道3號,0,276K+780,古坑服務區,古坑(南)交流道,0000300127700P,E,N,3,3
VD-N3-N-276-R-SE-1-Loop,NFB-SR,0,1,5,2,120.539,23.609,000030,國道3號,0,276K+900,梅山交流道,古坑服務區,0000301186000P,E,N,1,1
VD-N3-N-276-R-EN-1-Loop,NFB-SR,0,1,5,2,120.54296,23.61005,000030,國道3號,0,276K+900,梅山交流道,古坑服務區,0000301186010P,NE,N,1,1
VD-N3-N-277.435-M-Loop,NFB-SR,0,1,5,1,120.535,23.607777,000030,國道3號,0,277K+435,梅山交流道,古坑服務區,0000300127750P,NE,N,3,3
VD-N3-N-279-I-EN-1-Loop,NFB-SR,0,1,5,2,120.524231,23.59717,000030,國道3號,0,279K+400,竹崎交流道,梅山交流道,0000301153050Q,N,N,2,2
VD-N3-N-279-I-EN-2-Loop,NFB-SR,0,1,5,2,120.523806,23.595417,000030,國道3號,0,279K+400,竹崎交流道,梅山交流道,0000301153030Q,N,N,1,1
VD-N3-N-279-O-SE-1-Loop,NFB-SR,0,1,5,2,120.521278,23.592583,000030,國道3號,0,279K+400,竹崎交流道,梅山交流道,0000300127910Q,NE,N,1,1
VD-N3-N-279-O-SE-2-Loop,NFB-SR,0,1,5,2,120.523389,23.595056,000030,國道3號,0,279K+400,竹崎交流道,梅山交流道,0000301153020Q,N,N,1,1
VD-N3-N-279.432-N-Loop,NFB-SR,0,1,5,1,120.52384,23.597008,000030,國道3號,0,279K+432,竹崎交流道,梅山交流道,0000300127910Q,NE,N,3,3
VD-N3-N-282.095-M-Loop,NFB-SR,0,1,5,1,120.507222,23.575277,000030,國道3號,0,282K+095,竹崎交流道,梅山交流道,0000300128240Q,N,N,3,3
VD-N3-N-284.150-M-RS,NFB-SR,0,2,1,1,120.50506,23.559834,000030,國道3號,0,284K+150,竹崎交流道,梅山交流道,0000300128400Q,N,N,3,3
VD-N3-N-286.545-M-Loop,NFB-SR,0,1,5,1,120.495555,23.538888,000030,國道3號,0,286K+545,竹崎交流道,梅山交流道,0000300128600Q,NE,N,3,3
VD-N3-N-288.170-M-Loop,NFB-SR,0,1,5,1,120.486111,23.527222,000030,國道3號,0,288K+170,竹崎交流道,梅山交流道,0000300128850Q,N,N,3,3
VD-N3-N-289.995-N-Loop,NFB-SR,0,1,5,1,120.485596,23.513765,000030,國道3號,0,289K+995,竹崎交流道,梅山交流道,0000300128900Q,N,N,3,3
VD-N3-N-290-I-EN-1-Loop,NFB-SR,0,1,5,2,120.485301,23.522524,000030,國道3號,0,290K+100,中埔交流道,竹崎交流道,0000301154000Q,N,N,1,1
VD-N3-N-290-O-SE-1-Loop,NFB-SR,0,1,5,2,120.49375,23.498556,000030,國道3號,0,290K+100,中埔交流道,竹崎交流道,0000301154010Q,N,N,1,1
VD-N3-N-291.216-N-Loop,NFB-SR,0,1,5,1,120.493611,23.498333,000030,國道3號,0,291K+216,中埔交流道,竹崎交流道,0000300129100Q,NW,N,3,3
VD-N3-N-292.725-M-Loop,NFB-SR,0,1,5,1,120.495833,23.488611,000030,國道3號,0,292K+725,中埔交流道,竹崎交流道,0000300129300I,NW,N,3,3
VD-N3-N-293.593-M-Loop,NFB-SR,0,1,5,1,120.498611,23.483611,000030,國道3號,0,293K+593,中埔交流道,竹崎交流道,0000300129320I,NW,N,3,3
VD-N3-N-294.270-M-Loop,NFB-SR,0,1,5,1,120.500555,23.475277,000030,國道3號,0,294K+270,中埔交流道,竹崎交流道,0000300129450I,N,N,3,3
VD-N3-N-295.895-M-Loop,NFB-SR,0,1,5,1,120.495,23.461666,000030,國道3號,0,295K+895,中埔交流道,竹崎交流道,0000300129600I,NE,N,3,3
VD-N3-N-297-I-EN-1-Loop,NFB-SR,0,1,5,2,120.486751,23.453304,000030,國道3號,0,297K+500,水上系統交流道,中埔交流道,0000301155050Q,N,N,2,2
VD-N3-N-297-I-EN-2-Loop,NFB-SR,0,1,5,2,120.486972,23.450306,000030,國道3號,0,297K+500,水上系統交流道,中埔交流道,0000301155030Q,N,N,1,1
VD-N3-N-297-O-SE-21-Loop,NFB-SR,0,1,5,2,120.484861,23.449639,000030,國道3號,0,297K+500,水上系統交流道,中埔交流道,0000301155010Q,NE,N,1,1
VD-N3-N-297-O-SW-22-Loop,NFB-SR,0,1,5,2,120.484898,23.450359,000030,國道3號,0,297K+500,水上系統交流道,中埔交流道,0000301155020Q,NE,N,1,1
VD-N3-N-297.585-N-Loop,NFB-SR,0,1,5,1,120.486145,23.452717,000030,國道3號,0,297K+585,水上系統交流道,中埔交流道,0000300129750Q,NE,N,3,3
VD-N3-N-299.175-M-Loop,NFB-SR,0,1,5,1,120.477645,23.437138,000030,國道3號,0,299K+175,水上系統交流道,中埔交流道,0000300129920Q,NE,N,3,3
VD-N3-N-300.200-N-Loop,NFB-SR,0,1,5,1,120.473114,23.432814,000030,國道3號,0,300K+200,水上系統交流道,中埔交流道,0000300130000Q,NE,N,3,3
VD-N3-N-300-I-WN-1-Loop,NFB-SR,0,1,5,2,120.47089,23.431044,000030,國道3號,0,300K+500,白河交流道,水上系統交流道,0000300130030Q,NE,N,1,1
VD-N3-N-300-O-SW-1-LOOP,NFB-SR,0,1,5,2,120.467737,23.427559,000030,國道3號,0,300K+700,白河交流道,水上系統交流道,0000301156000Q,N,N,1,1
VD-N3-N-302.615-M-Loop,NFB-SR,0,1,5,1,120.456388,23.413717,000030,國道3號,0,302K+615,白河交流道,水上系統交流道,0000300130200Q,NE,N,3,3
VD-N3-N-304.954-M-Loop,NFB-SR,0,1,5,1,120.435833,23.405555,000030,國道3號,0,304K+954,白河交流道,水上系統交流道,0000300130500D,NE,N,3,3
VD-N3-N-307.024-M-Loop,NFB-SR,0,1,5,1,120.429722,23.388333,000030,國道3號,0,307K+024,白河交流道,水上系統交流道,0000300130700D,N,N,3,3
VD-N3-N-308.459-M-Loop,NFB-SR,0,1,5,1,120.431944,23.375833,000030,國道3號,0,308K+459,白河交流道,水上系統交流道,0000300130800D,N,N,3,3
VD-N3-N-309.479-M-Loop,NFB-SR,0,1,5,1,120.434722,23.366666,000030,國道3號,0,309K+479,白河交流道,水上系統交流道,0000300130900D,N,N,3,3
VD-N3-N-311.520-N-Loop,NFB-SR,0,1,5,1,120.43915,23.351833,000030,國道3號,0,311K+520,白河交流道,水上系統交流道,0000300131150D,N,N,3,3
VD-N3-N-311-I-EN-1-Loop,NFB-SR,0,1,5,2,120.43953,23.35024,000030,國道3號,0,311K+700,東山服務區,白河交流道,0000301157050D,N,N,2,2
VD-N3-N-311-I-EN-22-Loop,NFB-SR,0,1,5,2,120.440083,23.347861,000030,國道3號,0,311K+700,東山服務區,白河交流道,0000301157030D,NW,N,1,1
VD-N3-N-311-O-SE-1-Loop,NFB-SR,0,1,5,2,120.439389,23.3455,000030,國道3號,0,311K+700,東山服務區,白河交流道,0000300131200D,N,N,1,1
VD-N3-N-311-O-SE-2-Loop,NFB-SR,0,1,5,2,120.440222,23.346917,000030,國道3號,0,311K+700,東山服務區,白河交流道,0000301157010D,NE,N,1,1
VD-N3-N-312.634-M-Loop,NFB-SR,0,1,5,1,120.436944,23.338888,000030,國道3號,0,312K+634,東山服務區,白河交流道,0000300131300D,NE,N,3,3
VD-N3-N-314.436-M-Loop,NFB-SR,0,1,5,1,120.430277,23.323888,000030,國道3號,0,314K+436,東山服務區,白河交流道,0000300131400D,N,N,3,3
VD-N3-N-316.764-M-Loop,NFB-SR,0,1,5,1,120.420683,23.305346,000030,國道3號,0,316K+764,東山服務區,白河交流道,0000300131700D,NE,N,3,3
VD-N3-N-318.090-M-Loop,NFB-SR,0,1,5,1,120.408888,23.299722,000030,國道3號,0,318K+090,東山服務區,白河交流道,0000300131800D,NE,N,3,3
VD-N3-N-319.174-M-Loop,NFB-SR,0,1,5,1,120.401111,23.293611,000030,國道3號,0,319K+174,東山服務區,白河交流道,0000300131900D,NE,N,3,3
VD-N3-N-319.745-M-Loop,NFB-SR,0,1,5,1,120.398176,23.28942,000030,國道3號,0,319K+745,東山服務區,白河交流道,0000300132000D,NE,N,3,3
VD-N3-N-319-R-SE-1-Loop,NFB-SR,0,1,5,2,120.397556,23.288417,000030,國道3號,0,319K+900,柳營交流道,東山服務區,0000300132000D,NE,N,1,1
VD-N3-N-319-R-EN-1-Loop,NFB-SR,0,1,5,2,120.39868,23.28971,000030,國道3號,0,319K+900,柳營交流道,東山服務區,0000301187010D,N,N,1,1
VD-N3-N-320.340-M-Loop,NFB-SR,0,1,5,1,120.395277,23.284722,000030,國道3號,0,320K+340,柳營交流道,東山服務區,0000300132040D,NE,N,3,3
VD-N3-N-321.734-M-Loop,NFB-SR,0,1,5,1,120.385277,23.276111,000030,國道3號,0,321K+734,柳營交流道,東山服務區,0000300132200D,NE,N,3,3
VD-N3-N-322.270-M-Loop,NFB-SR,0,1,5,1,120.384254,23.27536,000030,國道3號,0,322K+270,柳營交流道,東山服務區,0000300132200D,NE,N,3,3
VD-N3-N-323-I-EN-21-Loop,NFB-SR,0,1,5,2,120.37926,23.27087,000030,國道3號,0,322K+500,烏山頭交流道,柳營交流道,0000301158040D,NE,N,1,1
VD-N3-N-323-I-WN-22-Loop,NFB-SR,0,1,5,2,120.37973,23.27095,000030,國道3號,0,322K+500,烏山頭交流道,柳營交流道,0000301158050D,N,N,1,1
VD-N3-N-323-O-SE-21-Loop,NFB-SR,0,1,5,2,120.37902,23.27032,000030,國道3號,0,322K+500,烏山頭交流道,柳營交流道,0000301158010D,SE,N,1,1
VD-N3-N-323-O-SW-22-Loop,NFB-SR,0,1,5,2,120.37898,23.27033,000030,國道3號,0,322K+500,烏山頭交流道,柳營交流道,0000301158020D,NE,N,2,2
VD-N3-N-324.174-M-Loop,NFB-SR,0,1,5,1,120.376111,23.257777,000030,國道3號,0,324K+174,烏山頭交流道,柳營交流道,0000300132430D,N,N,3,3
VD-N3-N-325.390-M-Loop,NFB-SR,0,1,5,1,120.370833,23.248055,000030,國道3號,0,325K+390,烏山頭交流道,柳營交流道,0000300132500D,NE,N,3,3
VD-N3-N-326.664-M-Loop,NFB-SR,0,1,5,1,120.363333,23.238888,000030,國道3號,0,326K+664,烏山頭交流道,柳營交流道,0000300132700D,N,N,3,3
VD-N3-N-329.572-N-Loop,NFB-SR,0,1,5,1,120.35732,23.217215,000030,國道3號,0,329K+572,烏山頭交流道,柳營交流道,0000301159050D,N,N,3,3
VD-N3-N-329-I-EN-1-Loop,NFB-SR,0,1,5,2,120.356973,23.2161,000030,國道3號,0,329K+700,官田系統交流道,烏山頭交流道,0000301159050D,N,N,1,1
VD-N3-N-329-I-EN-2-Loop,NFB-SR,0,1,5,2,120.356444,23.212667,000030,國道3號,0,329K+700,官田系統交流道,烏山頭交流道,0000301159030D,NW,N,1,1
VD-N3-N-329-O-SE-1-Loop,NFB-SR,0,1,5,2,120.355806,23.210222,000030,國道3號,0,329K+700,官田系統交流道,烏山頭交流道,0000300133000D,N,N,1,1
VD-N3-N-329-O-SE-2-Loop,NFB-SR,0,1,5,2,120.356028,23.212278,000030,國道3號,0,329K+700,官田系統交流道,烏山頭交流道,0000300133000D,N,N,1,1
VD-N3-N-331.354-M-Loop,NFB-SR,0,1,5,1,120.355277,23.197777,000030,國道3號,0,331K+354,官田系統交流道,烏山頭交流道,0000300133100D,N,N,3,3
VD-N3-N-332.069-M-Loop,NFB-SR,0,1,5,1,120.355277,23.191388,000030,國道3號,0,332K+069,官田系統交流道,烏山頭交流道,0000300133200D,N,N,3,3
VD-N3-N-333.059-M-Loop,NFB-SR,0,1,5,1,120.355,23.182222,000030,國道3號,0,333K+059,官田系統交流道,烏山頭交流道,0000300133300D,N,N,3,3
VD-N3-N-334.549-N-Loop,NFB-SR,0,1,5,1,120.35406,23.172682,000030,國道3號,0,334K+549,官田系統交流道,烏山頭交流道,0000300133400D,N,N,3,3
VD-N3-N-334-O-SW-21-LOOP,NFB-SR,0,1,5,2,120.354038,23.168199,100840,國道3號,0,334K+600,官田系統交流道,烏山頭交流道,1008401107050D,SE,N,1,1
VD-N3-N-334-O-SE-22-LOOP,NFB-SR,0,1,5,2,120.377799,23.139022,100840,國道3號,0,334K+850,官田系統交流道,烏山頭交流道,1008401008030D,NE,N,1,1
VD-N3-N-334-I-EN-21-Loop,NFB-SR,0,1,5,2,120.353638,23.16908,000030,國道3號,0,334K+900,善化交流道,官田系統交流道,0000301160080D,N,N,1,1
VD-N3-N-334-I-WN-22-Loop,NFB-SR,0,1,5,2,120.35389,23.169095,000030,國道3號,0,334K+900,善化交流道,官田系統交流道,0000301160110D,NW,N,1,1
VD-N3-N-335.264-N-Loop,NFB-SR,0,1,5,1,120.350555,23.163055,000030,國道3號,0,335K+264,善化交流道,官田系統交流道,0000300133500D,NE,N,3,3
VD-N3-N-336.024-M-Loop,NFB-SR,0,1,5,1,120.346944,23.156944,000030,國道3號,0,336K+024,善化交流道,官田系統交流道,0000300133600D,NE,N,3,3
VD-N3-N-337.554-M-Loop,NFB-SR,0,1,5,1,120.337777,23.146111,000030,國道3號,0,337K+554,善化交流道,官田系統交流道,0000300133760D,NE,N,3,3
VD-N3-N-339.134-M-Loop,NFB-SR,0,1,5,1,120.333911,23.13247,000030,國道3號,0,339K+134,善化交流道,官田系統交流道,0000300133900D,N,N,3,3
VD-N3-N-339.974-N-Loop,NFB-SR,0,1,5,1,120.333206,23.128872,000030,國道3號,0,339K+974,善化交流道,官田系統交流道,0000300134000D,N,N,3,3
VD-N3-N-340-I-EN-1-Loop,NFB-SR,0,1,5,2,120.33292,23.126843,000030,國道3號,0,340K+200,新化系統交流道,善化交流道,0000301161050D,N,N,2,2
VD-N3-N-340-I-EN-2-Loop,NFB-SR,0,1,5,2,120.332469,23.123711,000030,國道3號,0,340K+200,新化系統交流道,善化交流道,0000301161030D,NW,N,1,1
VD-N3-N-340-O-SE-2-Loop,NFB-SR,0,1,5,2,120.33237,23.123337,000030,國道3號,0,340K+200,新化系統交流道,善化交流道,0000301161010D,NE,N,1,1
VD-N3-N-340-O-SE-1-Loop,NFB-SR,0,1,5,2,120.331124,23.121683,000030,國道3號,0,340K+200,新化系統交流道,善化交流道,0000301161000D,NE,N,1,1
VD-N3-N-341.229-M-Loop,NFB-SR,0,1,5,1,120.328055,23.114444,000030,國道3號,0,341K+229,新化系統交流道,善化交流道,0000300134110D,N,N,3,3
VD-N3-N-343.179-M-Loop,NFB-SR,0,1,5,1,120.328333,23.096944,000030,國道3號,0,343K+179,新化系統交流道,善化交流道,0000300134300D,N,N,3,3
VD-N3-N-344.610-M-Loop,NFB-SR,0,1,5,1,120.329166,23.084166,000030,國道3號,0,344K+610,新化系統交流道,善化交流道,0000300134500D,N,N,3,3
VD-N3-N-346.558-N-Loop,NFB-SR,0,1,5,1,120.32711,23.070847,000030,國道3號,0,346K+558,新化系統交流道,善化交流道,0000300134630D,N,N,3,3
VD-N3-N-346-I-EN-21-Loop,NFB-SR,0,1,5,2,120.326025,23.064456,000030,國道3號,0,346K+900,新化休息站,新化系統交流道,0000301162060D,N,N,1,1
VD-N3-N-346-I-WN-22-Loop,NFB-SR,0,1,5,2,120.325258,23.06665,000030,國道3號,0,346K+900,新化休息站,新化系統交流道,0000301162080D,NE,N,1,1
VD-N3-N-348.330-M-Loop,NFB-SR,0,1,5,1,120.321234,23.051944,000030,國道3號,0,348K+330,新化休息站,新化系統交流道,0000300134830D,N,N,3,3
VD-N3-N-349.715-M-Loop,NFB-SR,0,1,5,1,120.325331,23.04004,000030,國道3號,0,349K+715,新化休息站,新化系統交流道,0000300135000D,N,N,3,3
VD-N3-N-350-I-1-RS,NFB-SR,0,2,1,2,120.3275267,23.0328417,000030,國道3號,0,350K+470,新化休息站,新化系統交流道,0000301188000D,N,N,1,1
VD-N3-N-350-O-1-RS,NFB-SR,0,2,1,2,120.3276235,23.0288049,000030,國道3號,0,350K+980,關廟交流道,新化休息站,0000301188000D,N,N,1,1
VD-N3-N-352.215-M-Loop,NFB-SR,0,1,5,1,120.323888,23.018055,000030,國道3號,0,352K+215,關廟交流道,新化休息站,0000300135200D,NE,N,3,3
VD-N3-N-354.715-M-Loop,NFB-SR,0,1,5,1,120.320268,22.996368,000030,國道3號,0,354K+715,關廟交流道,新化休息站,0000300135500D,N,N,3,3
VD-N3-N-357-I-WN-1-Loop,NFB-SR,0,1,5,2,120.3264,22.975731,000030,國道3號,0,357K+000,關廟服務區,關廟交流道,0000301163040D,E,N,1,1
VD-N3-N-357-O-SW-1-Loop,NFB-SR,0,1,5,2,120.327583,22.975028,000030,國道3號,0,357K+000,關廟服務區,關廟交流道,0000301163000D,NW,N,1,1
VD-N3-N-357.345-N-Loop,NFB-SR,0,1,5,1,120.323875,22.977829,000030,國道3號,0,357K+345,關廟服務區,關廟交流道,0000300135700D,NW,N,3,3
VD-N3-N-358.935-M-Loop,NFB-SR,0,1,5,1,120.341336,22.969086,000030,國道3號,0,358K+935,關廟服務區,關廟交流道,0000300135900D,NW,N,3,3
VD-N3-N-361.415-M-Loop,NFB-SR,0,1,5,1,120.354444,22.950555,000030,國道3號,0,361K+415,關廟服務區,關廟交流道,0000300136100D,NW,N,3,3
VD-N3-N-363-R-SE-1-Loop,NFB-SR,0,1,5,2,120.351715,22.933912,000030,國道3號,0,363K+800,田寮交流道,關廟服務區,0000300136300D,N,N,1,1
VD-N3-N-363-R-EN-1-Loop,NFB-SR,0,1,5,2,120.3519,22.93232,000030,國道3號,0,363K+800,田寮交流道,關廟服務區,0000301189000D,N,N,1,1
VD-N3-N-363.915-M-Loop,NFB-SR,0,1,5,1,120.351581,22.928591,000030,國道3號,0,363K+915,田寮交流道,關廟服務區,0000300136400D,N,N,3,3
VD-N3-N-366.505-M-Loop,NFB-SR,0,1,5,1,120.3525,22.905555,000030,國道3號,0,366K+505,田寮交流道,關廟服務區,0000300136700D,NW,N,3,3
VD-N3-N-369.443-N-Loop,NFB-SR,0,1,5,1,120.36084,22.885656,000030,國道3號,0,369K+443,田寮交流道,關廟服務區,0000300136900E,N,N,3,3
VD-N3-N-369-I-EN-1-Loop,NFB-SR,0,1,5,2,120.360922,22.882998,000030,國道3號,0,369K+500,燕巢系統交流道,田寮交流道,0000301164050E,N,N,2,2
VD-N3-N-369-I-EN-2-Loop,NFB-SR,0,1,5,2,120.361806,22.880417,000030,國道3號,0,369K+500,燕巢系統交流道,田寮交流道,0000301164030E,NW,N,1,1
VD-N3-N-369-O-SE-1-Loop,NFB-SR,0,1,5,2,120.361083,22.879028,000030,國道3號,0,369K+500,燕巢系統交流道,田寮交流道,0000301164000E,N,N,1,1
VD-N3-N-369-O-SE-2-Loop,NFB-SR,0,1,5,2,120.361722,22.880083,000030,國道3號,0,369K+500,燕巢系統交流道,田寮交流道,0000301164010E,E,N,1,1
VD-N3-N-371.395-M-Loop,NFB-SR,0,1,5,1,120.366666,22.864722,000030,國道3號,0,371K+395,燕巢系統交流道,田寮交流道,0000300137100E,NW,N,3,3
VD-N3-N-372.865-M-LOOP,NFB-SR,0,1,5,1,120.3770821,22.8558177,000030,國道3號,0,372K+860,燕巢系統交流道,田寮交流道,0000300137300E,NW,N,1,1
VD-N3-N-374.415-M-Loop,NFB-SR,0,1,5,1,120.385833,22.844144,000030,國道3號,0,374K+415,燕巢系統交流道,田寮交流道,0000300137400E,NW,N,3,3
VD-N3-N-377.105-M-Loop,NFB-SR,0,1,5,1,120.407777,22.831944,000030,國道3號,0,377K+105,燕巢系統交流道,田寮交流道,0000300137700E,NW,N,3,3
VD-N3-N-378.628-M-Loop,NFB-SR,0,1,5,1,120.4189,22.8226,000030,國道3號,0,378K+628,燕巢系統交流道,田寮交流道,0000300137800E,NW,N,3,3
VD-N3-N-379.790-M-Loop,NFB-SR,0,1,5,1,120.423761,22.813402,000030,國道3號,0,379K+790,燕巢系統交流道,田寮交流道,0000300138000E,N,N,3,3
VD-N3-N-380.820-M-Loop,NFB-SR,0,1,5,1,120.426315,22.804136,000030,國道3號,0,380K+820,燕巢系統交流道,田寮交流道,0000300138120E,N,N,3,3
VD-N3-N-383-I-EN-1B-Loop,NFB-SR,0,1,5,2,120.426187,22.790214,000030,國道3號,0,383K+000,九如交流道,燕巢系統交流道,0000301165050E,NW,N,1,1
VD-N3-N-383-I-WN-1A-Loop,NFB-SR,0,1,5,2,120.426219,22.785585,000030,國道3號,0,383K+000,九如交流道,燕巢系統交流道,0000301165030E,N,N,2,2
VD-N3-N-383.118-N-Loop,NFB-SR,0,1,5,1,120.4258,22.78832,000030,國道3號,0,383K+118,九如交流道,燕巢系統交流道,0000300138300E,N,N,3,3
VD-N3-N-385.815-M-Loop,NFB-SR,0,1,5,1,120.444722,22.768055,000030,國道3號,0,385K+815,九如交流道,燕巢系統交流道,0000300138600E,NW,N,3,3
VD-N3-N-388.695-M-Loop,NFB-SR,0,1,5,1,120.470855,22.758124,000030,國道3號,0,388K+695,九如交流道,燕巢系統交流道,0000300138900T,W,N,3,3
VD-N3-N-391.240-N-Loop,NFB-SR,0,1,5,1,120.48984,22.754333,000030,國道3號,0,391K+240,九如交流道,燕巢系統交流道,0000300139100T,NW,N,2,2
VD-N3-N-391-I-EN-1-Loop,NFB-SR,0,1,5,2,120.49311,22.752901,000030,國道3號,0,391K+600,屏東交流道,九如交流道,0000301166050T,S,N,1,1
VD-N3-N-391-I-WN-2-Loop,NFB-SR,0,1,5,2,120.491806,22.7555,000030,國道3號,0,391K+600,屏東交流道,九如交流道,0000301166010T,NW,N,1,1
VD-N3-N-391-O-SE-1-Loop,NFB-SR,0,1,5,2,120.494972,22.752278,000030,國道3號,0,391K+600,屏東交流道,九如交流道,0000301166000T,NW,N,1,1
VD-N3-N-391-O-SE-2-Loop,NFB-SR,0,1,5,2,120.492,22.75525,000030,國道3號,0,391K+600,屏東交流道,九如交流道,0000301166010T,NW,N,1,1
VD-N3-N-393.234-M-Loop,NFB-SR,0,1,5,1,120.506111,22.737777,000030,國道3號,0,393K+234,屏東交流道,九如交流道,0000300139300T,NW,N,2,2
VD-N3-N-395.423-M-Loop,NFB-SR,0,1,5,1,120.521666,22.724722,000030,國道3號,0,395K+423,屏東交流道,九如交流道,0000300139500T,NW,N,2,2
VD-N3-N-396-I-N-1-Loop,NFB-SR,0,1,5,2,120.527,22.7182,401873,國道3號,0,396K+310,長治交流道,屏東交流道,4018730000449T,SE,N,1,1
VD-N3-N-397.608-M-Loop,NFB-SR,0,1,5,1,120.534722,22.709617,000030,國道3號,0,397K+608,長治交流道,屏東交流道,0000300139800T,NW,N,2,2
VD-N3-N-399.998-N-Loop,NFB-SR,0,1,5,1,120.54975,22.699633,000030,國道3號,0,399K+998,長治交流道,屏東交流道,0000300139990T,NW,N,2,2
VD-N3-N-400-I-EN-1-Loop,NFB-SR,0,1,5,2,120.55147,22.698732,000030,國道3號,0,400K+200,麟洛交流道,長治交流道,0000300140000T,NW,N,1,1
VD-N3-N-400-O-SE-1-Loop,NFB-SR,0,1,5,2,120.55925,22.692722,000030,國道3號,0,400K+200,麟洛交流道,長治交流道,0000301168010T,NW,N,1,1
VD-N3-N-402.548-M-Loop,NFB-SR,0,1,5,1,120.562841,22.676636,000030,國道3號,0,402K+548,麟洛交流道,長治交流道,0000300140300T,N,N,2,2
VD-N3-N-404.546-M-Loop,NFB-SR,0,1,5,1,120.554508,22.66051,000030,國道3號,0,404K+546,麟洛交流道,長治交流道,0000300140500T,NE,N,2,2
VD-N3-N-407.058-N-Loop,NFB-SR,0,1,5,1,120.54283,22.646841,000030,國道3號,0,407K+058,麟洛交流道,長治交流道,0000300140700T,NE,N,2,2
VD-N3-N-407-I-EN-1-Loop,NFB-SR,0,1,5,2,120.54157,22.645002,000030,國道3號,0,407K+300,竹田系統交流道,麟洛交流道,0000300140700T,NE,N,1,1
VD-N3-N-407-O-SE-1-Loop,NFB-SR,0,1,5,2,120.535278,22.632778,000030,國道3號,0,407K+300,竹田系統交流道,麟洛交流道,0000300140800T,N,N,1,1
VD-N3-N-407-O-SE-2-Loop,NFB-SR,0,1,5,2,120.536731,22.636014,000030,國道3號,0,407K+300,竹田系統交流道,麟洛交流道,0000301169020T,N,N,1,1
VD-N3-N-409.708-M-Loop,NFB-SR,0,1,5,1,120.5325,22.619722,000030,國道3號,0,409K+708,竹田系統交流道,麟洛交流道,0000300141000T,N,N,2,2
VD-N3-N-413.135-M-Loop,NFB-SR,0,1,5,1,120.524722,22.589444,000030,國道3號,0,413K+135,竹田系統交流道,麟洛交流道,0000300141300T,N,N,2,2
VD-N3-N-415-O-SW-21-LOOP,NFB-SR,0,1,5,2,120.525524,22.571431,100880,國道3號,0,415K+150,竹田系統交流道,麟洛交流道,1008801106060T,NW,N,1,1
VD-N3-N-415-I-EN-21-Loop,NFB-SR,0,1,5,2,120.528264,22.573831,000030,國道3號,0,415K+200,崁頂交流道,竹田系統交流道,0000301170050T,NW,N,1,1
VD-N3-N-415-I-WN-22-Loop,NFB-SR,0,1,5,2,120.528009,22.573732,000030,國道3號,0,415K+200,崁頂交流道,竹田系統交流道,0000301170060T,NE,N,1,1
VD-N3-N-415.306-N-Loop,NFB-SR,0,1,5,1,120.52737,22.57589,000030,國道3號,0,415K+306,崁頂交流道,竹田系統交流道,0000301170070T,N,N,2,2
VD-N3-N-415-O-SE-22-LOOP,NFB-SR,0,1,5,2,120.528778,22.568917,100880,國道3號,0,415K+520,崁頂交流道,竹田系統交流道,1008801006050T,NE,N,1,1
VD-N3-N-417.451-M-Loop,NFB-SR,0,1,5,1,120.521944,22.552222,000030,國道3號,0,417K+451,崁頂交流道,竹田系統交流道,0000300141800T,N,N,2,2
VD-N3-N-419.497-M-Loop,NFB-SR,0,1,5,1,120.519146,22.534216,000030,國道3號,0,419K+497,崁頂交流道,竹田系統交流道,0000300142000T,N,N,2,2
VD-N3-N-421-I-EN-1-Loop,NFB-SR,0,1,5,2,120.524561,22.517347,000030,國道3號,0,421K+200,南州交流道,崁頂交流道,0000301171000T,N,N,1,1
VD-N3-N-421.587-M-Loop,NFB-SR,0,1,5,1,120.52326,22.521692,000030,國道3號,0,421K+587,南州交流道,崁頂交流道,0000300142100T,N,N,2,2
VD-N3-N-422.787-M-Loop,NFB-SR,0,1,5,1,120.52502,22.50557,000030,國道3號,0,422K+787,南州交流道,崁頂交流道,0000300142300T,N,N,2,2
VD-N3-N-424.300-N-Loop,NFB-SR,0,1,5,1,120.52715,22.497744,000030,國道3號,0,424K+300,南州交流道,崁頂交流道,0000300142400T,N,N,2,2
VD-N3-N-424-I-EN-1-Loop,NFB-SR,0,1,5,2,120.528944,22.493892,000030,國道3號,0,424K+500,林邊交流道,南州交流道,0000301172050T,NW,N,2,2
VD-N3-N-424-I-EN-2-Loop,NFB-SR,0,1,5,2,120.530042,22.492292,000030,國道3號,0,424K+500,林邊交流道,南州交流道,0000301172030T,NW,N,1,1
VD-N3-N-424-O-SE-1-Loop,NFB-SR,0,1,5,2,120.530972,22.488111,000030,國道3號,0,424K+500,林邊交流道,南州交流道,0000301172000T,N,N,1,1
VD-N3-N-424-O-SE-2-Loop,NFB-SR,0,1,5,2,120.530639,22.4895,000030,國道3號,0,424K+500,林邊交流道,南州交流道,0000301172020T,N,N,1,1
VD-N3-N-424.764-M-Loop,NFB-SR,0,1,5,1,120.5306,22.48839,000030,國道3號,0,424K+764,林邊交流道,南州交流道,0000300142500T,N,N,2,2
VD-N3-N-426.676-M-Loop,NFB-SR,0,1,5,1,120.530064,22.471378,000030,國道3號,0,426K+676,林邊交流道,南州交流道,0000300142700T,N,N,2,2
VD-N3-N-428.628-M-Loop,NFB-SR,0,1,5,1,120.519444,22.456388,000030,國道3號,0,428K+628,林邊交流道,南州交流道,0000300142900T,NE,N,2,2
VD-N3-N-430-I-EN-1-Loop,NFB-SR,0,1,5,2,120.508898,22.447554,000030,國道3號,0,430K+500,大鵬灣端,林邊交流道,0000301173020T,NE,N,1,1
VD-N3-N-430-I-EN-2-Loop,NFB-SR,0,1,5,2,120.506361,22.445417,000030,國道3號,0,430K+500,大鵬灣端,林邊交流道,0000301173000T,N,N,1,1
VD-N3-N-430.504-M-Loop,NFB-SR,0,1,5,1,120.51099,22.449379,000030,國道3號,0,430K+504,大鵬灣端,林邊交流道,0000300143000T,NE,N,2,2
VD-N3-N-430.801-M-Loop,NFB-SR,0,1,5,1,120.50881,22.447626,000030,國道3號,0,430K+801,大鵬灣端,林邊交流道,0000301173030T,NE,N,2,2
VD-N3-N-431-I-EN-1-Loop,NFB-SR,0,1,5,2,120.50588,22.445263,000030,國道3號,0,431K+500,--交流道,大鵬灣端,0000301173030T,NE,N,1,1
VD-N8-E-0.000-M-Loop,NFB-SR,0,1,5,1,120.194597,23.079166,300171,國道8號,0,0K+000,台南端,新吉交流道,3001710100000D,NE,E,2,2
VD-N8-E-0.542-M-Loop,NFB-SR,0,1,5,1,120.198611,23.084166,000080,國道8號,0,0K+542,台南端,新吉交流道,0000800000260D,NE,E,2,2
VD-N8-E-1.312-M-Loop,NFB-SR,0,1,5,1,120.20458,23.088055,000080,國道8號,0,1K+312,台南端,新吉交流道,0000800000300D,NE,E,2,2
VD-N8-E-2.190-M-Loop,NFB-SR,0,1,5,1,120.213333,23.089444,000080,國道8號,0,2K+190,台南端,新吉交流道,0000801002000D,E,E,2,2
VD-N8-E-2-I-SE-1-Loop,NFB-SR,0,1,5,2,120.195542,23.080528,000080,國道8號,0,2K+400,新吉交流道,台南系統交流道,0000801001000D,NE,E,1,1
VD-N8-E-3.402-M-Loop,NFB-SR,0,1,5,1,120.223888,23.086666,000080,國道8號,0,3K+402,新吉交流道,台南系統交流道,0000800000500D,SE,E,2,2
VD-N8-E-4.592-M-Loop,NFB-SR,0,1,5,1,120.234166,23.08124,000080,國道8號,0,4K+592,新吉交流道,台南系統交流道,0000800000600D,SE,E,2,2
VD-N8-E-5.352-M-Loop,NFB-SR,0,1,5,1,120.241666,23.079777,000080,國道8號,0,5K+352,新吉交流道,台南系統交流道,0000800000700D,E,E,2,2
VD-N8-E-6-I-NE-22-Loop,NFB-SR,0,1,5,2,120.254955,23.077955,000080,國道8號,0,6K+500,台南系統交流道,新市交流道,0000801003050D,NE,E,1,1
VD-N8-E-6-I-SE-21-Loop,NFB-SR,0,1,5,2,120.254862,23.078003,000080,國道8號,0,6K+500,台南系統交流道,新市交流道,0000801003050D,NE,E,1,1
VD-N8-E-6.600-N-Loop,NFB-SR,0,1,5,1,120.23111,23.082212,000080,國道8號,0,6K+600,台南系統交流道,新市交流道,0000800000600D,SE,E,2,2
VD-N8-E-7.878-M-Loop,NFB-SR,0,1,5,1,120.26541,23.074444,000080,國道8號,0,7K+878,台南系統交流道,新市交流道,0000800001000D,SE,E,2,2
VD-N8-E-9-I-NE-1-Loop,NFB-SR,0,1,5,2,120.283762,23.060757,000080,國道8號,0,9K+700,新市交流道,新化系統交流道,0000801004030D,SE,E,1,1
VD-N8-E-9-O-WN-21-Loop,NFB-SR,0,1,5,2,120.277722,23.064611,000080,國道8號,0,9K+700,新市交流道,新化系統交流道,0000800001130D,SE,E,1,1
VD-N8-E-9-O-WN-22-Loop,NFB-SR,0,1,5,2,120.276989,23.064291,000080,國道8號,0,9K+700,新市交流道,新化系統交流道,0000801004020D,SE,E,1,1
VD-N8-E-9.773-N-Loop,NFB-SR,0,1,5,1,120.26121,23.076424,000080,國道8號,0,9K+773,新市交流道,新化系統交流道,0000800000950D,SE,E,2,2
VD-N8-E-12.410-M-Loop,NFB-SR,0,1,5,1,120.303333,23.05899,000080,國道8號,0,12K+410,新市交流道,新化系統交流道,0000800001430D,E,E,2,2
VD-N8-E-13.520-M-Loop,NFB-SR,0,1,5,1,120.313549,23.060043,000080,國道8號,0,13K+520,新市交流道,新化系統交流道,0000800001300D,E,E,3,3
VD-N8-E-14-I-NE-22-Loop,NFB-SR,0,1,5,2,120.32235,23.063291,000080,國道8號,0,14K+600,新化系統交流道,新化端,0000801005030D,N,E,1,1
VD-N8-E-14-I-SE-21-Loop,NFB-SR,0,1,5,2,120.323944,23.061979,000080,國道8號,0,14K+600,新化系統交流道,新化端,0000801005110D,NE,E,1,1
VD-N8-E-14.345-N-Loop,NFB-SR,0,1,5,1,120.328317,23.063186,000080,國道8號,0,14K+600,新化系統交流道,新化端,0000800001700D,E,E,2,2
VD-N8-W-0.000-M-Loop,NFB-SR,0,1,5,1,120.194444,23.079166,300171,國道8號,0,0K+000,新吉交流道,台南端,3001710000000D,SW,W,2,2
VD-N8-W-0.542-M-Loop,NFB-SR,0,1,5,1,120.198611,23.084244,000080,國道8號,0,0K+542,新吉交流道,台南端,0000800100260D,SW,W,2,2
VD-N8-W-1.312-M-Loop,NFB-SR,0,1,5,1,120.204444,23.088181,000080,國道8號,0,1K+312,新吉交流道,台南端,0000800100300D,SW,W,2,2
VD-N8-W-2-O-EN-1-Loop,NFB-SR,0,1,5,2,120.215278,23.08982,000080,國道8號,0,2K+400,台南系統交流道,新吉交流道,0000800100400D,W,W,1,1
VD-N8-W-3.362-M-Loop,NFB-SR,0,1,5,1,120.224166,23.086663,000080,國道8號,0,3K+362,台南系統交流道,新吉交流道,0000800100500D,NW,W,2,2
VD-N8-W-4.592-M-Loop,NFB-SR,0,1,5,1,120.234444,23.081277,000080,國道8號,0,4K+592,台南系統交流道,新吉交流道,0000800100700D,W,W,2,2
VD-N8-W-5.352-M-Loop,NFB-SR,0,1,5,1,120.241388,23.079921,000080,國道8號,0,5K+352,台南系統交流道,新吉交流道,0000800100700D,W,W,2,2
VD-N8-W-6-I-NW-21-Loop,NFB-SR,0,1,5,2,120.249823,23.079886,000080,國道8號,0,6K+500,新市交流道,台南系統交流道,0000801103060D,NW,W,1,1
VD-N8-W-6-I-SW-22-Loop,NFB-SR,0,1,5,2,120.253129,23.076818,000080,國道8號,0,6K+500,新市交流道,台南系統交流道,0000801103060D,NW,W,1,1
VD-N8-W-6-I-SW-22X-RS,NFB-SR,0,2,1,2,120.2526,23.0788,000080,國道8號,0,6K+500,新市交流道,台南系統交流道,0000801103060D,NW,W,1,1
VD-N8-W-6.520-N-Loop,NFB-SR,0,1,5,1,120.23005,23.08301,000080,國道8號,0,6K+520,新市交流道,台南系統交流道,0000800100600D,NW,W,2,2
VD-N8-W-8.073-M-Loop,NFB-SR,0,1,5,1,120.26683,23.073611,000080,國道8號,0,8K+073,新市交流道,台南系統交流道,0000800101000D,NW,W,2,2
VD-N8-W-9.700-N-Loop,NFB-SR,0,1,5,1,120.26021,23.077223,000080,國道8號,0,9K+700,新化系統交流道,新市交流道,0000800100960D,NW,W,2,2
VD-N8-W-9-I-NW-1A-Loop,NFB-SR,0,1,5,2,120.275214,23.066987,000080,國道8號,0,9K+700,新化系統交流道,新市交流道,0000801104040D,NW,W,1,1
VD-N8-W-9-I-NW-1B-Loop,NFB-SR,0,1,5,2,120.275119,23.066901,000080,國道8號,0,9K+700,新化系統交流道,新市交流道,0000801104030D,NW,W,1,1
VD-N8-W-9-O-EN-1-Loop,NFB-SR,0,1,5,2,120.279639,23.063833,000080,國道8號,0,9K+700,新化系統交流道,新市交流道,0000801104000D,NW,W,1,1
VD-N8-W-12.410-M-Loop,NFB-SR,0,1,5,1,120.303611,23.059166,000080,國道8號,0,12K+410,新化系統交流道,新市交流道,0000800101430D,W,W,2,2
VD-N8-W-14.155-N-Loop,NFB-SR,0,1,5,1,120.29717,23.058159,000080,國道8號,0,14K+155,新化系統交流道,新市交流道,0000800101420D,W,W,2,2
VD-N8-W-14-I-NW-21-Loop,NFB-SR,0,1,5,2,120.317038,23.064518,000080,國道8號,0,14K+600,新化端,新化系統交流道,0000801105050D,SW,W,1,1
VD-N8-W-14-I-SW-22-Loop,NFB-SR,0,1,5,2,120.317097,23.064365,000080,國道8號,0,14K+600,新化端,新化系統交流道,0000801105060D,NW,W,1,1
VD-N8-W-14.730-N-Loop,NFB-SR,0,1,5,1,120.324326,23.064362,000080,國道8號,0,14K+730,新化端,新化系統交流道,0000800101700D,W,W,2,2
VD-N10-E-0-I-SE-1-Loop,NFB-SR,0,1,5,2,120.313179,22.67946,000100,國道10號,0,0K+000,左營端,鼎金系統交流道,0001001001000E,E,E,1,1
VD-N10-E-0.864-M-Loop,NFB-SR,0,1,5,1,120.318912,22.67888,000100,國道10號,0,0K+864,左營端,鼎金系統交流道,0001000000000E,E,E,2,2
VD-N10-E-1-I-SE-1-Loop-民族,NFB-SR,0,1,5,2,120.32169,22.67751,000100,國道10號,0,1K+080,左營端,鼎金系統交流道,0001001001030E,SE,E,1,1
VD-N10-E-1.765-N-Loop,NFB-SR,0,1,5,1,120.328818,22.675142,000100,國道10號,0,1K+765,左營端,鼎金系統交流道,0001000000160E,E,E,2,2
VD-N10-E-1-I-SE-1B-Loop,NFB-SR,0,1,5,2,120.322314,22.677122,000100,國道10號,0,1K+900,鼎金系統交流道,仁武交流道,0001001001030E,SE,E,2,2
VD-N10-E-1-I-NE-1-Loop,NFB-SR,0,1,5,2,120.32867,22.67473,000100,國道10號,0,1K+900,鼎金系統交流道,仁武交流道,0001001002026E,NW,E,1,1
VD-N10-E-2.660-M-Loop,NFB-SR,0,1,5,1,120.335833,22.677777,000100,國道10號,0,2K+660,鼎金系統交流道,仁武交流道,0001000000200E,NE,E,3,3
VD-N10-E-3.466-M-Loop,NFB-SR,0,1,5,1,120.342777,22.681111,000100,國道10號,0,3K+466,鼎金系統交流道,仁武交流道,0001000000300E,NE,E,3,3
VD-N10-E-4.050-M-Loop,NFB-SR,0,1,5,1,120.348055,22.683333,000100,國道10號,0,4K+050,鼎金系統交流道,仁武交流道,0001000000300E,NE,E,3,3
VD-N10-E-4.919-M-Loop,NFB-SR,0,1,5,1,120.355277,22.687222,000100,國道10號,0,4K+919,鼎金系統交流道,仁武交流道,0001000000400E,NE,E,4,4
VD-N10-E-5.535-M-Loop,NFB-SR,0,1,5,1,120.357777,22.692222,000100,國道10號,0,5K+535,鼎金系統交流道,仁武交流道,0001000000500E,N,E,3,3
VD-N10-E-6-I-SE-1-Loop,NFB-SR,0,1,5,2,120.360443,22.705977,000100,國道10號,0,6K+700,仁武交流道,燕巢交流道,0001001003010E,N,E,1,1
VD-N10-E-6-O-WS-1-Loop,NFB-SR,0,1,5,2,120.358972,22.69775,000100,國道10號,0,6K+700,仁武交流道,燕巢交流道,0001001003000E,N,E,1,1
VD-N10-E-7.080-N-Loop,NFB-SR,0,1,5,1,120.36032,22.705984,000100,國道10號,0,7K+080,仁武交流道,燕巢交流道,0001000000600E,N,E,3,3
VD-N10-E-8.565-M-Loop,NFB-SR,0,1,5,1,120.359722,22.719444,000100,國道10號,0,8K+565,仁武交流道,燕巢交流道,0001000000800E,N,E,3,3
VD-N10-E-10.750-M-Loop,NFB-SR,0,1,5,1,120.361666,22.739166,000100,國道10號,0,10K+750,仁武交流道,燕巢交流道,0001000001000E,N,E,4,4
VD-N10-E-13-I-NE-1-Loop,NFB-SR,0,1,5,2,120.37118,22.755993,000100,國道10號,0,13K+000,燕巢交流道,燕巢系統交流道,0001000001230E,NE,E,1,1
VD-N10-E-13-O-WN-1-Loop,NFB-SR,0,1,5,2,120.370822,22.755431,000100,國道10號,0,13K+000,燕巢交流道,燕巢系統交流道,0001001004006E,NE,E,2,2
VD-N10-E-13-O-WS-21-LOOP,NFB-SR,0,1,5,2,120.371624,22.754845,000100,國道10號,0,13K+000,燕巢交流道,燕巢系統交流道,0001001004040E,E,E,1,1
VD-N10-E-13-I-SE-21-LOOP,NFB-SR,0,1,5,2,120.372105,22.755114,000100,國道10號,0,13K+000,燕巢交流道,燕巢系統交流道,0001001004050E,N,E,1,1
VD-N10-E-13-I-SE-31,NFB-SR,0,1,5,2,120.3725248,22.7565251,000100,國道10號,0,13K+000,燕巢交流道,燕巢系統交流道,0001001004033E,NE,E,1,1
VD-N10-E-13-O-WN-22,NFB-SR,0,1,5,2,120.3707249,22.7553456,000100,國道10號,0,13K+000,燕巢交流道,燕巢系統交流道,0001001004006E,NE,E,3,3
VD-N10-E-13.032-N-Loop,NFB-SR,0,1,5,1,120.371445,22.756138,000100,國道10號,0,13K+032,燕巢交流道,燕巢系統交流道,0001000001230E,NE,E,3,3
VD-N10-E-15.352-M-Loop,NFB-SR,0,1,5,1,120.3925,22.762777,000100,國道10號,0,15K+352,燕巢交流道,燕巢系統交流道,0001000001500E,NE,E,3,3
VD-N10-E-17.252-M-Loop,NFB-SR,0,1,5,1,120.408055,22.771111,000100,國道10號,0,17K+252,燕巢交流道,燕巢系統交流道,0001000001600E,NE,E,3,3
VD-N10-E-17.662-M-Loop,NFB-SR,0,1,5,1,120.412385,22.772816,000100,國道10號,0,17K+662,燕巢交流道,燕巢系統交流道,0001000001700E,NE,E,4,4
VD-N10-E-19.392-N-Loop,NFB-SR,0,1,5,1,120.42761,22.786978,000100,國道10號,0,19K+392,燕巢交流道,燕巢系統交流道,0001000001900E,NE,E,2,2
VD-N10-E-19-I-NE-1A-Loop,NFB-SR,0,1,5,2,120.42628,22.784834,000100,國道10號,0,19K+700,燕巢系統交流道,嶺口交流道,0001000001930E,NE,E,1,1
VD-N10-E-19-I-SE-1B-Loop,NFB-SR,0,1,5,2,120.425278,22.783056,000100,國道10號,0,19K+700,燕巢系統交流道,嶺口交流道,0001000001900E,NE,E,1,1
VD-N10-E-21.502-M-Loop,NFB-SR,0,1,5,1,120.438611,22.796111,000100,國道10號,0,21K+502,燕巢系統交流道,嶺口交流道,0001000002100E,E,E,3,3
VD-N10-E-22-O-WN-1-Loop,NFB-SR,0,1,5,2,120.451639,22.796694,000100,國道10號,0,22K+600,嶺口交流道,里港交流道,0001001006000E,E,E,1,1
VD-N10-E-22-O-WN-2-Loop,NFB-SR,0,1,5,2,120.45825,22.798361,000100,國道10號,0,22K+600,嶺口交流道,里港交流道,0001001006020E,E,E,1,1
VD-N10-E-23.112-M-Loop,NFB-SR,0,1,5,1,120.453781,22.7973,000100,國道10號,0,23K+112,嶺口交流道,里港交流道,0001000002240E,E,E,2,2
VD-N10-E-25-O-WS-1-Loop,NFB-SR,0,1,5,2,120.47418,22.79966,000100,國道10號,0,25K+100,里港交流道,旗山端,0001001007000T,E,E,2,2
VD-N10-E-26.052-M-Loop,NFB-SR,0,1,5,1,120.480277,22.804166,000100,國道10號,0,26K+052,里港交流道,旗山端,0001000002500T,NE,E,2,2
VD-N10-E-28.552-M-Loop,NFB-SR,0,1,5,1,120.488055,22.825,000100,國道10號,0,28K+552,里港交流道,旗山端,0001000002800T,N,E,2,2
VD-N10-E-31.452-M-Loop,NFB-SR,0,1,5,1,120.494722,22.849722,000100,國道10號,0,31K+452,里港交流道,旗山端,0001000003110E,N,E,2,2
VD-N10-E-33.450-M-Loop,NFB-SR,0,1,5,1,120.4929,22.866219,000100,國道10號,0,33K+450,里港交流道,旗山端,0001000003300E,NE,E,3,3
VD-N10-E-33-O-WS-1-Loop,NFB-SR,0,1,5,2,120.494861,22.868833,000100,國道10號,0,33K+800,旗山端,--交流道,0001001008010E,NE,E,1,1
VD-N10-W-1-I-SW-1A-Loop,NFB-SR,0,1,5,2,120.32972,22.66988,000100,國道10號,0,0K+000,鼎金系統交流道,左營端,0001001102050E,N,W,2,2
VD-N10-W-0-O-EN-1-Loop,NFB-SR,0,1,5,2,120.317222,22.679361,000100,國道10號,0,0K+000,鼎金系統交流道,左營端,0001001101000E,W,W,1,1
VD-N10-W-0.894-M-Loop,NFB-SR,0,1,5,1,120.318962,22.679002,000100,國道10號,0,0K+894,鼎金系統交流道,左營端,0001000100040E,NW,W,2,2
VD-N10-W-1-I-NW-1B-RS,NFB-SR,0,2,1,2,120.33179,22.675913,000100,國道10號,0,1K+900,仁武交流道,鼎金系統交流道,0001000100170E,W,W,1,1
VD-N10-W-2.581-M-Loop,NFB-SR,0,1,5,1,120.335,22.6775,000100,國道10號,0,2K+581,仁武交流道,鼎金系統交流道,0001000100210E,SW,W,3,3
VD-N10-W-3.273-M-Loop,NFB-SR,0,1,5,1,120.341111,22.680277,000100,國道10號,0,3K+273,仁武交流道,鼎金系統交流道,0001000100210E,SW,W,3,3
VD-N10-W-4.090-M-Loop,NFB-SR,0,1,5,1,120.348333,22.683611,000100,國道10號,0,4K+090,仁武交流道,鼎金系統交流道,0001000100300E,SW,W,3,3
VD-N10-W-4.845-M-Loop,NFB-SR,0,1,5,1,120.354722,22.686944,000100,國道10號,0,4K+845,仁武交流道,鼎金系統交流道,0001000100400E,SW,W,3,3
VD-N10-W-5.575-M-Loop,NFB-SR,0,1,5,1,120.3575,22.6925,000100,國道10號,0,5K+575,仁武交流道,鼎金系統交流道,0001000100500E,S,W,3,3
VD-N10-W-6.290-N-Loop,NFB-SR,0,1,5,1,120.35946,22.701624,000100,國道10號,0,6K+290,仁武交流道,鼎金系統交流道,0001000100600E,S,W,3,3
VD-N10-W-6-I-NW-1-Loop,NFB-SR,0,1,5,2,120.358622,22.697793,000100,國道10號,0,6K+700,燕巢交流道,仁武交流道,0001001103000E,S,W,1,1
VD-N10-W-6-O-EN-1-Loop,NFB-SR,0,1,5,2,120.360278,22.707583,000100,國道10號,0,6K+700,燕巢交流道,仁武交流道,0001000100600E,S,W,1,1
VD-N10-W-8.180-M-Loop,NFB-SR,0,1,5,1,120.359716,22.716041,000100,國道10號,0,8K+180,燕巢交流道,仁武交流道,0001000100800E,S,W,4,4
VD-N10-W-9.645-M-Loop,NFB-SR,0,1,5,1,120.360277,22.729444,000100,國道10號,0,9K+645,燕巢交流道,仁武交流道,0001000100900E,S,W,3,3
VD-N10-W-10.812-M-Loop,NFB-SR,0,1,5,1,120.361666,22.739444,000100,國道10號,0,10K+812,燕巢交流道,仁武交流道,0001000101000E,S,W,3,3
VD-N10-W-12.862-N-Loop,NFB-SR,0,1,5,1,120.372246,22.756763,000100,國道10號,0,12K+862,燕巢交流道,仁武交流道,0001000101230E,SW,W,3,3
VD-N10-W-13-I-NW-1-Loop,NFB-SR,0,1,5,2,120.369722,22.756389,000100,國道10號,0,13K+000,燕巢系統交流道,燕巢交流道,0001001104083E,S,W,1,1
VD-N10-W-13-O-EN-1-Loop,NFB-SR,0,1,5,2,120.371861,22.757056,000100,國道10號,0,13K+000,燕巢系統交流道,燕巢交流道,0001001104006E,W,W,2,2
VD-N10-W-13-O-ES-22-LOOP,NFB-SR,0,1,5,2,120.370548,22.756533,000100,國道10號,0,13K+000,燕巢系統交流道,燕巢交流道,0001001104040E,SW,W,2,2
VD-N10-W-13-I-SW-22-LOOP,NFB-SR,0,1,5,2,120.370166,22.756254,000100,國道10號,0,13K+000,燕巢系統交流道,燕巢交流道,0001001104090E,SW,W,2,2
VD-N10-W-13-I-NW-2,NFB-SR,0,1,5,2,120.3690009,22.7552133,000100,國道10號,0,13K+000,燕巢系統交流道,燕巢交流道,0001001104086E,SW,W,2,2
VD-N10-W-13-O-EN-2,NFB-SR,0,1,5,2,120.3704312,22.7568215,000100,國道10號,0,13K+000,燕巢系統交流道,燕巢交流道,0001001104003E,W,W,1,1
VD-N10-W-15.352-M-Loop,NFB-SR,0,1,5,1,120.392777,22.763055,000100,國道10號,0,15K+352,燕巢系統交流道,燕巢交流道,0001000101500E,SW,W,3,3
VD-N10-W-17.252-M-Loop,NFB-SR,0,1,5,1,120.408611,22.771666,000100,國道10號,0,17K+252,燕巢系統交流道,燕巢交流道,0001000101700E,SW,W,3,3
VD-N10-W-19-I-NW-1B-Loop,NFB-SR,0,1,5,2,120.426807,22.786211,000100,國道10號,0,19K+700,嶺口交流道,燕巢系統交流道,0001001105030E,NW,W,2,2
VD-N10-W-19-I-SW-1A-Loop,NFB-SR,0,1,5,2,120.42668,22.786173,000100,國道10號,0,19K+700,嶺口交流道,燕巢系統交流道,0001001105030E,NW,W,1,1
VD-N10-W-20.000-N-Loop,NFB-SR,0,1,5,1,120.429085,22.789423,000100,國道10號,0,20K+000,嶺口交流道,燕巢系統交流道,0001000101950E,SW,W,2,2
VD-N10-W-21.427-M-Loop,NFB-SR,0,1,5,1,120.438055,22.795833,000100,國道10號,0,21K+427,嶺口交流道,燕巢系統交流道,0001000102100E,W,W,2,2
VD-N10-W-22-I-NW-1-Loop,NFB-SR,0,1,5,2,120.456667,22.797778,000100,國道10號,0,22K+600,里港交流道,嶺口交流道,0001001106020E,W,W,1,1
VD-N10-W-22-I-NW-2-Loop,NFB-SR,0,1,5,2,120.45165,22.796944,000100,國道10號,0,22K+600,里港交流道,嶺口交流道,0001000102240E,W,W,1,1
VD-N10-W-23.112-M-Loop,NFB-SR,0,1,5,1,120.45659,22.797459,000100,國道10號,0,23K+112,里港交流道,嶺口交流道,0001000102300E,W,W,2,2
VD-N10-W-25.055-M-Loop,NFB-SR,0,1,5,1,120.47265,22.79935,000100,國道10號,0,25K+055,里港交流道,嶺口交流道,0001000102470T,SW,W,2,2
VD-N10-W-25-I-SW-1-Loop,NFB-SR,0,1,5,2,120.47853,22.79982,000100,國道10號,0,25K+100,旗山端,里港交流道,0001001107000T,W,W,1,1
VD-N10-W-26.052-M-Loop,NFB-SR,0,1,5,1,120.480555,22.804722,000100,國道10號,0,26K+052,旗山端,里港交流道,0001000102500T,SW,W,2,2
VD-N10-W-28.552-M-Loop,NFB-SR,0,1,5,1,120.488055,22.825277,000100,國道10號,0,28K+552,旗山端,里港交流道,0001000102800T,S,W,2,2
VD-N10-W-31.452-M-Loop,NFB-SR,0,1,5,1,120.494444,22.849444,000100,國道10號,0,31K+452,旗山端,里港交流道,0001000103110E,S,W,2,2
VD-N10-W-33-I-NW-1-Loop,NFB-SR,0,1,5,2,120.494722,22.86925,000100,國道10號,0,33K+800,--交流道,旗山端,0001001108010E,SW,W,1,1
